window,level,vol_filter,split,target_mult,stop_mult,n,hit,stop_rate,exp_atr
10_00_10_30,vah,V0,train,0.3,0.5,183,0.46994535519125685,0.5300546448087432,-0.12404371584699453
10_00_10_30,vah,V0,oos,0.3,0.5,14,0.5714285714285714,0.42857142857142855,-0.042857142857142864
10_00_10_30,vah,V0,train,0.3,0.75,183,0.6174863387978142,0.3825136612021858,-0.1016393442622951
10_00_10_30,vah,V0,oos,0.3,0.75,14,0.5714285714285714,0.42857142857142855,-0.15
10_00_10_30,vah,V0,train,0.3,1.0,183,0.7049180327868853,0.29508196721311475,-0.08360655737704921
10_00_10_30,vah,V0,oos,0.3,1.0,14,0.7142857142857143,0.2857142857142857,-0.07142857142857142
10_00_10_30,vah,V0,train,0.3,1.5,183,0.7704918032786885,0.22950819672131148,-0.11311475409836066
10_00_10_30,vah,V0,oos,0.3,1.5,14,0.7857142857142857,0.21428571428571427,-0.08571428571428573
10_00_10_30,vah,V0,train,0.5,0.5,183,0.41530054644808745,0.5846994535519126,-0.08469945355191257
10_00_10_30,vah,V0,oos,0.5,0.5,14,0.5714285714285714,0.42857142857142855,0.07142857142857142
10_00_10_30,vah,V0,train,0.5,0.75,183,0.5573770491803278,0.4426229508196721,-0.05327868852459016
10_00_10_30,vah,V0,oos,0.5,0.75,14,0.5714285714285714,0.42857142857142855,-0.03571428571428571
10_00_10_30,vah,V0,train,0.5,1.0,183,0.6338797814207651,0.36065573770491804,-0.04371584699453552
10_00_10_30,vah,V0,oos,0.5,1.0,14,0.6428571428571429,0.35714285714285715,-0.03571428571428571
10_00_10_30,vah,V0,train,0.5,1.5,183,0.6830601092896175,0.3114754098360656,-0.12568306010928962
10_00_10_30,vah,V0,oos,0.5,1.5,14,0.7142857142857143,0.2857142857142857,-0.07142857142857142
10_00_10_30,vah,V0,train,0.75,0.5,183,0.3442622950819672,0.6557377049180327,-0.06967213114754098
10_00_10_30,vah,V0,oos,0.75,0.5,14,0.5,0.5,0.125
10_00_10_30,vah,V0,train,0.75,0.75,183,0.4918032786885246,0.5081967213114754,-0.012295081967213115
10_00_10_30,vah,V0,oos,0.75,0.75,14,0.5,0.5,0.0
10_00_10_30,vah,V0,train,0.75,1.0,183,0.5573770491803278,0.43169398907103823,-0.01366120218579235
10_00_10_30,vah,V0,oos,0.75,1.0,14,0.5,0.5,-0.125
10_00_10_30,vah,V0,train,0.75,1.5,183,0.6065573770491803,0.3770491803278688,-0.11065573770491803
10_00_10_30,vah,V0,oos,0.75,1.5,14,0.6428571428571429,0.35714285714285715,-0.05357142857142857
10_00_10_30,vah,V0,train,1.0,0.5,183,0.30601092896174864,0.6939890710382514,-0.040983606557377046
10_00_10_30,vah,V0,oos,1.0,0.5,14,0.5,0.5,0.25
10_00_10_30,vah,V0,train,1.0,0.75,183,0.43169398907103823,0.5683060109289617,0.00546448087431694
10_00_10_30,vah,V0,oos,1.0,0.75,14,0.5,0.5,0.125
10_00_10_30,vah,V0,train,1.0,1.0,183,0.5081967213114754,0.4808743169398907,0.0273224043715847
10_00_10_30,vah,V0,oos,1.0,1.0,14,0.5,0.5,0.0
10_00_10_30,vah,V0,train,1.0,1.5,183,0.5519125683060109,0.43169398907103823,-0.09562841530054644
10_00_10_30,vah,V0,oos,1.0,1.5,14,0.6428571428571429,0.35714285714285715,0.10714285714285714
10_00_10_30,vah,V0,train,1.5,0.5,183,0.2459016393442623,0.7540983606557377,-0.00819672131147541
10_00_10_30,vah,V0,oos,1.5,0.5,14,0.35714285714285715,0.6428571428571429,0.21428571428571427
10_00_10_30,vah,V0,train,1.5,0.75,183,0.33879781420765026,0.639344262295082,0.028688524590163935
10_00_10_30,vah,V0,oos,1.5,0.75,14,0.35714285714285715,0.6428571428571429,0.05357142857142857
10_00_10_30,vah,V0,train,1.5,1.0,183,0.3989071038251366,0.5628415300546448,0.03551912568306011
10_00_10_30,vah,V0,oos,1.5,1.0,14,0.35714285714285715,0.6428571428571429,-0.10714285714285714
10_00_10_30,vah,V0,train,1.5,1.5,183,0.44808743169398907,0.5027322404371585,-0.08196721311475409
10_00_10_30,vah,V0,oos,1.5,1.5,14,0.5,0.5,0.0
10_00_10_30,vah,V1,train,0.3,0.5,69,0.463768115942029,0.5362318840579711,-0.1289855072463768
10_00_10_30,vah,V1,oos,0.3,0.5,3,0.6666666666666666,0.3333333333333333,0.033333333333333326
10_00_10_30,vah,V1,train,0.3,0.75,69,0.5942028985507246,0.4057971014492754,-0.12608695652173915
10_00_10_30,vah,V1,oos,0.3,0.75,3,0.6666666666666666,0.3333333333333333,-0.05000000000000001
10_00_10_30,vah,V1,train,0.3,1.0,69,0.6666666666666666,0.3333333333333333,-0.13333333333333336
10_00_10_30,vah,V1,oos,0.3,1.0,3,1.0,0.0,0.3
10_00_10_30,vah,V1,train,0.3,1.5,69,0.7536231884057971,0.2463768115942029,-0.14347826086956522
10_00_10_30,vah,V1,oos,0.3,1.5,3,1.0,0.0,0.3
10_00_10_30,vah,V1,train,0.5,0.5,69,0.43478260869565216,0.5652173913043478,-0.06521739130434782
10_00_10_30,vah,V1,oos,0.5,0.5,3,0.6666666666666666,0.3333333333333333,0.16666666666666666
10_00_10_30,vah,V1,train,0.5,0.75,69,0.5507246376811594,0.4492753623188406,-0.06159420289855073
10_00_10_30,vah,V1,oos,0.5,0.75,3,0.6666666666666666,0.3333333333333333,0.08333333333333333
10_00_10_30,vah,V1,train,0.5,1.0,69,0.6086956521739131,0.391304347826087,-0.08695652173913043
10_00_10_30,vah,V1,oos,0.5,1.0,3,1.0,0.0,0.5
10_00_10_30,vah,V1,train,0.5,1.5,69,0.7101449275362319,0.2898550724637681,-0.07971014492753623
10_00_10_30,vah,V1,oos,0.5,1.5,3,1.0,0.0,0.5
10_00_10_30,vah,V1,train,0.75,0.5,69,0.37681159420289856,0.6231884057971014,-0.028985507246376812
10_00_10_30,vah,V1,oos,0.75,0.5,3,0.6666666666666666,0.3333333333333333,0.3333333333333333
10_00_10_30,vah,V1,train,0.75,0.75,69,0.5072463768115942,0.4927536231884058,0.010869565217391304
10_00_10_30,vah,V1,oos,0.75,0.75,3,0.6666666666666666,0.3333333333333333,0.25
10_00_10_30,vah,V1,train,0.75,1.0,69,0.5362318840579711,0.463768115942029,-0.06159420289855073
10_00_10_30,vah,V1,oos,0.75,1.0,3,0.6666666666666666,0.3333333333333333,0.16666666666666666
10_00_10_30,vah,V1,train,0.75,1.5,69,0.6231884057971014,0.36231884057971014,-0.07608695652173914
10_00_10_30,vah,V1,oos,0.75,1.5,3,0.6666666666666666,0.3333333333333333,0.0
10_00_10_30,vah,V1,train,1.0,0.5,69,0.3188405797101449,0.6811594202898551,-0.021739130434782608
10_00_10_30,vah,V1,oos,1.0,0.5,3,0.6666666666666666,0.3333333333333333,0.5
10_00_10_30,vah,V1,train,1.0,0.75,69,0.42028985507246375,0.5797101449275363,-0.014492753623188406
10_00_10_30,vah,V1,oos,1.0,0.75,3,0.6666666666666666,0.3333333333333333,0.4166666666666667
10_00_10_30,vah,V1,train,1.0,1.0,69,0.4782608695652174,0.5217391304347826,-0.043478260869565216
10_00_10_30,vah,V1,oos,1.0,1.0,3,0.6666666666666666,0.3333333333333333,0.3333333333333333
10_00_10_30,vah,V1,train,1.0,1.5,69,0.5507246376811594,0.43478260869565216,-0.10144927536231885
10_00_10_30,vah,V1,oos,1.0,1.5,3,0.6666666666666666,0.3333333333333333,0.16666666666666666
10_00_10_30,vah,V1,train,1.5,0.5,69,0.2463768115942029,0.7536231884057971,-0.007246376811594203
10_00_10_30,vah,V1,oos,1.5,0.5,3,0.6666666666666666,0.3333333333333333,0.8333333333333334
10_00_10_30,vah,V1,train,1.5,0.75,69,0.34782608695652173,0.6521739130434783,0.03260869565217391
10_00_10_30,vah,V1,oos,1.5,0.75,3,0.6666666666666666,0.3333333333333333,0.75
10_00_10_30,vah,V1,train,1.5,1.0,69,0.37681159420289856,0.6231884057971014,-0.057971014492753624
10_00_10_30,vah,V1,oos,1.5,1.0,3,0.6666666666666666,0.3333333333333333,0.6666666666666666
10_00_10_30,vah,V1,train,1.5,1.5,69,0.4492753623188406,0.5217391304347826,-0.10869565217391304
10_00_10_30,vah,V1,oos,1.5,1.5,3,0.6666666666666666,0.3333333333333333,0.5
10_00_10_30,vah,V2,train,0.3,0.5,55,0.4727272727272727,0.5272727272727272,-0.12181818181818183
10_00_10_30,vah,V2,oos,0.3,0.5,3,0.0,1.0,-0.5
10_00_10_30,vah,V2,train,0.3,0.75,55,0.6,0.4,-0.12
10_00_10_30,vah,V2,oos,0.3,0.75,3,0.0,1.0,-0.75
10_00_10_30,vah,V2,train,0.3,1.0,55,0.6909090909090909,0.3090909090909091,-0.10181818181818181
10_00_10_30,vah,V2,oos,0.3,1.0,3,0.3333333333333333,0.6666666666666666,-0.5666666666666667
10_00_10_30,vah,V2,train,0.3,1.5,55,0.7818181818181819,0.21818181818181817,-0.09272727272727273
10_00_10_30,vah,V2,oos,0.3,1.5,3,0.6666666666666666,0.3333333333333333,-0.3
10_00_10_30,vah,V2,train,0.5,0.5,55,0.4,0.6,-0.1
10_00_10_30,vah,V2,oos,0.5,0.5,3,0.0,1.0,-0.5
10_00_10_30,vah,V2,train,0.5,0.75,55,0.509090909090909,0.4909090909090909,-0.11363636363636363
10_00_10_30,vah,V2,oos,0.5,0.75,3,0.0,1.0,-0.75
10_00_10_30,vah,V2,train,0.5,1.0,55,0.6181818181818182,0.38181818181818183,-0.07272727272727272
10_00_10_30,vah,V2,oos,0.5,1.0,3,0.0,1.0,-1.0
10_00_10_30,vah,V2,train,0.5,1.5,55,0.7090909090909091,0.2909090909090909,-0.08181818181818182
10_00_10_30,vah,V2,oos,0.5,1.5,3,0.3333333333333333,0.6666666666666666,-0.8333333333333334
10_00_10_30,vah,V2,train,0.75,0.5,55,0.3090909090909091,0.6909090909090909,-0.11363636363636363
10_00_10_30,vah,V2,oos,0.75,0.5,3,0.0,1.0,-0.5
10_00_10_30,vah,V2,train,0.75,0.75,55,0.43636363636363634,0.5636363636363636,-0.09545454545454546
10_00_10_30,vah,V2,oos,0.75,0.75,3,0.0,1.0,-0.75
10_00_10_30,vah,V2,train,0.75,1.0,55,0.5272727272727272,0.4727272727272727,-0.07727272727272727
10_00_10_30,vah,V2,oos,0.75,1.0,3,0.0,1.0,-1.0
10_00_10_30,vah,V2,train,0.75,1.5,55,0.6,0.38181818181818183,-0.12272727272727273
10_00_10_30,vah,V2,oos,0.75,1.5,3,0.3333333333333333,0.6666666666666666,-0.75
10_00_10_30,vah,V2,train,1.0,0.5,55,0.21818181818181817,0.7818181818181819,-0.17272727272727273
10_00_10_30,vah,V2,oos,1.0,0.5,3,0.0,1.0,-0.5
10_00_10_30,vah,V2,train,1.0,0.75,55,0.34545454545454546,0.6545454545454545,-0.14545454545454545
10_00_10_30,vah,V2,oos,1.0,0.75,3,0.0,1.0,-0.75
10_00_10_30,vah,V2,train,1.0,1.0,55,0.43636363636363634,0.5636363636363636,-0.12727272727272726
10_00_10_30,vah,V2,oos,1.0,1.0,3,0.0,1.0,-1.0
10_00_10_30,vah,V2,train,1.0,1.5,55,0.509090909090909,0.4727272727272727,-0.2
10_00_10_30,vah,V2,oos,1.0,1.5,3,0.3333333333333333,0.6666666666666666,-0.6666666666666666
10_00_10_30,vah,V2,train,1.5,0.5,55,0.2,0.8,-0.1
10_00_10_30,vah,V2,oos,1.5,0.5,3,0.0,1.0,-0.5
10_00_10_30,vah,V2,train,1.5,0.75,55,0.2545454545454545,0.7272727272727273,-0.16363636363636364
10_00_10_30,vah,V2,oos,1.5,0.75,3,0.0,1.0,-0.75
10_00_10_30,vah,V2,train,1.5,1.0,55,0.32727272727272727,0.6545454545454545,-0.16363636363636364
10_00_10_30,vah,V2,oos,1.5,1.0,3,0.0,1.0,-1.0
10_00_10_30,vah,V2,train,1.5,1.5,55,0.41818181818181815,0.5272727272727272,-0.16363636363636364
10_00_10_30,vah,V2,oos,1.5,1.5,3,0.3333333333333333,0.6666666666666666,-0.5
10_00_10_30,vah,V3,train,0.3,0.5,21,0.42857142857142855,0.5714285714285714,-0.15714285714285717
10_00_10_30,vah,V3,train,0.3,0.75,21,0.5714285714285714,0.42857142857142855,-0.15000000000000002
10_00_10_30,vah,V3,train,0.3,1.0,21,0.6666666666666666,0.3333333333333333,-0.13333333333333333
10_00_10_30,vah,V3,train,0.3,1.5,21,0.7619047619047619,0.23809523809523808,-0.1285714285714286
10_00_10_30,vah,V3,train,0.5,0.5,21,0.38095238095238093,0.6190476190476191,-0.11904761904761904
10_00_10_30,vah,V3,train,0.5,0.75,21,0.47619047619047616,0.5238095238095238,-0.15476190476190477
10_00_10_30,vah,V3,train,0.5,1.0,21,0.5714285714285714,0.42857142857142855,-0.14285714285714285
10_00_10_30,vah,V3,train,0.5,1.5,21,0.7619047619047619,0.23809523809523808,0.023809523809523808
10_00_10_30,vah,V3,train,0.75,0.5,21,0.3333333333333333,0.6666666666666666,-0.08333333333333333
10_00_10_30,vah,V3,train,0.75,0.75,21,0.42857142857142855,0.5714285714285714,-0.10714285714285714
10_00_10_30,vah,V3,train,0.75,1.0,21,0.47619047619047616,0.5238095238095238,-0.16666666666666666
10_00_10_30,vah,V3,train,0.75,1.5,21,0.6190476190476191,0.3333333333333333,-0.03571428571428571
10_00_10_30,vah,V3,train,1.0,0.5,21,0.19047619047619047,0.8095238095238095,-0.21428571428571427
10_00_10_30,vah,V3,train,1.0,0.75,21,0.3333333333333333,0.6666666666666666,-0.16666666666666666
10_00_10_30,vah,V3,train,1.0,1.0,21,0.38095238095238093,0.6190476190476191,-0.23809523809523808
10_00_10_30,vah,V3,train,1.0,1.5,21,0.5238095238095238,0.42857142857142855,-0.11904761904761904
10_00_10_30,vah,V3,train,1.5,0.5,21,0.14285714285714285,0.8571428571428571,-0.21428571428571427
10_00_10_30,vah,V3,train,1.5,0.75,21,0.23809523809523808,0.7619047619047619,-0.21428571428571427
10_00_10_30,vah,V3,train,1.5,1.0,21,0.23809523809523808,0.7619047619047619,-0.40476190476190477
10_00_10_30,vah,V3,train,1.5,1.5,21,0.38095238095238093,0.5238095238095238,-0.21428571428571427
10_00_10_30,poc,V0,train,0.3,0.5,181,0.49171270718232046,0.5082872928176796,-0.10662983425414366
10_00_10_30,poc,V0,oos,0.3,0.5,12,0.5833333333333334,0.4166666666666667,-0.033333333333333326
10_00_10_30,poc,V0,train,0.3,0.75,181,0.6519337016574586,0.34806629834254144,-0.06546961325966852
10_00_10_30,poc,V0,oos,0.3,0.75,12,0.75,0.25,0.03749999999999998
10_00_10_30,poc,V0,train,0.3,1.0,181,0.7403314917127072,0.2596685082872928,-0.037569060773480684
10_00_10_30,poc,V0,oos,0.3,1.0,12,0.9166666666666666,0.08333333333333333,0.19166666666666665
10_00_10_30,poc,V0,train,0.3,1.5,181,0.8287292817679558,0.1712707182320442,-0.008287292817679558
10_00_10_30,poc,V0,oos,0.3,1.5,12,1.0,0.0,0.3
10_00_10_30,poc,V0,train,0.5,0.5,181,0.4198895027624309,0.580110497237569,-0.08011049723756906
10_00_10_30,poc,V0,oos,0.5,0.5,12,0.5833333333333334,0.4166666666666667,0.08333333333333333
10_00_10_30,poc,V0,train,0.5,0.75,181,0.569060773480663,0.430939226519337,-0.03867403314917127
10_00_10_30,poc,V0,oos,0.5,0.75,12,0.75,0.25,0.1875
10_00_10_30,poc,V0,train,0.5,1.0,181,0.6629834254143646,0.3370165745856354,-0.0055248618784530384
10_00_10_30,poc,V0,oos,0.5,1.0,12,0.9166666666666666,0.08333333333333333,0.375
10_00_10_30,poc,V0,train,0.5,1.5,181,0.7403314917127072,0.2541436464088398,-0.011049723756906077
10_00_10_30,poc,V0,oos,0.5,1.5,12,0.9166666666666666,0.08333333333333333,0.3333333333333333
10_00_10_30,poc,V0,train,0.75,0.5,181,0.3812154696132597,0.6187845303867403,-0.023480662983425413
10_00_10_30,poc,V0,oos,0.75,0.5,12,0.5,0.5,0.125
10_00_10_30,poc,V0,train,0.75,0.75,181,0.5193370165745856,0.48066298342541436,0.029005524861878452
10_00_10_30,poc,V0,oos,0.75,0.75,12,0.6666666666666666,0.3333333333333333,0.25
10_00_10_30,poc,V0,train,0.75,1.0,181,0.6022099447513812,0.39779005524861877,0.05386740331491713
10_00_10_30,poc,V0,oos,0.75,1.0,12,0.75,0.25,0.3125
10_00_10_30,poc,V0,train,0.75,1.5,181,0.6850828729281768,0.30939226519337015,0.049723756906077346
10_00_10_30,poc,V0,oos,0.75,1.5,12,0.75,0.25,0.1875
10_00_10_30,poc,V0,train,1.0,0.5,181,0.287292817679558,0.712707182320442,-0.06906077348066299
10_00_10_30,poc,V0,oos,1.0,0.5,12,0.5,0.5,0.25
10_00_10_30,poc,V0,train,1.0,0.75,181,0.4198895027624309,0.580110497237569,-0.015193370165745856
10_00_10_30,poc,V0,oos,1.0,0.75,12,0.6666666666666666,0.3333333333333333,0.4166666666666667
10_00_10_30,poc,V0,train,1.0,1.0,181,0.5027624309392266,0.4861878453038674,0.016574585635359115
10_00_10_30,poc,V0,oos,1.0,1.0,12,0.75,0.25,0.5
10_00_10_30,poc,V0,train,1.0,1.5,181,0.580110497237569,0.3812154696132597,0.008287292817679558
10_00_10_30,poc,V0,oos,1.0,1.5,12,0.75,0.25,0.375
10_00_10_30,poc,V0,train,1.5,0.5,181,0.2154696132596685,0.7790055248618785,-0.06629834254143646
10_00_10_30,poc,V0,oos,1.5,0.5,12,0.5,0.5,0.5
10_00_10_30,poc,V0,train,1.5,0.75,181,0.32044198895027626,0.6629834254143646,-0.016574585635359115
10_00_10_30,poc,V0,oos,1.5,0.75,12,0.5833333333333334,0.4166666666666667,0.5625
10_00_10_30,poc,V0,train,1.5,1.0,181,0.39226519337016574,0.580110497237569,0.008287292817679558
10_00_10_30,poc,V0,oos,1.5,1.0,12,0.6666666666666666,0.3333333333333333,0.6666666666666666
10_00_10_30,poc,V0,train,1.5,1.5,181,0.44751381215469616,0.4419889502762431,0.008287292817679558
10_00_10_30,poc,V0,oos,1.5,1.5,12,0.6666666666666666,0.25,0.625
10_00_10_30,poc,V1,train,0.3,0.5,61,0.36065573770491804,0.639344262295082,-0.21147540983606558
10_00_10_30,poc,V1,oos,0.3,0.5,5,0.6,0.4,-0.020000000000000018
10_00_10_30,poc,V1,train,0.3,0.75,61,0.5573770491803278,0.4426229508196721,-0.16475409836065574
10_00_10_30,poc,V1,oos,0.3,0.75,5,0.6,0.4,-0.12000000000000002
10_00_10_30,poc,V1,train,0.3,1.0,61,0.6721311475409836,0.32786885245901637,-0.12622950819672132
10_00_10_30,poc,V1,oos,0.3,1.0,5,0.8,0.2,0.039999999999999994
10_00_10_30,poc,V1,train,0.3,1.5,61,0.819672131147541,0.18032786885245902,-0.02459016393442623
10_00_10_30,poc,V1,oos,0.3,1.5,5,1.0,0.0,0.3
10_00_10_30,poc,V1,train,0.5,0.5,61,0.36065573770491804,0.639344262295082,-0.13934426229508196
10_00_10_30,poc,V1,oos,0.5,0.5,5,0.6,0.4,0.1
10_00_10_30,poc,V1,train,0.5,0.75,61,0.5245901639344263,0.47540983606557374,-0.0942622950819672
10_00_10_30,poc,V1,oos,0.5,0.75,5,0.6,0.4,0.0
10_00_10_30,poc,V1,train,0.5,1.0,61,0.639344262295082,0.36065573770491804,-0.040983606557377046
10_00_10_30,poc,V1,oos,0.5,1.0,5,0.8,0.2,0.2
10_00_10_30,poc,V1,train,0.5,1.5,61,0.7704918032786885,0.22950819672131148,0.040983606557377046
10_00_10_30,poc,V1,oos,0.5,1.5,5,0.8,0.2,0.1
10_00_10_30,poc,V1,train,0.75,0.5,61,0.32786885245901637,0.6721311475409836,-0.09016393442622951
10_00_10_30,poc,V1,oos,0.75,0.5,5,0.6,0.4,0.25
10_00_10_30,poc,V1,train,0.75,0.75,61,0.45901639344262296,0.5409836065573771,-0.06147540983606557
10_00_10_30,poc,V1,oos,0.75,0.75,5,0.6,0.4,0.15
10_00_10_30,poc,V1,train,0.75,1.0,61,0.5409836065573771,0.45901639344262296,-0.05327868852459016
10_00_10_30,poc,V1,oos,0.75,1.0,5,0.6,0.4,0.05
10_00_10_30,poc,V1,train,0.75,1.5,61,0.6885245901639344,0.3114754098360656,0.04918032786885246
10_00_10_30,poc,V1,oos,0.75,1.5,5,0.6,0.4,-0.15
10_00_10_30,poc,V1,train,1.0,0.5,61,0.2786885245901639,0.7213114754098361,-0.08196721311475409
10_00_10_30,poc,V1,oos,1.0,0.5,5,0.6,0.4,0.4
10_00_10_30,poc,V1,train,1.0,0.75,61,0.36065573770491804,0.639344262295082,-0.11885245901639344
10_00_10_30,poc,V1,oos,1.0,0.75,5,0.6,0.4,0.3
10_00_10_30,poc,V1,train,1.0,1.0,61,0.4426229508196721,0.5573770491803278,-0.11475409836065574
10_00_10_30,poc,V1,oos,1.0,1.0,5,0.6,0.4,0.2
10_00_10_30,poc,V1,train,1.0,1.5,61,0.5901639344262295,0.3770491803278688,0.02459016393442623
10_00_10_30,poc,V1,oos,1.0,1.5,5,0.6,0.4,0.0
10_00_10_30,poc,V1,train,1.5,0.5,61,0.18032786885245902,0.819672131147541,-0.13934426229508196
10_00_10_30,poc,V1,oos,1.5,0.5,5,0.6,0.4,0.7
10_00_10_30,poc,V1,train,1.5,0.75,61,0.26229508196721313,0.7377049180327869,-0.1598360655737705
10_00_10_30,poc,V1,oos,1.5,0.75,5,0.6,0.4,0.6
10_00_10_30,poc,V1,train,1.5,1.0,61,0.3442622950819672,0.6557377049180327,-0.13934426229508196
10_00_10_30,poc,V1,oos,1.5,1.0,5,0.6,0.4,0.5
10_00_10_30,poc,V1,train,1.5,1.5,61,0.45901639344262296,0.4426229508196721,0.02459016393442623
10_00_10_30,poc,V1,oos,1.5,1.5,5,0.6,0.4,0.3
10_00_10_30,poc,V2,train,0.3,0.5,55,0.4727272727272727,0.5272727272727272,-0.12181818181818183
10_00_10_30,poc,V2,oos,0.3,0.5,2,1.0,0.0,0.3
10_00_10_30,poc,V2,train,0.3,0.75,55,0.6181818181818182,0.38181818181818183,-0.10090909090909092
10_00_10_30,poc,V2,oos,0.3,0.75,2,1.0,0.0,0.3
10_00_10_30,poc,V2,train,0.3,1.0,55,0.7090909090909091,0.2909090909090909,-0.0781818181818182
10_00_10_30,poc,V2,oos,0.3,1.0,2,1.0,0.0,0.3
10_00_10_30,poc,V2,train,0.3,1.5,55,0.7818181818181819,0.21818181818181817,-0.09272727272727273
10_00_10_30,poc,V2,oos,0.3,1.5,2,1.0,0.0,0.3
10_00_10_30,poc,V2,train,0.5,0.5,55,0.45454545454545453,0.5454545454545454,-0.045454545454545456
10_00_10_30,poc,V2,oos,0.5,0.5,2,1.0,0.0,0.5
10_00_10_30,poc,V2,train,0.5,0.75,55,0.5636363636363636,0.43636363636363634,-0.045454545454545456
10_00_10_30,poc,V2,oos,0.5,0.75,2,1.0,0.0,0.5
10_00_10_30,poc,V2,train,0.5,1.0,55,0.6727272727272727,0.32727272727272727,0.00909090909090909
10_00_10_30,poc,V2,oos,0.5,1.0,2,1.0,0.0,0.5
10_00_10_30,poc,V2,train,0.5,1.5,55,0.7454545454545455,0.2545454545454545,-0.00909090909090909
10_00_10_30,poc,V2,oos,0.5,1.5,2,1.0,0.0,0.5
10_00_10_30,poc,V2,train,0.75,0.5,55,0.4,0.6,0.0
10_00_10_30,poc,V2,oos,0.75,0.5,2,1.0,0.0,0.75
10_00_10_30,poc,V2,train,0.75,0.75,55,0.4909090909090909,0.509090909090909,-0.013636363636363636
10_00_10_30,poc,V2,oos,0.75,0.75,2,1.0,0.0,0.75
10_00_10_30,poc,V2,train,0.75,1.0,55,0.5818181818181818,0.41818181818181815,0.01818181818181818
10_00_10_30,poc,V2,oos,0.75,1.0,2,1.0,0.0,0.75
10_00_10_30,poc,V2,train,0.75,1.5,55,0.6727272727272727,0.32727272727272727,0.013636363636363636
10_00_10_30,poc,V2,oos,0.75,1.5,2,1.0,0.0,0.75
10_00_10_30,poc,V2,train,1.0,0.5,55,0.3090909090909091,0.6909090909090909,-0.03636363636363636
10_00_10_30,poc,V2,oos,1.0,0.5,2,1.0,0.0,1.0
10_00_10_30,poc,V2,train,1.0,0.75,55,0.38181818181818183,0.6181818181818182,-0.08181818181818182
10_00_10_30,poc,V2,oos,1.0,0.75,2,1.0,0.0,1.0
10_00_10_30,poc,V2,train,1.0,1.0,55,0.4727272727272727,0.509090909090909,-0.03636363636363636
10_00_10_30,poc,V2,oos,1.0,1.0,2,1.0,0.0,1.0
10_00_10_30,poc,V2,train,1.0,1.5,55,0.5454545454545454,0.38181818181818183,-0.02727272727272727
10_00_10_30,poc,V2,oos,1.0,1.5,2,1.0,0.0,1.0
10_00_10_30,poc,V2,train,1.5,0.5,55,0.21818181818181817,0.7818181818181819,-0.06363636363636363
10_00_10_30,poc,V2,oos,1.5,0.5,2,1.0,0.0,1.5
10_00_10_30,poc,V2,train,1.5,0.75,55,0.2909090909090909,0.7090909090909091,-0.09545454545454546
10_00_10_30,poc,V2,oos,1.5,0.75,2,1.0,0.0,1.5
10_00_10_30,poc,V2,train,1.5,1.0,55,0.34545454545454546,0.6363636363636364,-0.11818181818181818
10_00_10_30,poc,V2,oos,1.5,1.0,2,1.0,0.0,1.5
10_00_10_30,poc,V2,train,1.5,1.5,55,0.4,0.43636363636363634,-0.05454545454545454
10_00_10_30,poc,V2,oos,1.5,1.5,2,1.0,0.0,1.5
10_00_10_30,poc,V3,train,0.3,0.5,17,0.35294117647058826,0.6470588235294118,-0.21764705882352942
10_00_10_30,poc,V3,oos,0.3,0.5,2,1.0,0.0,0.3
10_00_10_30,poc,V3,train,0.3,0.75,17,0.5882352941176471,0.4117647058823529,-0.1323529411764706
10_00_10_30,poc,V3,oos,0.3,0.75,2,1.0,0.0,0.3
10_00_10_30,poc,V3,train,0.3,1.0,17,0.6470588235294118,0.35294117647058826,-0.15882352941176472
10_00_10_30,poc,V3,oos,0.3,1.0,2,1.0,0.0,0.3
10_00_10_30,poc,V3,train,0.3,1.5,17,0.8235294117647058,0.17647058823529413,-0.0176470588235294
10_00_10_30,poc,V3,oos,0.3,1.5,2,1.0,0.0,0.3
10_00_10_30,poc,V3,train,0.5,0.5,17,0.35294117647058826,0.6470588235294118,-0.14705882352941177
10_00_10_30,poc,V3,oos,0.5,0.5,2,1.0,0.0,0.5
10_00_10_30,poc,V3,train,0.5,0.75,17,0.5294117647058824,0.47058823529411764,-0.08823529411764706
10_00_10_30,poc,V3,oos,0.5,0.75,2,1.0,0.0,0.5
10_00_10_30,poc,V3,train,0.5,1.0,17,0.5882352941176471,0.4117647058823529,-0.11764705882352941
10_00_10_30,poc,V3,oos,0.5,1.0,2,1.0,0.0,0.5
10_00_10_30,poc,V3,train,0.5,1.5,17,0.7647058823529411,0.23529411764705882,0.029411764705882353
10_00_10_30,poc,V3,oos,0.5,1.5,2,1.0,0.0,0.5
10_00_10_30,poc,V3,train,0.75,0.5,17,0.23529411764705882,0.7647058823529411,-0.20588235294117646
10_00_10_30,poc,V3,oos,0.75,0.5,2,1.0,0.0,0.75
10_00_10_30,poc,V3,train,0.75,0.75,17,0.4117647058823529,0.5882352941176471,-0.1323529411764706
10_00_10_30,poc,V3,oos,0.75,0.75,2,1.0,0.0,0.75
10_00_10_30,poc,V3,train,0.75,1.0,17,0.47058823529411764,0.5294117647058824,-0.17647058823529413
10_00_10_30,poc,V3,oos,0.75,1.0,2,1.0,0.0,0.75
10_00_10_30,poc,V3,train,0.75,1.5,17,0.6470588235294118,0.35294117647058826,-0.04411764705882353
10_00_10_30,poc,V3,oos,0.75,1.5,2,1.0,0.0,0.75
10_00_10_30,poc,V3,train,1.0,0.5,17,0.17647058823529413,0.8235294117647058,-0.23529411764705882
10_00_10_30,poc,V3,oos,1.0,0.5,2,1.0,0.0,1.0
10_00_10_30,poc,V3,train,1.0,0.75,17,0.29411764705882354,0.7058823529411765,-0.23529411764705882
10_00_10_30,poc,V3,oos,1.0,0.75,2,1.0,0.0,1.0
10_00_10_30,poc,V3,train,1.0,1.0,17,0.35294117647058826,0.6470588235294118,-0.29411764705882354
10_00_10_30,poc,V3,oos,1.0,1.0,2,1.0,0.0,1.0
10_00_10_30,poc,V3,train,1.0,1.5,17,0.5294117647058824,0.4117647058823529,-0.08823529411764706
10_00_10_30,poc,V3,oos,1.0,1.5,2,1.0,0.0,1.0
10_00_10_30,poc,V3,train,1.5,0.5,17,0.17647058823529413,0.8235294117647058,-0.14705882352941177
10_00_10_30,poc,V3,oos,1.5,0.5,2,1.0,0.0,1.5
10_00_10_30,poc,V3,train,1.5,0.75,17,0.29411764705882354,0.7058823529411765,-0.08823529411764706
10_00_10_30,poc,V3,oos,1.5,0.75,2,1.0,0.0,1.5
10_00_10_30,poc,V3,train,1.5,1.0,17,0.29411764705882354,0.7058823529411765,-0.2647058823529412
10_00_10_30,poc,V3,oos,1.5,1.0,2,1.0,0.0,1.5
10_00_10_30,poc,V3,train,1.5,1.5,17,0.4117647058823529,0.47058823529411764,-0.08823529411764706
10_00_10_30,poc,V3,oos,1.5,1.5,2,1.0,0.0,1.5
09_30_10_00,vah,V0,train,0.3,0.5,20,0.45,0.55,-0.14
09_30_10_00,vah,V0,oos,0.3,0.5,2,0.5,0.5,-0.1
09_30_10_00,vah,V0,train,0.3,0.75,20,0.6,0.4,-0.12000000000000002
09_30_10_00,vah,V0,oos,0.3,0.75,2,0.5,0.5,-0.225
09_30_10_00,vah,V0,train,0.3,1.0,20,0.65,0.35,-0.155
09_30_10_00,vah,V0,oos,0.3,1.0,2,1.0,0.0,0.3
09_30_10_00,vah,V0,train,0.3,1.5,20,0.7,0.25,-0.16499999999999998
09_30_10_00,vah,V0,oos,0.3,1.5,2,1.0,0.0,0.3
09_30_10_00,vah,V0,train,0.5,0.5,20,0.45,0.55,-0.05
09_30_10_00,vah,V0,oos,0.5,0.5,2,0.0,1.0,-0.5
09_30_10_00,vah,V0,train,0.5,0.75,20,0.5,0.5,-0.125
09_30_10_00,vah,V0,oos,0.5,0.75,2,0.5,0.5,-0.125
09_30_10_00,vah,V0,train,0.5,1.0,20,0.55,0.45,-0.175
09_30_10_00,vah,V0,oos,0.5,1.0,2,0.5,0.5,-0.25
09_30_10_00,vah,V0,train,0.5,1.5,20,0.6,0.35,-0.225
09_30_10_00,vah,V0,oos,0.5,1.5,2,0.5,0.5,-0.5
09_30_10_00,vah,V0,train,0.75,0.5,20,0.3,0.7,-0.125
09_30_10_00,vah,V0,oos,0.75,0.5,2,0.0,1.0,-0.5
09_30_10_00,vah,V0,train,0.75,0.75,20,0.35,0.6,-0.1875
09_30_10_00,vah,V0,oos,0.75,0.75,2,0.5,0.5,0.0
09_30_10_00,vah,V0,train,0.75,1.0,20,0.45,0.5,-0.1625
09_30_10_00,vah,V0,oos,0.75,1.0,2,0.5,0.5,-0.125
09_30_10_00,vah,V0,train,0.75,1.5,20,0.5,0.4,-0.225
09_30_10_00,vah,V0,oos,0.75,1.5,2,0.5,0.5,-0.375
09_30_10_00,vah,V0,train,1.0,0.5,20,0.2,0.8,-0.2
09_30_10_00,vah,V0,oos,1.0,0.5,2,0.0,1.0,-0.5
09_30_10_00,vah,V0,train,1.0,0.75,20,0.25,0.7,-0.275
09_30_10_00,vah,V0,oos,1.0,0.75,2,0.5,0.5,0.125
09_30_10_00,vah,V0,train,1.0,1.0,20,0.4,0.55,-0.15
09_30_10_00,vah,V0,oos,1.0,1.0,2,0.5,0.5,0.0
09_30_10_00,vah,V0,train,1.0,1.5,20,0.45,0.45,-0.225
09_30_10_00,vah,V0,oos,1.0,1.5,2,0.5,0.5,-0.25
09_30_10_00,vah,V0,train,1.5,0.5,20,0.2,0.8,-0.1
09_30_10_00,vah,V0,oos,1.5,0.5,2,0.0,1.0,-0.5
09_30_10_00,vah,V0,train,1.5,0.75,20,0.25,0.7,-0.15
09_30_10_00,vah,V0,oos,1.5,0.75,2,0.5,0.5,0.375
09_30_10_00,vah,V0,train,1.5,1.0,20,0.4,0.55,0.05
09_30_10_00,vah,V0,oos,1.5,1.0,2,0.5,0.5,0.25
09_30_10_00,vah,V0,train,1.5,1.5,20,0.45,0.45,0.0
09_30_10_00,vah,V0,oos,1.5,1.5,2,0.5,0.5,0.0
09_30_10_00,vah,V1,train,0.3,0.5,3,0.3333333333333333,0.6666666666666666,-0.2333333333333333
09_30_10_00,vah,V1,train,0.3,0.75,3,0.6666666666666666,0.3333333333333333,-0.05000000000000001
09_30_10_00,vah,V1,train,0.3,1.0,3,0.6666666666666666,0.3333333333333333,-0.13333333333333333
09_30_10_00,vah,V1,train,0.3,1.5,3,0.6666666666666666,0.3333333333333333,-0.3
09_30_10_00,vah,V1,train,0.5,0.5,3,0.3333333333333333,0.6666666666666666,-0.16666666666666666
09_30_10_00,vah,V1,train,0.5,0.75,3,0.3333333333333333,0.6666666666666666,-0.3333333333333333
09_30_10_00,vah,V1,train,0.5,1.0,3,0.3333333333333333,0.6666666666666666,-0.5
09_30_10_00,vah,V1,train,0.5,1.5,3,0.3333333333333333,0.6666666666666666,-0.8333333333333334
09_30_10_00,vah,V1,train,0.75,0.5,3,0.0,1.0,-0.5
09_30_10_00,vah,V1,train,0.75,0.75,3,0.0,1.0,-0.75
09_30_10_00,vah,V1,train,0.75,1.0,3,0.0,1.0,-1.0
09_30_10_00,vah,V1,train,0.75,1.5,3,0.0,1.0,-1.5
09_30_10_00,vah,V1,train,1.0,0.5,3,0.0,1.0,-0.5
09_30_10_00,vah,V1,train,1.0,0.75,3,0.0,1.0,-0.75
09_30_10_00,vah,V1,train,1.0,1.0,3,0.0,1.0,-1.0
09_30_10_00,vah,V1,train,1.0,1.5,3,0.0,1.0,-1.5
09_30_10_00,vah,V1,train,1.5,0.5,3,0.0,1.0,-0.5
09_30_10_00,vah,V1,train,1.5,0.75,3,0.0,1.0,-0.75
09_30_10_00,vah,V1,train,1.5,1.0,3,0.0,1.0,-1.0
09_30_10_00,vah,V1,train,1.5,1.5,3,0.0,1.0,-1.5
09_30_10_00,vah,V2,train,0.3,0.5,7,0.42857142857142855,0.5714285714285714,-0.15714285714285717
09_30_10_00,vah,V2,train,0.3,0.75,7,0.42857142857142855,0.5714285714285714,-0.3
09_30_10_00,vah,V2,train,0.3,1.0,7,0.5714285714285714,0.42857142857142855,-0.2571428571428572
09_30_10_00,vah,V2,train,0.3,1.5,7,0.7142857142857143,0.2857142857142857,-0.21428571428571427
09_30_10_00,vah,V2,train,0.5,0.5,7,0.42857142857142855,0.5714285714285714,-0.07142857142857142
09_30_10_00,vah,V2,train,0.5,0.75,7,0.42857142857142855,0.5714285714285714,-0.21428571428571427
09_30_10_00,vah,V2,train,0.5,1.0,7,0.5714285714285714,0.42857142857142855,-0.14285714285714285
09_30_10_00,vah,V2,train,0.5,1.5,7,0.7142857142857143,0.2857142857142857,-0.07142857142857142
09_30_10_00,vah,V2,train,0.75,0.5,7,0.42857142857142855,0.5714285714285714,0.03571428571428571
09_30_10_00,vah,V2,train,0.75,0.75,7,0.42857142857142855,0.5714285714285714,-0.10714285714285714
09_30_10_00,vah,V2,train,0.75,1.0,7,0.5714285714285714,0.42857142857142855,0.0
09_30_10_00,vah,V2,train,0.75,1.5,7,0.7142857142857143,0.2857142857142857,0.10714285714285714
09_30_10_00,vah,V2,train,1.0,0.5,7,0.42857142857142855,0.5714285714285714,0.14285714285714285
09_30_10_00,vah,V2,train,1.0,0.75,7,0.42857142857142855,0.5714285714285714,0.0
09_30_10_00,vah,V2,train,1.0,1.0,7,0.5714285714285714,0.42857142857142855,0.14285714285714285
09_30_10_00,vah,V2,train,1.0,1.5,7,0.7142857142857143,0.2857142857142857,0.2857142857142857
09_30_10_00,vah,V2,train,1.5,0.5,7,0.42857142857142855,0.5714285714285714,0.35714285714285715
09_30_10_00,vah,V2,train,1.5,0.75,7,0.42857142857142855,0.5714285714285714,0.21428571428571427
09_30_10_00,vah,V2,train,1.5,1.0,7,0.5714285714285714,0.42857142857142855,0.42857142857142855
09_30_10_00,vah,V2,train,1.5,1.5,7,0.7142857142857143,0.2857142857142857,0.6428571428571429
09_30_10_00,vah,V3,train,0.3,0.5,1,0.0,1.0,-0.5
09_30_10_00,vah,V3,train,0.3,0.75,1,0.0,1.0,-0.75
09_30_10_00,vah,V3,train,0.3,1.0,1,0.0,1.0,-1.0
09_30_10_00,vah,V3,train,0.3,1.5,1,0.0,1.0,-1.5
09_30_10_00,vah,V3,train,0.5,0.5,1,0.0,1.0,-0.5
09_30_10_00,vah,V3,train,0.5,0.75,1,0.0,1.0,-0.75
09_30_10_00,vah,V3,train,0.5,1.0,1,0.0,1.0,-1.0
09_30_10_00,vah,V3,train,0.5,1.5,1,0.0,1.0,-1.5
09_30_10_00,vah,V3,train,0.75,0.5,1,0.0,1.0,-0.5
09_30_10_00,vah,V3,train,0.75,0.75,1,0.0,1.0,-0.75
09_30_10_00,vah,V3,train,0.75,1.0,1,0.0,1.0,-1.0
09_30_10_00,vah,V3,train,0.75,1.5,1,0.0,1.0,-1.5
09_30_10_00,vah,V3,train,1.0,0.5,1,0.0,1.0,-0.5
09_30_10_00,vah,V3,train,1.0,0.75,1,0.0,1.0,-0.75
09_30_10_00,vah,V3,train,1.0,1.0,1,0.0,1.0,-1.0
09_30_10_00,vah,V3,train,1.0,1.5,1,0.0,1.0,-1.5
09_30_10_00,vah,V3,train,1.5,0.5,1,0.0,1.0,-0.5
09_30_10_00,vah,V3,train,1.5,0.75,1,0.0,1.0,-0.75
09_30_10_00,vah,V3,train,1.5,1.0,1,0.0,1.0,-1.0
09_30_10_00,vah,V3,train,1.5,1.5,1,0.0,1.0,-1.5
09_30_10_00,poc,V0,train,0.3,0.5,35,0.42857142857142855,0.5714285714285714,-0.15714285714285714
09_30_10_00,poc,V0,oos,0.3,0.5,2,0.5,0.5,-0.1
09_30_10_00,poc,V0,train,0.3,0.75,35,0.6,0.4,-0.12000000000000001
09_30_10_00,poc,V0,oos,0.3,0.75,2,0.5,0.5,-0.225
09_30_10_00,poc,V0,train,0.3,1.0,35,0.6571428571428571,0.34285714285714286,-0.14571428571428574
09_30_10_00,poc,V0,oos,0.3,1.0,2,0.5,0.5,-0.35
09_30_10_00,poc,V0,train,0.3,1.5,35,0.8,0.2,-0.05999999999999999
09_30_10_00,poc,V0,oos,0.3,1.5,2,0.5,0.5,-0.6
09_30_10_00,poc,V0,train,0.5,0.5,35,0.42857142857142855,0.5714285714285714,-0.07142857142857142
09_30_10_00,poc,V0,oos,0.5,0.5,2,0.5,0.5,0.0
09_30_10_00,poc,V0,train,0.5,0.75,35,0.5714285714285714,0.42857142857142855,-0.03571428571428571
09_30_10_00,poc,V0,oos,0.5,0.75,2,0.5,0.5,-0.125
09_30_10_00,poc,V0,train,0.5,1.0,35,0.6571428571428571,0.34285714285714286,-0.014285714285714285
09_30_10_00,poc,V0,oos,0.5,1.0,2,0.5,0.5,-0.25
09_30_10_00,poc,V0,train,0.5,1.5,35,0.8,0.2,0.1
09_30_10_00,poc,V0,oos,0.5,1.5,2,0.5,0.5,-0.5
09_30_10_00,poc,V0,train,0.75,0.5,35,0.34285714285714286,0.6571428571428571,-0.07142857142857142
09_30_10_00,poc,V0,oos,0.75,0.5,2,0.5,0.5,0.125
09_30_10_00,poc,V0,train,0.75,0.75,35,0.4857142857142857,0.5142857142857142,-0.02142857142857143
09_30_10_00,poc,V0,oos,0.75,0.75,2,0.5,0.5,0.0
09_30_10_00,poc,V0,train,0.75,1.0,35,0.5142857142857142,0.4857142857142857,-0.1
09_30_10_00,poc,V0,oos,0.75,1.0,2,0.5,0.5,-0.125
09_30_10_00,poc,V0,train,0.75,1.5,35,0.6571428571428571,0.34285714285714286,-0.02142857142857143
09_30_10_00,poc,V0,oos,0.75,1.5,2,0.5,0.5,-0.375
09_30_10_00,poc,V0,train,1.0,0.5,35,0.2857142857142857,0.7142857142857143,-0.07142857142857142
09_30_10_00,poc,V0,oos,1.0,0.5,2,0.5,0.5,0.25
09_30_10_00,poc,V0,train,1.0,0.75,35,0.37142857142857144,0.6285714285714286,-0.1
09_30_10_00,poc,V0,oos,1.0,0.75,2,0.5,0.5,0.125
09_30_10_00,poc,V0,train,1.0,1.0,35,0.4,0.5714285714285714,-0.17142857142857143
09_30_10_00,poc,V0,oos,1.0,1.0,2,0.5,0.5,0.0
09_30_10_00,poc,V0,train,1.0,1.5,35,0.5428571428571428,0.42857142857142855,-0.1
09_30_10_00,poc,V0,oos,1.0,1.5,2,0.5,0.5,-0.25
09_30_10_00,poc,V0,train,1.5,0.5,35,0.2,0.8,-0.1
09_30_10_00,poc,V0,oos,1.5,0.5,2,0.5,0.5,0.5
09_30_10_00,poc,V0,train,1.5,0.75,35,0.2857142857142857,0.7142857142857143,-0.10714285714285714
09_30_10_00,poc,V0,oos,1.5,0.75,2,0.5,0.5,0.375
09_30_10_00,poc,V0,train,1.5,1.0,35,0.3142857142857143,0.6285714285714286,-0.15714285714285714
09_30_10_00,poc,V0,oos,1.5,1.0,2,0.5,0.5,0.25
09_30_10_00,poc,V0,train,1.5,1.5,35,0.4857142857142857,0.45714285714285713,0.04285714285714286
09_30_10_00,poc,V0,oos,1.5,1.5,2,0.5,0.5,0.0
09_30_10_00,poc,V1,train,0.3,0.5,11,0.45454545454545453,0.5454545454545454,-0.13636363636363635
09_30_10_00,poc,V1,train,0.3,0.75,11,0.6363636363636364,0.36363636363636365,-0.0818181818181818
09_30_10_00,poc,V1,train,0.3,1.0,11,0.7272727272727273,0.2727272727272727,-0.05454545454545456
09_30_10_00,poc,V1,train,0.3,1.5,11,0.8181818181818182,0.18181818181818182,-0.027272727272727296
09_30_10_00,poc,V1,train,0.5,0.5,11,0.45454545454545453,0.5454545454545454,-0.045454545454545456
09_30_10_00,poc,V1,train,0.5,0.75,11,0.5454545454545454,0.45454545454545453,-0.06818181818181818
09_30_10_00,poc,V1,train,0.5,1.0,11,0.7272727272727273,0.2727272727272727,0.09090909090909091
09_30_10_00,poc,V1,train,0.5,1.5,11,0.8181818181818182,0.18181818181818182,0.13636363636363635
09_30_10_00,poc,V1,train,0.75,0.5,11,0.45454545454545453,0.5454545454545454,0.06818181818181818
09_30_10_00,poc,V1,train,0.75,0.75,11,0.5454545454545454,0.45454545454545453,0.06818181818181818
09_30_10_00,poc,V1,train,0.75,1.0,11,0.6363636363636364,0.36363636363636365,0.11363636363636363
09_30_10_00,poc,V1,train,0.75,1.5,11,0.7272727272727273,0.2727272727272727,0.13636363636363635
09_30_10_00,poc,V1,train,1.0,0.5,11,0.2727272727272727,0.7272727272727273,-0.09090909090909091
09_30_10_00,poc,V1,train,1.0,0.75,11,0.36363636363636365,0.6363636363636364,-0.11363636363636363
09_30_10_00,poc,V1,train,1.0,1.0,11,0.45454545454545453,0.5454545454545454,-0.09090909090909091
09_30_10_00,poc,V1,train,1.0,1.5,11,0.5454545454545454,0.45454545454545453,-0.13636363636363635
09_30_10_00,poc,V1,train,1.5,0.5,11,0.09090909090909091,0.9090909090909091,-0.3181818181818182
09_30_10_00,poc,V1,train,1.5,0.75,11,0.09090909090909091,0.9090909090909091,-0.5454545454545454
09_30_10_00,poc,V1,train,1.5,1.0,11,0.18181818181818182,0.7272727272727273,-0.45454545454545453
09_30_10_00,poc,V1,train,1.5,1.5,11,0.36363636363636365,0.5454545454545454,-0.2727272727272727
09_30_10_00,poc,V2,train,0.3,0.5,14,0.5714285714285714,0.42857142857142855,-0.042857142857142864
09_30_10_00,poc,V2,train,0.3,0.75,14,0.5714285714285714,0.42857142857142855,-0.15
09_30_10_00,poc,V2,train,0.3,1.0,14,0.6428571428571429,0.35714285714285715,-0.1642857142857143
09_30_10_00,poc,V2,train,0.3,1.5,14,0.8571428571428571,0.14285714285714285,0.04285714285714283
09_30_10_00,poc,V2,train,0.5,0.5,14,0.5714285714285714,0.42857142857142855,0.07142857142857142
09_30_10_00,poc,V2,train,0.5,0.75,14,0.5714285714285714,0.42857142857142855,-0.03571428571428571
09_30_10_00,poc,V2,train,0.5,1.0,14,0.6428571428571429,0.35714285714285715,-0.03571428571428571
09_30_10_00,poc,V2,train,0.5,1.5,14,0.8571428571428571,0.14285714285714285,0.21428571428571427
09_30_10_00,poc,V2,train,0.75,0.5,14,0.42857142857142855,0.5714285714285714,0.03571428571428571
09_30_10_00,poc,V2,train,0.75,0.75,14,0.5,0.5,0.0
09_30_10_00,poc,V2,train,0.75,1.0,14,0.5,0.5,-0.125
09_30_10_00,poc,V2,train,0.75,1.5,14,0.7142857142857143,0.2857142857142857,0.10714285714285714
09_30_10_00,poc,V2,train,1.0,0.5,14,0.42857142857142855,0.5714285714285714,0.14285714285714285
09_30_10_00,poc,V2,train,1.0,0.75,14,0.42857142857142855,0.5714285714285714,0.0
09_30_10_00,poc,V2,train,1.0,1.0,14,0.42857142857142855,0.5,-0.07142857142857142
09_30_10_00,poc,V2,train,1.0,1.5,14,0.6428571428571429,0.2857142857142857,0.21428571428571427
09_30_10_00,poc,V2,train,1.5,0.5,14,0.35714285714285715,0.6428571428571429,0.21428571428571427
09_30_10_00,poc,V2,train,1.5,0.75,14,0.42857142857142855,0.5714285714285714,0.21428571428571427
09_30_10_00,poc,V2,train,1.5,1.0,14,0.42857142857142855,0.5,0.14285714285714285
09_30_10_00,poc,V2,train,1.5,1.5,14,0.6428571428571429,0.2857142857142857,0.5357142857142857
09_30_10_00,poc,V3,train,0.3,0.5,2,0.5,0.5,-0.1
09_30_10_00,poc,V3,train,0.3,0.75,2,0.5,0.5,-0.225
09_30_10_00,poc,V3,train,0.3,1.0,2,0.5,0.5,-0.35
09_30_10_00,poc,V3,train,0.3,1.5,2,1.0,0.0,0.3
09_30_10_00,poc,V3,train,0.5,0.5,2,0.5,0.5,0.0
09_30_10_00,poc,V3,train,0.5,0.75,2,0.5,0.5,-0.125
09_30_10_00,poc,V3,train,0.5,1.0,2,0.5,0.5,-0.25
09_30_10_00,poc,V3,train,0.5,1.5,2,1.0,0.0,0.5
09_30_10_00,poc,V3,train,0.75,0.5,2,0.5,0.5,0.125
09_30_10_00,poc,V3,train,0.75,0.75,2,0.5,0.5,0.0
09_30_10_00,poc,V3,train,0.75,1.0,2,0.5,0.5,-0.125
09_30_10_00,poc,V3,train,0.75,1.5,2,1.0,0.0,0.75
09_30_10_00,poc,V3,train,1.0,0.5,2,0.5,0.5,0.25
09_30_10_00,poc,V3,train,1.0,0.75,2,0.5,0.5,0.125
09_30_10_00,poc,V3,train,1.0,1.0,2,0.5,0.5,0.0
09_30_10_00,poc,V3,train,1.0,1.5,2,1.0,0.0,1.0
09_30_10_00,poc,V3,train,1.5,0.5,2,0.5,0.5,0.5
09_30_10_00,poc,V3,train,1.5,0.75,2,0.5,0.5,0.375
09_30_10_00,poc,V3,train,1.5,1.0,2,0.5,0.5,0.25
09_30_10_00,poc,V3,train,1.5,1.5,2,1.0,0.0,1.5
09_30_10_30,vah,V0,train,0.3,0.5,85,0.4235294117647059,0.5764705882352941,-0.1611764705882353
09_30_10_30,vah,V0,oos,0.3,0.5,5,0.6,0.4,-0.020000000000000018
09_30_10_30,vah,V0,train,0.3,0.75,85,0.5764705882352941,0.4235294117647059,-0.14470588235294118
09_30_10_30,vah,V0,oos,0.3,0.75,5,0.6,0.4,-0.12000000000000002
09_30_10_30,vah,V0,train,0.3,1.0,85,0.6470588235294118,0.35294117647058826,-0.1588235294117647
09_30_10_30,vah,V0,oos,0.3,1.0,5,0.8,0.2,0.039999999999999994
09_30_10_30,vah,V0,train,0.3,1.5,85,0.7058823529411765,0.2823529411764706,-0.21176470588235294
09_30_10_30,vah,V0,oos,0.3,1.5,5,1.0,0.0,0.3
09_30_10_30,vah,V0,train,0.5,0.5,85,0.38823529411764707,0.611764705882353,-0.11176470588235295
09_30_10_30,vah,V0,oos,0.5,0.5,5,0.4,0.6,-0.1
09_30_10_30,vah,V0,train,0.5,0.75,85,0.5058823529411764,0.49411764705882355,-0.11764705882352941
09_30_10_30,vah,V0,oos,0.5,0.75,5,0.6,0.4,0.0
09_30_10_30,vah,V0,train,0.5,1.0,85,0.5764705882352941,0.4235294117647059,-0.13529411764705881
09_30_10_30,vah,V0,oos,0.5,1.0,5,0.6,0.4,-0.1
09_30_10_30,vah,V0,train,0.5,1.5,85,0.6235294117647059,0.36470588235294116,-0.23529411764705882
09_30_10_30,vah,V0,oos,0.5,1.5,5,0.8,0.2,0.1
09_30_10_30,vah,V0,train,0.75,0.5,85,0.29411764705882354,0.7058823529411765,-0.1323529411764706
09_30_10_30,vah,V0,oos,0.75,0.5,5,0.2,0.8,-0.25
09_30_10_30,vah,V0,train,0.75,0.75,85,0.4117647058823529,0.5764705882352941,-0.12352941176470589
09_30_10_30,vah,V0,oos,0.75,0.75,5,0.4,0.6,-0.15
09_30_10_30,vah,V0,train,0.75,1.0,85,0.4823529411764706,0.49411764705882355,-0.1323529411764706
09_30_10_30,vah,V0,oos,0.75,1.0,5,0.4,0.6,-0.3
09_30_10_30,vah,V0,train,0.75,1.5,85,0.5176470588235295,0.43529411764705883,-0.2647058823529412
09_30_10_30,vah,V0,oos,0.75,1.5,5,0.8,0.2,0.3
09_30_10_30,vah,V0,train,1.0,0.5,85,0.25882352941176473,0.7411764705882353,-0.11176470588235295
09_30_10_30,vah,V0,oos,1.0,0.5,5,0.2,0.8,-0.2
09_30_10_30,vah,V0,train,1.0,0.75,85,0.35294117647058826,0.6352941176470588,-0.12352941176470589
09_30_10_30,vah,V0,oos,1.0,0.75,5,0.4,0.6,-0.05
09_30_10_30,vah,V0,train,1.0,1.0,85,0.4470588235294118,0.5294117647058824,-0.08235294117647059
09_30_10_30,vah,V0,oos,1.0,1.0,5,0.4,0.6,-0.2
09_30_10_30,vah,V0,train,1.0,1.5,85,0.4823529411764706,0.47058823529411764,-0.2235294117647059
09_30_10_30,vah,V0,oos,1.0,1.5,5,0.8,0.2,0.5
09_30_10_30,vah,V0,train,1.5,0.5,85,0.2235294117647059,0.7764705882352941,-0.052941176470588235
09_30_10_30,vah,V0,oos,1.5,0.5,5,0.2,0.8,-0.1
09_30_10_30,vah,V0,train,1.5,0.75,85,0.29411764705882354,0.6941176470588235,-0.07941176470588235
09_30_10_30,vah,V0,oos,1.5,0.75,5,0.4,0.6,0.15
09_30_10_30,vah,V0,train,1.5,1.0,85,0.36470588235294116,0.6,-0.052941176470588235
09_30_10_30,vah,V0,oos,1.5,1.0,5,0.4,0.6,0.0
09_30_10_30,vah,V0,train,1.5,1.5,85,0.4,0.5294117647058824,-0.19411764705882353
09_30_10_30,vah,V0,oos,1.5,1.5,5,0.8,0.2,0.9
09_30_10_30,vah,V1,train,0.3,0.5,34,0.35294117647058826,0.6470588235294118,-0.21764705882352942
09_30_10_30,vah,V1,oos,0.3,0.5,1,1.0,0.0,0.3
09_30_10_30,vah,V1,train,0.3,0.75,34,0.5,0.5,-0.225
09_30_10_30,vah,V1,oos,0.3,0.75,1,1.0,0.0,0.3
09_30_10_30,vah,V1,train,0.3,1.0,34,0.5588235294117647,0.4411764705882353,-0.2735294117647059
09_30_10_30,vah,V1,oos,0.3,1.0,1,1.0,0.0,0.3
09_30_10_30,vah,V1,train,0.3,1.5,34,0.6176470588235294,0.38235294117647056,-0.388235294117647
09_30_10_30,vah,V1,oos,0.3,1.5,1,1.0,0.0,0.3
09_30_10_30,vah,V1,train,0.5,0.5,34,0.3235294117647059,0.6764705882352942,-0.17647058823529413
09_30_10_30,vah,V1,oos,0.5,0.5,1,1.0,0.0,0.5
09_30_10_30,vah,V1,train,0.5,0.75,34,0.4411764705882353,0.5588235294117647,-0.19852941176470587
09_30_10_30,vah,V1,oos,0.5,0.75,1,1.0,0.0,0.5
09_30_10_30,vah,V1,train,0.5,1.0,34,0.5,0.5,-0.25
09_30_10_30,vah,V1,oos,0.5,1.0,1,1.0,0.0,0.5
09_30_10_30,vah,V1,train,0.5,1.5,34,0.5588235294117647,0.4411764705882353,-0.38235294117647056
09_30_10_30,vah,V1,oos,0.5,1.5,1,1.0,0.0,0.5
09_30_10_30,vah,V1,train,0.75,0.5,34,0.2647058823529412,0.7352941176470589,-0.16911764705882354
09_30_10_30,vah,V1,oos,0.75,0.5,1,1.0,0.0,0.75
09_30_10_30,vah,V1,train,0.75,0.75,34,0.38235294117647056,0.6176470588235294,-0.17647058823529413
09_30_10_30,vah,V1,oos,0.75,0.75,1,1.0,0.0,0.75
09_30_10_30,vah,V1,train,0.75,1.0,34,0.4117647058823529,0.5882352941176471,-0.27941176470588236
09_30_10_30,vah,V1,oos,0.75,1.0,1,1.0,0.0,0.75
09_30_10_30,vah,V1,train,0.75,1.5,34,0.4411764705882353,0.5294117647058824,-0.4632352941176471
09_30_10_30,vah,V1,oos,0.75,1.5,1,1.0,0.0,0.75
09_30_10_30,vah,V1,train,1.0,0.5,34,0.23529411764705882,0.7647058823529411,-0.14705882352941177
09_30_10_30,vah,V1,oos,1.0,0.5,1,1.0,0.0,1.0
09_30_10_30,vah,V1,train,1.0,0.75,34,0.3235294117647059,0.6764705882352942,-0.18382352941176472
09_30_10_30,vah,V1,oos,1.0,0.75,1,1.0,0.0,1.0
09_30_10_30,vah,V1,train,1.0,1.0,34,0.38235294117647056,0.6176470588235294,-0.23529411764705882
09_30_10_30,vah,V1,oos,1.0,1.0,1,1.0,0.0,1.0
09_30_10_30,vah,V1,train,1.0,1.5,34,0.4117647058823529,0.5588235294117647,-0.4264705882352941
09_30_10_30,vah,V1,oos,1.0,1.5,1,1.0,0.0,1.0
09_30_10_30,vah,V1,train,1.5,0.5,34,0.17647058823529413,0.8235294117647058,-0.14705882352941177
09_30_10_30,vah,V1,oos,1.5,0.5,1,1.0,0.0,1.5
09_30_10_30,vah,V1,train,1.5,0.75,34,0.23529411764705882,0.7647058823529411,-0.22058823529411764
09_30_10_30,vah,V1,oos,1.5,0.75,1,1.0,0.0,1.5
09_30_10_30,vah,V1,train,1.5,1.0,34,0.2647058823529412,0.7352941176470589,-0.3382352941176471
09_30_10_30,vah,V1,oos,1.5,1.0,1,1.0,0.0,1.5
09_30_10_30,vah,V1,train,1.5,1.5,34,0.29411764705882354,0.6470588235294118,-0.5294117647058824
09_30_10_30,vah,V1,oos,1.5,1.5,1,1.0,0.0,1.5
09_30_10_30,vah,V2,train,0.3,0.5,25,0.4,0.6,-0.18
09_30_10_30,vah,V2,oos,0.3,0.5,1,0.0,1.0,-0.5
09_30_10_30,vah,V2,train,0.3,0.75,25,0.44,0.56,-0.28800000000000003
09_30_10_30,vah,V2,oos,0.3,0.75,1,0.0,1.0,-0.75
09_30_10_30,vah,V2,train,0.3,1.0,25,0.52,0.48,-0.324
09_30_10_30,vah,V2,oos,0.3,1.0,1,0.0,1.0,-1.0
09_30_10_30,vah,V2,train,0.3,1.5,25,0.64,0.36,-0.348
09_30_10_30,vah,V2,oos,0.3,1.5,1,1.0,0.0,0.3
09_30_10_30,vah,V2,train,0.5,0.5,25,0.28,0.72,-0.22
09_30_10_30,vah,V2,oos,0.5,0.5,1,0.0,1.0,-0.5
09_30_10_30,vah,V2,train,0.5,0.75,25,0.28,0.72,-0.4
09_30_10_30,vah,V2,oos,0.5,0.75,1,0.0,1.0,-0.75
09_30_10_30,vah,V2,train,0.5,1.0,25,0.4,0.6,-0.4
09_30_10_30,vah,V2,oos,0.5,1.0,1,0.0,1.0,-1.0
09_30_10_30,vah,V2,train,0.5,1.5,25,0.52,0.48,-0.46
09_30_10_30,vah,V2,oos,0.5,1.5,1,1.0,0.0,0.5
09_30_10_30,vah,V2,train,0.75,0.5,25,0.24,0.76,-0.2
09_30_10_30,vah,V2,oos,0.75,0.5,1,0.0,1.0,-0.5
09_30_10_30,vah,V2,train,0.75,0.75,25,0.24,0.76,-0.39
09_30_10_30,vah,V2,oos,0.75,0.75,1,0.0,1.0,-0.75
09_30_10_30,vah,V2,train,0.75,1.0,25,0.32,0.68,-0.44
09_30_10_30,vah,V2,oos,0.75,1.0,1,0.0,1.0,-1.0
09_30_10_30,vah,V2,train,0.75,1.5,25,0.4,0.56,-0.54
09_30_10_30,vah,V2,oos,0.75,1.5,1,1.0,0.0,0.75
09_30_10_30,vah,V2,train,1.0,0.5,25,0.2,0.8,-0.2
09_30_10_30,vah,V2,oos,1.0,0.5,1,0.0,1.0,-0.5
09_30_10_30,vah,V2,train,1.0,0.75,25,0.24,0.76,-0.33
09_30_10_30,vah,V2,oos,1.0,0.75,1,0.0,1.0,-0.75
09_30_10_30,vah,V2,train,1.0,1.0,25,0.32,0.68,-0.36
09_30_10_30,vah,V2,oos,1.0,1.0,1,0.0,1.0,-1.0
09_30_10_30,vah,V2,train,1.0,1.5,25,0.4,0.56,-0.44
09_30_10_30,vah,V2,oos,1.0,1.5,1,1.0,0.0,1.0
09_30_10_30,vah,V2,train,1.5,0.5,25,0.2,0.8,-0.1
09_30_10_30,vah,V2,oos,1.5,0.5,1,0.0,1.0,-0.5
09_30_10_30,vah,V2,train,1.5,0.75,25,0.2,0.8,-0.3
09_30_10_30,vah,V2,oos,1.5,0.75,1,0.0,1.0,-0.75
09_30_10_30,vah,V2,train,1.5,1.0,25,0.28,0.72,-0.3
09_30_10_30,vah,V2,oos,1.5,1.0,1,0.0,1.0,-1.0
09_30_10_30,vah,V2,train,1.5,1.5,25,0.36,0.56,-0.3
09_30_10_30,vah,V2,oos,1.5,1.5,1,1.0,0.0,1.5
09_30_10_30,vah,V3,train,0.3,0.5,10,0.2,0.8,-0.33999999999999997
09_30_10_30,vah,V3,train,0.3,0.75,10,0.2,0.8,-0.54
09_30_10_30,vah,V3,train,0.3,1.0,10,0.3,0.7,-0.61
09_30_10_30,vah,V3,train,0.3,1.5,10,0.4,0.6,-0.78
09_30_10_30,vah,V3,train,0.5,0.5,10,0.1,0.9,-0.4
09_30_10_30,vah,V3,train,0.5,0.75,10,0.1,0.9,-0.625
09_30_10_30,vah,V3,train,0.5,1.0,10,0.2,0.8,-0.7
09_30_10_30,vah,V3,train,0.5,1.5,10,0.4,0.6,-0.7
09_30_10_30,vah,V3,train,0.75,0.5,10,0.1,0.9,-0.375
09_30_10_30,vah,V3,train,0.75,0.75,10,0.1,0.9,-0.6
09_30_10_30,vah,V3,train,0.75,1.0,10,0.1,0.9,-0.825
09_30_10_30,vah,V3,train,0.75,1.5,10,0.2,0.7,-0.9
09_30_10_30,vah,V3,train,1.0,0.5,10,0.0,1.0,-0.5
09_30_10_30,vah,V3,train,1.0,0.75,10,0.1,0.9,-0.575
09_30_10_30,vah,V3,train,1.0,1.0,10,0.1,0.9,-0.8
09_30_10_30,vah,V3,train,1.0,1.5,10,0.2,0.7,-0.85
09_30_10_30,vah,V3,train,1.5,0.5,10,0.0,1.0,-0.5
09_30_10_30,vah,V3,train,1.5,0.75,10,0.0,1.0,-0.75
09_30_10_30,vah,V3,train,1.5,1.0,10,0.0,1.0,-1.0
09_30_10_30,vah,V3,train,1.5,1.5,10,0.1,0.7,-0.9
09_30_10_30,poc,V0,train,0.3,0.5,99,0.48484848484848486,0.5151515151515151,-0.11212121212121214
09_30_10_30,poc,V0,oos,0.3,0.5,8,0.75,0.25,0.09999999999999998
09_30_10_30,poc,V0,train,0.3,0.75,99,0.6666666666666666,0.3333333333333333,-0.049999999999999996
09_30_10_30,poc,V0,oos,0.3,0.75,8,0.75,0.25,0.03749999999999998
09_30_10_30,poc,V0,train,0.3,1.0,99,0.7575757575757576,0.24242424242424243,-0.015151515151515152
09_30_10_30,poc,V0,oos,0.3,1.0,8,0.875,0.125,0.1375
09_30_10_30,poc,V0,train,0.3,1.5,99,0.8585858585858586,0.1414141414141414,0.045454545454545456
09_30_10_30,poc,V0,oos,0.3,1.5,8,0.875,0.125,0.07500000000000001
09_30_10_30,poc,V0,train,0.5,0.5,99,0.46464646464646464,0.5353535353535354,-0.03535353535353535
09_30_10_30,poc,V0,oos,0.5,0.5,8,0.75,0.25,0.25
09_30_10_30,poc,V0,train,0.5,0.75,99,0.6262626262626263,0.37373737373737376,0.03282828282828283
09_30_10_30,poc,V0,oos,0.5,0.75,8,0.75,0.25,0.1875
09_30_10_30,poc,V0,train,0.5,1.0,99,0.7171717171717171,0.2828282828282828,0.07575757575757576
09_30_10_30,poc,V0,oos,0.5,1.0,8,0.875,0.125,0.3125
09_30_10_30,poc,V0,train,0.5,1.5,99,0.8080808080808081,0.1919191919191919,0.11616161616161616
09_30_10_30,poc,V0,oos,0.5,1.5,8,0.875,0.125,0.25
09_30_10_30,poc,V0,train,0.75,0.5,99,0.40404040404040403,0.5959595959595959,0.005050505050505051
09_30_10_30,poc,V0,oos,0.75,0.5,8,0.625,0.375,0.28125
09_30_10_30,poc,V0,train,0.75,0.75,99,0.5454545454545454,0.45454545454545453,0.06818181818181818
09_30_10_30,poc,V0,oos,0.75,0.75,8,0.625,0.375,0.1875
09_30_10_30,poc,V0,train,0.75,1.0,99,0.6060606060606061,0.3939393939393939,0.06060606060606061
09_30_10_30,poc,V0,oos,0.75,1.0,8,0.75,0.25,0.3125
09_30_10_30,poc,V0,train,0.75,1.5,99,0.7070707070707071,0.29292929292929293,0.09090909090909091
09_30_10_30,poc,V0,oos,0.75,1.5,8,0.75,0.25,0.1875
09_30_10_30,poc,V0,train,1.0,0.5,99,0.31313131313131315,0.6868686868686869,-0.030303030303030304
09_30_10_30,poc,V0,oos,1.0,0.5,8,0.625,0.375,0.4375
09_30_10_30,poc,V0,train,1.0,0.75,99,0.42424242424242425,0.5757575757575758,-0.007575757575757576
09_30_10_30,poc,V0,oos,1.0,0.75,8,0.625,0.375,0.34375
09_30_10_30,poc,V0,train,1.0,1.0,99,0.48484848484848486,0.494949494949495,-0.010101010101010102
09_30_10_30,poc,V0,oos,1.0,1.0,8,0.75,0.25,0.5
09_30_10_30,poc,V0,train,1.0,1.5,99,0.5757575757575758,0.37373737373737376,0.015151515151515152
09_30_10_30,poc,V0,oos,1.0,1.5,8,0.75,0.25,0.375
09_30_10_30,poc,V0,train,1.5,0.5,99,0.25252525252525254,0.7373737373737373,0.010101010101010102
09_30_10_30,poc,V0,oos,1.5,0.5,8,0.625,0.375,0.75
09_30_10_30,poc,V0,train,1.5,0.75,99,0.36363636363636365,0.6262626262626263,0.07575757575757576
09_30_10_30,poc,V0,oos,1.5,0.75,8,0.625,0.375,0.65625
09_30_10_30,poc,V0,train,1.5,1.0,99,0.42424242424242425,0.5353535353535354,0.10101010101010101
09_30_10_30,poc,V0,oos,1.5,1.0,8,0.75,0.25,0.875
09_30_10_30,poc,V0,train,1.5,1.5,99,0.5050505050505051,0.41414141414141414,0.13636363636363635
09_30_10_30,poc,V0,oos,1.5,1.5,8,0.75,0.25,0.75
09_30_10_30,poc,V1,train,0.3,0.5,44,0.38636363636363635,0.6136363636363636,-0.19090909090909092
09_30_10_30,poc,V1,oos,0.3,0.5,3,1.0,0.0,0.3
09_30_10_30,poc,V1,train,0.3,0.75,44,0.5909090909090909,0.4090909090909091,-0.12954545454545455
09_30_10_30,poc,V1,oos,0.3,0.75,3,1.0,0.0,0.3
09_30_10_30,poc,V1,train,0.3,1.0,44,0.75,0.25,-0.02499999999999999
09_30_10_30,poc,V1,oos,0.3,1.0,3,1.0,0.0,0.3
09_30_10_30,poc,V1,train,0.3,1.5,44,0.8181818181818182,0.18181818181818182,-0.027272727272727296
09_30_10_30,poc,V1,oos,0.3,1.5,3,1.0,0.0,0.3
09_30_10_30,poc,V1,train,0.5,0.5,44,0.38636363636363635,0.6136363636363636,-0.11363636363636363
09_30_10_30,poc,V1,oos,0.5,0.5,3,1.0,0.0,0.5
09_30_10_30,poc,V1,train,0.5,0.75,44,0.5454545454545454,0.45454545454545453,-0.06818181818181818
09_30_10_30,poc,V1,oos,0.5,0.75,3,1.0,0.0,0.5
09_30_10_30,poc,V1,train,0.5,1.0,44,0.7045454545454546,0.29545454545454547,0.056818181818181816
09_30_10_30,poc,V1,oos,0.5,1.0,3,1.0,0.0,0.5
09_30_10_30,poc,V1,train,0.5,1.5,44,0.75,0.25,0.0
09_30_10_30,poc,V1,oos,0.5,1.5,3,1.0,0.0,0.5
09_30_10_30,poc,V1,train,0.75,0.5,44,0.3409090909090909,0.6590909090909091,-0.07386363636363637
09_30_10_30,poc,V1,oos,0.75,0.5,3,1.0,0.0,0.75
09_30_10_30,poc,V1,train,0.75,0.75,44,0.45454545454545453,0.5454545454545454,-0.06818181818181818
09_30_10_30,poc,V1,oos,0.75,0.75,3,1.0,0.0,0.75
09_30_10_30,poc,V1,train,0.75,1.0,44,0.5681818181818182,0.4318181818181818,-0.005681818181818182
09_30_10_30,poc,V1,oos,0.75,1.0,3,1.0,0.0,0.75
09_30_10_30,poc,V1,train,0.75,1.5,44,0.6363636363636364,0.36363636363636365,-0.06818181818181818
09_30_10_30,poc,V1,oos,0.75,1.5,3,1.0,0.0,0.75
09_30_10_30,poc,V1,train,1.0,0.5,44,0.2727272727272727,0.7272727272727273,-0.09090909090909091
09_30_10_30,poc,V1,oos,1.0,0.5,3,1.0,0.0,1.0
09_30_10_30,poc,V1,train,1.0,0.75,44,0.36363636363636365,0.6363636363636364,-0.11363636363636363
09_30_10_30,poc,V1,oos,1.0,0.75,3,1.0,0.0,1.0
09_30_10_30,poc,V1,train,1.0,1.0,44,0.4772727272727273,0.5227272727272727,-0.045454545454545456
09_30_10_30,poc,V1,oos,1.0,1.0,3,1.0,0.0,1.0
09_30_10_30,poc,V1,train,1.0,1.5,44,0.5227272727272727,0.4318181818181818,-0.125
09_30_10_30,poc,V1,oos,1.0,1.5,3,1.0,0.0,1.0
09_30_10_30,poc,V1,train,1.5,0.5,44,0.18181818181818182,0.8181818181818182,-0.13636363636363635
09_30_10_30,poc,V1,oos,1.5,0.5,3,1.0,0.0,1.5
09_30_10_30,poc,V1,train,1.5,0.75,44,0.25,0.75,-0.1875
09_30_10_30,poc,V1,oos,1.5,0.75,3,1.0,0.0,1.5
09_30_10_30,poc,V1,train,1.5,1.0,44,0.36363636363636365,0.6136363636363636,-0.06818181818181818
09_30_10_30,poc,V1,oos,1.5,1.0,3,1.0,0.0,1.5
09_30_10_30,poc,V1,train,1.5,1.5,44,0.4318181818181818,0.5,-0.10227272727272728
09_30_10_30,poc,V1,oos,1.5,1.5,3,1.0,0.0,1.5
09_30_10_30,poc,V2,train,0.3,0.5,32,0.53125,0.46875,-0.07500000000000001
09_30_10_30,poc,V2,oos,0.3,0.5,2,1.0,0.0,0.3
09_30_10_30,poc,V2,train,0.3,0.75,32,0.65625,0.34375,-0.060937500000000006
09_30_10_30,poc,V2,oos,0.3,0.75,2,1.0,0.0,0.3
09_30_10_30,poc,V2,train,0.3,1.0,32,0.75,0.25,-0.025000000000000022
09_30_10_30,poc,V2,oos,0.3,1.0,2,1.0,0.0,0.3
09_30_10_30,poc,V2,train,0.3,1.5,32,0.84375,0.15625,0.01874999999999999
09_30_10_30,poc,V2,oos,0.3,1.5,2,1.0,0.0,0.3
09_30_10_30,poc,V2,train,0.5,0.5,32,0.53125,0.46875,0.03125
09_30_10_30,poc,V2,oos,0.5,0.5,2,1.0,0.0,0.5
09_30_10_30,poc,V2,train,0.5,0.75,32,0.625,0.375,0.03125
09_30_10_30,poc,V2,oos,0.5,0.75,2,1.0,0.0,0.5
09_30_10_30,poc,V2,train,0.5,1.0,32,0.71875,0.28125,0.078125
09_30_10_30,poc,V2,oos,0.5,1.0,2,1.0,0.0,0.5
09_30_10_30,poc,V2,train,0.5,1.5,32,0.8125,0.1875,0.125
09_30_10_30,poc,V2,oos,0.5,1.5,2,1.0,0.0,0.5
09_30_10_30,poc,V2,train,0.75,0.5,32,0.375,0.625,-0.03125
09_30_10_30,poc,V2,oos,0.75,0.5,2,1.0,0.0,0.75
09_30_10_30,poc,V2,train,0.75,0.75,32,0.5,0.5,0.0
09_30_10_30,poc,V2,oos,0.75,0.75,2,1.0,0.0,0.75
09_30_10_30,poc,V2,train,0.75,1.0,32,0.5625,0.4375,-0.015625
09_30_10_30,poc,V2,oos,0.75,1.0,2,1.0,0.0,0.75
09_30_10_30,poc,V2,train,0.75,1.5,32,0.6875,0.3125,0.046875
09_30_10_30,poc,V2,oos,0.75,1.5,2,1.0,0.0,0.75
09_30_10_30,poc,V2,train,1.0,0.5,32,0.34375,0.65625,0.015625
09_30_10_30,poc,V2,oos,1.0,0.5,2,1.0,0.0,1.0
09_30_10_30,poc,V2,train,1.0,0.75,32,0.40625,0.59375,-0.0390625
09_30_10_30,poc,V2,oos,1.0,0.75,2,1.0,0.0,1.0
09_30_10_30,poc,V2,train,1.0,1.0,32,0.46875,0.5,-0.03125
09_30_10_30,poc,V2,oos,1.0,1.0,2,1.0,0.0,1.0
09_30_10_30,poc,V2,train,1.0,1.5,32,0.59375,0.3125,0.125
09_30_10_30,poc,V2,oos,1.0,1.5,2,1.0,0.0,1.0
09_30_10_30,poc,V2,train,1.5,0.5,32,0.3125,0.6875,0.125
09_30_10_30,poc,V2,oos,1.5,0.5,2,1.0,0.0,1.5
09_30_10_30,poc,V2,train,1.5,0.75,32,0.40625,0.59375,0.1640625
09_30_10_30,poc,V2,oos,1.5,0.75,2,1.0,0.0,1.5
09_30_10_30,poc,V2,train,1.5,1.0,32,0.4375,0.53125,0.125
09_30_10_30,poc,V2,oos,1.5,1.0,2,1.0,0.0,1.5
09_30_10_30,poc,V2,train,1.5,1.5,32,0.5625,0.34375,0.328125
09_30_10_30,poc,V2,oos,1.5,1.5,2,1.0,0.0,1.5
09_30_10_30,poc,V3,train,0.3,0.5,12,0.3333333333333333,0.6666666666666666,-0.2333333333333333
09_30_10_30,poc,V3,oos,0.3,0.5,2,1.0,0.0,0.3
09_30_10_30,poc,V3,train,0.3,0.75,12,0.6666666666666666,0.3333333333333333,-0.05000000000000001
09_30_10_30,poc,V3,oos,0.3,0.75,2,1.0,0.0,0.3
09_30_10_30,poc,V3,train,0.3,1.0,12,0.75,0.25,-0.025000000000000022
09_30_10_30,poc,V3,oos,0.3,1.0,2,1.0,0.0,0.3
09_30_10_30,poc,V3,train,0.3,1.5,12,0.8333333333333334,0.16666666666666666,0.0
09_30_10_30,poc,V3,oos,0.3,1.5,2,1.0,0.0,0.3
09_30_10_30,poc,V3,train,0.5,0.5,12,0.3333333333333333,0.6666666666666666,-0.16666666666666666
09_30_10_30,poc,V3,oos,0.5,0.5,2,1.0,0.0,0.5
09_30_10_30,poc,V3,train,0.5,0.75,12,0.5833333333333334,0.4166666666666667,-0.020833333333333332
09_30_10_30,poc,V3,oos,0.5,0.75,2,1.0,0.0,0.5
09_30_10_30,poc,V3,train,0.5,1.0,12,0.6666666666666666,0.3333333333333333,0.0
09_30_10_30,poc,V3,oos,0.5,1.0,2,1.0,0.0,0.5
09_30_10_30,poc,V3,train,0.5,1.5,12,0.75,0.25,0.0
09_30_10_30,poc,V3,oos,0.5,1.5,2,1.0,0.0,0.5
09_30_10_30,poc,V3,train,0.75,0.5,12,0.16666666666666666,0.8333333333333334,-0.2916666666666667
09_30_10_30,poc,V3,oos,0.75,0.5,2,1.0,0.0,0.75
09_30_10_30,poc,V3,train,0.75,0.75,12,0.4166666666666667,0.5833333333333334,-0.125
09_30_10_30,poc,V3,oos,0.75,0.75,2,1.0,0.0,0.75
09_30_10_30,poc,V3,train,0.75,1.0,12,0.5,0.5,-0.125
09_30_10_30,poc,V3,oos,0.75,1.0,2,1.0,0.0,0.75
09_30_10_30,poc,V3,train,0.75,1.5,12,0.6666666666666666,0.3333333333333333,0.0
09_30_10_30,poc,V3,oos,0.75,1.5,2,1.0,0.0,0.75
09_30_10_30,poc,V3,train,1.0,0.5,12,0.16666666666666666,0.8333333333333334,-0.25
09_30_10_30,poc,V3,oos,1.0,0.5,2,1.0,0.0,1.0
09_30_10_30,poc,V3,train,1.0,0.75,12,0.3333333333333333,0.6666666666666666,-0.16666666666666666
09_30_10_30,poc,V3,oos,1.0,0.75,2,1.0,0.0,1.0
09_30_10_30,poc,V3,train,1.0,1.0,12,0.4166666666666667,0.5833333333333334,-0.16666666666666666
09_30_10_30,poc,V3,oos,1.0,1.0,2,1.0,0.0,1.0
09_30_10_30,poc,V3,train,1.0,1.5,12,0.5833333333333334,0.3333333333333333,0.08333333333333333
09_30_10_30,poc,V3,oos,1.0,1.5,2,1.0,0.0,1.0
09_30_10_30,poc,V3,train,1.5,0.5,12,0.16666666666666666,0.8333333333333334,-0.16666666666666666
09_30_10_30,poc,V3,oos,1.5,0.5,2,1.0,0.0,1.5
09_30_10_30,poc,V3,train,1.5,0.75,12,0.3333333333333333,0.6666666666666666,0.0
09_30_10_30,poc,V3,oos,1.5,0.75,2,1.0,0.0,1.5
09_30_10_30,poc,V3,train,1.5,1.0,12,0.3333333333333333,0.6666666666666666,-0.16666666666666666
09_30_10_30,poc,V3,oos,1.5,1.0,2,1.0,0.0,1.5
09_30_10_30,poc,V3,train,1.5,1.5,12,0.5,0.4166666666666667,0.125
09_30_10_30,poc,V3,oos,1.5,1.5,2,1.0,0.0,1.5
10_30_11_30,vah,V0,train,0.3,0.5,204,0.5147058823529411,0.4852941176470588,-0.08823529411764706
10_30_11_30,vah,V0,oos,0.3,0.5,10,0.6,0.4,-0.020000000000000018
10_30_11_30,vah,V0,train,0.3,0.75,204,0.5980392156862745,0.4019607843137255,-0.12205882352941176
10_30_11_30,vah,V0,oos,0.3,0.75,10,0.6,0.4,-0.12000000000000002
10_30_11_30,vah,V0,train,0.3,1.0,204,0.7058823529411765,0.29411764705882354,-0.08235294117647061
10_30_11_30,vah,V0,oos,0.3,1.0,10,0.6,0.4,-0.22000000000000003
10_30_11_30,vah,V0,train,0.3,1.5,204,0.7892156862745098,0.2107843137254902,-0.07941176470588236
10_30_11_30,vah,V0,oos,0.3,1.5,10,0.8,0.2,-0.06000000000000001
10_30_11_30,vah,V0,train,0.5,0.5,204,0.44607843137254904,0.553921568627451,-0.05392156862745098
10_30_11_30,vah,V0,oos,0.5,0.5,10,0.6,0.4,0.1
10_30_11_30,vah,V0,train,0.5,0.75,204,0.5245098039215687,0.47549019607843135,-0.09436274509803921
10_30_11_30,vah,V0,oos,0.5,0.75,10,0.6,0.4,0.0
10_30_11_30,vah,V0,train,0.5,1.0,204,0.6372549019607843,0.3627450980392157,-0.04411764705882353
10_30_11_30,vah,V0,oos,0.5,1.0,10,0.6,0.4,-0.1
10_30_11_30,vah,V0,train,0.5,1.5,204,0.7254901960784313,0.2696078431372549,-0.041666666666666664
10_30_11_30,vah,V0,oos,0.5,1.5,10,0.8,0.2,0.1
10_30_11_30,vah,V0,train,0.75,0.5,204,0.38235294117647056,0.6176470588235294,-0.022058823529411766
10_30_11_30,vah,V0,oos,0.75,0.5,10,0.5,0.5,0.125
10_30_11_30,vah,V0,train,0.75,0.75,204,0.45098039215686275,0.5490196078431373,-0.07352941176470588
10_30_11_30,vah,V0,oos,0.75,0.75,10,0.5,0.5,0.0
10_30_11_30,vah,V0,train,0.75,1.0,204,0.5588235294117647,0.4362745098039216,-0.01715686274509804
10_30_11_30,vah,V0,oos,0.75,1.0,10,0.5,0.5,-0.125
10_30_11_30,vah,V0,train,0.75,1.5,204,0.6617647058823529,0.3284313725490196,0.003676470588235294
10_30_11_30,vah,V0,oos,0.75,1.5,10,0.7,0.3,0.075
10_30_11_30,vah,V0,train,1.0,0.5,204,0.3137254901960784,0.6862745098039216,-0.029411764705882353
10_30_11_30,vah,V0,oos,1.0,0.5,10,0.4,0.6,0.1
10_30_11_30,vah,V0,train,1.0,0.75,204,0.38235294117647056,0.6127450980392157,-0.07720588235294118
10_30_11_30,vah,V0,oos,1.0,0.75,10,0.4,0.6,-0.05
10_30_11_30,vah,V0,train,1.0,1.0,204,0.4803921568627451,0.5098039215686274,-0.029411764705882353
10_30_11_30,vah,V0,oos,1.0,1.0,10,0.4,0.6,-0.2
10_30_11_30,vah,V0,train,1.0,1.5,204,0.5882352941176471,0.37745098039215685,0.022058823529411766
10_30_11_30,vah,V0,oos,1.0,1.5,10,0.6,0.4,0.0
10_30_11_30,vah,V0,train,1.5,0.5,204,0.27450980392156865,0.7254901960784313,0.049019607843137254
10_30_11_30,vah,V0,oos,1.5,0.5,10,0.3,0.7,0.1
10_30_11_30,vah,V0,train,1.5,0.75,204,0.3137254901960784,0.6715686274509803,-0.03308823529411765
10_30_11_30,vah,V0,oos,1.5,0.75,10,0.3,0.7,-0.075
10_30_11_30,vah,V0,train,1.5,1.0,204,0.37745098039215685,0.5980392156862745,-0.031862745098039214
10_30_11_30,vah,V0,oos,1.5,1.0,10,0.3,0.7,-0.25
10_30_11_30,vah,V0,train,1.5,1.5,204,0.46078431372549017,0.45098039215686275,0.014705882352941176
10_30_11_30,vah,V0,oos,1.5,1.5,10,0.5,0.5,0.0
10_30_11_30,vah,V1,train,0.3,0.5,78,0.4358974358974359,0.5641025641025641,-0.1512820512820513
10_30_11_30,vah,V1,oos,0.3,0.5,5,0.6,0.4,-0.020000000000000018
10_30_11_30,vah,V1,train,0.3,0.75,78,0.5,0.5,-0.225
10_30_11_30,vah,V1,oos,0.3,0.75,5,0.6,0.4,-0.12000000000000002
10_30_11_30,vah,V1,train,0.3,1.0,78,0.6153846153846154,0.38461538461538464,-0.2
10_30_11_30,vah,V1,oos,0.3,1.0,5,0.6,0.4,-0.22000000000000003
10_30_11_30,vah,V1,train,0.3,1.5,78,0.7564102564102564,0.24358974358974358,-0.13846153846153847
10_30_11_30,vah,V1,oos,0.3,1.5,5,0.8,0.2,-0.06000000000000001
10_30_11_30,vah,V1,train,0.5,0.5,78,0.4230769230769231,0.5769230769230769,-0.07692307692307693
10_30_11_30,vah,V1,oos,0.5,0.5,5,0.6,0.4,0.1
10_30_11_30,vah,V1,train,0.5,0.75,78,0.5,0.5,-0.125
10_30_11_30,vah,V1,oos,0.5,0.75,5,0.6,0.4,0.0
10_30_11_30,vah,V1,train,0.5,1.0,78,0.6025641025641025,0.3974358974358974,-0.09615384615384616
10_30_11_30,vah,V1,oos,0.5,1.0,5,0.6,0.4,-0.1
10_30_11_30,vah,V1,train,0.5,1.5,78,0.7307692307692307,0.2692307692307692,-0.038461538461538464
10_30_11_30,vah,V1,oos,0.5,1.5,5,0.8,0.2,0.1
10_30_11_30,vah,V1,train,0.75,0.5,78,0.358974358974359,0.6410256410256411,-0.05128205128205128
10_30_11_30,vah,V1,oos,0.75,0.5,5,0.6,0.4,0.25
10_30_11_30,vah,V1,train,0.75,0.75,78,0.41025641025641024,0.5897435897435898,-0.1346153846153846
10_30_11_30,vah,V1,oos,0.75,0.75,5,0.6,0.4,0.15
10_30_11_30,vah,V1,train,0.75,1.0,78,0.5256410256410257,0.47435897435897434,-0.08012820512820513
10_30_11_30,vah,V1,oos,0.75,1.0,5,0.6,0.4,0.05
10_30_11_30,vah,V1,train,0.75,1.5,78,0.6410256410256411,0.358974358974359,-0.057692307692307696
10_30_11_30,vah,V1,oos,0.75,1.5,5,0.8,0.2,0.3
10_30_11_30,vah,V1,train,1.0,0.5,78,0.2948717948717949,0.7051282051282052,-0.057692307692307696
10_30_11_30,vah,V1,oos,1.0,0.5,5,0.4,0.6,0.1
10_30_11_30,vah,V1,train,1.0,0.75,78,0.358974358974359,0.6410256410256411,-0.12179487179487179
10_30_11_30,vah,V1,oos,1.0,0.75,5,0.4,0.6,-0.05
10_30_11_30,vah,V1,train,1.0,1.0,78,0.46153846153846156,0.5384615384615384,-0.07692307692307693
10_30_11_30,vah,V1,oos,1.0,1.0,5,0.4,0.6,-0.2
10_30_11_30,vah,V1,train,1.0,1.5,78,0.6025641025641025,0.38461538461538464,0.02564102564102564
10_30_11_30,vah,V1,oos,1.0,1.5,5,0.6,0.4,0.0
10_30_11_30,vah,V1,train,1.5,0.5,78,0.2692307692307692,0.7307692307692307,0.038461538461538464
10_30_11_30,vah,V1,oos,1.5,0.5,5,0.2,0.8,-0.1
10_30_11_30,vah,V1,train,1.5,0.75,78,0.32051282051282054,0.6666666666666666,-0.019230769230769232
10_30_11_30,vah,V1,oos,1.5,0.75,5,0.2,0.8,-0.3
10_30_11_30,vah,V1,train,1.5,1.0,78,0.38461538461538464,0.6025641025641025,-0.02564102564102564
10_30_11_30,vah,V1,oos,1.5,1.0,5,0.2,0.8,-0.5
10_30_11_30,vah,V1,train,1.5,1.5,78,0.5,0.4358974358974359,0.09615384615384616
10_30_11_30,vah,V1,oos,1.5,1.5,5,0.4,0.6,-0.3
10_30_11_30,vah,V2,train,0.3,0.5,63,0.49206349206349204,0.5079365079365079,-0.10634920634920636
10_30_11_30,vah,V2,oos,0.3,0.5,3,0.6666666666666666,0.3333333333333333,0.033333333333333326
10_30_11_30,vah,V2,train,0.3,0.75,63,0.5873015873015873,0.4126984126984127,-0.13333333333333333
10_30_11_30,vah,V2,oos,0.3,0.75,3,0.6666666666666666,0.3333333333333333,-0.05000000000000001
10_30_11_30,vah,V2,train,0.3,1.0,63,0.6984126984126984,0.30158730158730157,-0.09206349206349207
10_30_11_30,vah,V2,oos,0.3,1.0,3,0.6666666666666666,0.3333333333333333,-0.13333333333333333
10_30_11_30,vah,V2,train,0.3,1.5,63,0.8095238095238095,0.19047619047619047,-0.04285714285714287
10_30_11_30,vah,V2,oos,0.3,1.5,3,0.6666666666666666,0.3333333333333333,-0.3
10_30_11_30,vah,V2,train,0.5,0.5,63,0.3968253968253968,0.6031746031746031,-0.10317460317460317
10_30_11_30,vah,V2,oos,0.5,0.5,3,0.6666666666666666,0.3333333333333333,0.16666666666666666
10_30_11_30,vah,V2,train,0.5,0.75,63,0.4603174603174603,0.5396825396825397,-0.1746031746031746
10_30_11_30,vah,V2,oos,0.5,0.75,3,0.6666666666666666,0.3333333333333333,0.08333333333333333
10_30_11_30,vah,V2,train,0.5,1.0,63,0.5873015873015873,0.4126984126984127,-0.11904761904761904
10_30_11_30,vah,V2,oos,0.5,1.0,3,0.6666666666666666,0.3333333333333333,0.0
10_30_11_30,vah,V2,train,0.5,1.5,63,0.7142857142857143,0.2857142857142857,-0.07142857142857142
10_30_11_30,vah,V2,oos,0.5,1.5,3,0.6666666666666666,0.3333333333333333,-0.16666666666666666
10_30_11_30,vah,V2,train,0.75,0.5,63,0.3333333333333333,0.6666666666666666,-0.08333333333333333
10_30_11_30,vah,V2,oos,0.75,0.5,3,0.3333333333333333,0.6666666666666666,-0.08333333333333333
10_30_11_30,vah,V2,train,0.75,0.75,63,0.3968253968253968,0.6031746031746031,-0.15476190476190477
10_30_11_30,vah,V2,oos,0.75,0.75,3,0.3333333333333333,0.6666666666666666,-0.25
10_30_11_30,vah,V2,train,0.75,1.0,63,0.5238095238095238,0.47619047619047616,-0.08333333333333333
10_30_11_30,vah,V2,oos,0.75,1.0,3,0.3333333333333333,0.6666666666666666,-0.4166666666666667
10_30_11_30,vah,V2,train,0.75,1.5,63,0.6349206349206349,0.36507936507936506,-0.07142857142857142
10_30_11_30,vah,V2,oos,0.75,1.5,3,0.3333333333333333,0.6666666666666666,-0.75
10_30_11_30,vah,V2,train,1.0,0.5,63,0.2698412698412698,0.7301587301587301,-0.09523809523809523
10_30_11_30,vah,V2,oos,1.0,0.5,3,0.0,1.0,-0.5
10_30_11_30,vah,V2,train,1.0,0.75,63,0.3333333333333333,0.6666666666666666,-0.16666666666666666
10_30_11_30,vah,V2,oos,1.0,0.75,3,0.0,1.0,-0.75
10_30_11_30,vah,V2,train,1.0,1.0,63,0.42857142857142855,0.5714285714285714,-0.14285714285714285
10_30_11_30,vah,V2,oos,1.0,1.0,3,0.0,1.0,-1.0
10_30_11_30,vah,V2,train,1.0,1.5,63,0.5714285714285714,0.42857142857142855,-0.07142857142857142
10_30_11_30,vah,V2,oos,1.0,1.5,3,0.0,1.0,-1.5
10_30_11_30,vah,V2,train,1.5,0.5,63,0.20634920634920634,0.7936507936507936,-0.0873015873015873
10_30_11_30,vah,V2,oos,1.5,0.5,3,0.0,1.0,-0.5
10_30_11_30,vah,V2,train,1.5,0.75,63,0.2222222222222222,0.7777777777777778,-0.25
10_30_11_30,vah,V2,oos,1.5,0.75,3,0.0,1.0,-0.75
10_30_11_30,vah,V2,train,1.5,1.0,63,0.2698412698412698,0.7142857142857143,-0.30952380952380953
10_30_11_30,vah,V2,oos,1.5,1.0,3,0.0,1.0,-1.0
10_30_11_30,vah,V2,train,1.5,1.5,63,0.3968253968253968,0.5396825396825397,-0.21428571428571427
10_30_11_30,vah,V2,oos,1.5,1.5,3,0.0,1.0,-1.5
10_30_11_30,vah,V3,train,0.3,0.5,29,0.3103448275862069,0.6896551724137931,-0.2517241379310345
10_30_11_30,vah,V3,oos,0.3,0.5,1,1.0,0.0,0.3
10_30_11_30,vah,V3,train,0.3,0.75,29,0.3448275862068966,0.6551724137931034,-0.3879310344827586
10_30_11_30,vah,V3,oos,0.3,0.75,1,1.0,0.0,0.3
10_30_11_30,vah,V3,train,0.3,1.0,29,0.5517241379310345,0.4482758620689655,-0.2827586206896551
10_30_11_30,vah,V3,oos,0.3,1.0,1,1.0,0.0,0.3
10_30_11_30,vah,V3,train,0.3,1.5,29,0.7586206896551724,0.2413793103448276,-0.13448275862068967
10_30_11_30,vah,V3,oos,0.3,1.5,1,1.0,0.0,0.3
10_30_11_30,vah,V3,train,0.5,0.5,29,0.3103448275862069,0.6896551724137931,-0.1896551724137931
10_30_11_30,vah,V3,oos,0.5,0.5,1,1.0,0.0,0.5
10_30_11_30,vah,V3,train,0.5,0.75,29,0.3448275862068966,0.6551724137931034,-0.31896551724137934
10_30_11_30,vah,V3,oos,0.5,0.75,1,1.0,0.0,0.5
10_30_11_30,vah,V3,train,0.5,1.0,29,0.5172413793103449,0.4827586206896552,-0.22413793103448276
10_30_11_30,vah,V3,oos,0.5,1.0,1,1.0,0.0,0.5
10_30_11_30,vah,V3,train,0.5,1.5,29,0.7241379310344828,0.27586206896551724,-0.05172413793103448
10_30_11_30,vah,V3,oos,0.5,1.5,1,1.0,0.0,0.5
10_30_11_30,vah,V3,train,0.75,0.5,29,0.20689655172413793,0.7931034482758621,-0.2413793103448276
10_30_11_30,vah,V3,oos,0.75,0.5,1,1.0,0.0,0.75
10_30_11_30,vah,V3,train,0.75,0.75,29,0.20689655172413793,0.7931034482758621,-0.4396551724137931
10_30_11_30,vah,V3,oos,0.75,0.75,1,1.0,0.0,0.75
10_30_11_30,vah,V3,train,0.75,1.0,29,0.41379310344827586,0.5862068965517241,-0.27586206896551724
10_30_11_30,vah,V3,oos,0.75,1.0,1,1.0,0.0,0.75
10_30_11_30,vah,V3,train,0.75,1.5,29,0.5862068965517241,0.41379310344827586,-0.1810344827586207
10_30_11_30,vah,V3,oos,0.75,1.5,1,1.0,0.0,0.75
10_30_11_30,vah,V3,train,1.0,0.5,29,0.13793103448275862,0.8620689655172413,-0.29310344827586204
10_30_11_30,vah,V3,oos,1.0,0.5,1,0.0,1.0,-0.5
10_30_11_30,vah,V3,train,1.0,0.75,29,0.13793103448275862,0.8620689655172413,-0.5086206896551724
10_30_11_30,vah,V3,oos,1.0,0.75,1,0.0,1.0,-0.75
10_30_11_30,vah,V3,train,1.0,1.0,29,0.3103448275862069,0.6896551724137931,-0.3793103448275862
10_30_11_30,vah,V3,oos,1.0,1.0,1,0.0,1.0,-1.0
10_30_11_30,vah,V3,train,1.0,1.5,29,0.5517241379310345,0.4482758620689655,-0.1206896551724138
10_30_11_30,vah,V3,oos,1.0,1.5,1,0.0,1.0,-1.5
10_30_11_30,vah,V3,train,1.5,0.5,29,0.13793103448275862,0.8620689655172413,-0.22413793103448276
10_30_11_30,vah,V3,oos,1.5,0.5,1,0.0,1.0,-0.5
10_30_11_30,vah,V3,train,1.5,0.75,29,0.13793103448275862,0.8620689655172413,-0.4396551724137931
10_30_11_30,vah,V3,oos,1.5,0.75,1,0.0,1.0,-0.75
10_30_11_30,vah,V3,train,1.5,1.0,29,0.2413793103448276,0.7586206896551724,-0.39655172413793105
10_30_11_30,vah,V3,oos,1.5,1.0,1,0.0,1.0,-1.0
10_30_11_30,vah,V3,train,1.5,1.5,29,0.4482758620689655,0.4827586206896552,-0.05172413793103448
10_30_11_30,vah,V3,oos,1.5,1.5,1,0.0,1.0,-1.5
10_30_11_30,poc,V0,train,0.3,0.5,211,0.5165876777251185,0.4834123222748815,-0.08672985781990523
10_30_11_30,poc,V0,oos,0.3,0.5,16,0.375,0.625,-0.2
10_30_11_30,poc,V0,train,0.3,0.75,211,0.6208530805687204,0.3791469194312796,-0.09810426540284362
10_30_11_30,poc,V0,oos,0.3,0.75,16,0.375,0.625,-0.35625
10_30_11_30,poc,V0,train,0.3,1.0,211,0.6777251184834123,0.3222748815165877,-0.11895734597156399
10_30_11_30,poc,V0,oos,0.3,1.0,16,0.5,0.5,-0.35
10_30_11_30,poc,V0,train,0.3,1.5,211,0.7630331753554502,0.23696682464454977,-0.12654028436018958
10_30_11_30,poc,V0,oos,0.3,1.5,16,0.625,0.375,-0.375
10_30_11_30,poc,V0,train,0.5,0.5,211,0.4976303317535545,0.5023696682464455,-0.002369668246445498
10_30_11_30,poc,V0,oos,0.5,0.5,16,0.375,0.625,-0.125
10_30_11_30,poc,V0,train,0.5,0.75,211,0.5781990521327014,0.4218009478672986,-0.027251184834123223
10_30_11_30,poc,V0,oos,0.5,0.75,16,0.375,0.625,-0.28125
10_30_11_30,poc,V0,train,0.5,1.0,211,0.6350710900473934,0.36492890995260663,-0.04739336492890995
10_30_11_30,poc,V0,oos,0.5,1.0,16,0.5,0.5,-0.25
10_30_11_30,poc,V0,train,0.5,1.5,211,0.7109004739336493,0.2890995260663507,-0.07819905213270142
10_30_11_30,poc,V0,oos,0.5,1.5,16,0.625,0.375,-0.25
10_30_11_30,poc,V0,train,0.75,0.5,211,0.4075829383886256,0.5924170616113744,0.009478672985781991
10_30_11_30,poc,V0,oos,0.75,0.5,16,0.375,0.625,-0.03125
10_30_11_30,poc,V0,train,0.75,0.75,211,0.4881516587677725,0.5118483412322274,-0.017772511848341232
10_30_11_30,poc,V0,oos,0.75,0.75,16,0.375,0.625,-0.1875
10_30_11_30,poc,V0,train,0.75,1.0,211,0.5450236966824644,0.4549763033175355,-0.0462085308056872
10_30_11_30,poc,V0,oos,0.75,1.0,16,0.5,0.5,-0.125
10_30_11_30,poc,V0,train,0.75,1.5,211,0.6303317535545023,0.36492890995260663,-0.07464454976303317
10_30_11_30,poc,V0,oos,0.75,1.5,16,0.625,0.375,-0.09375
10_30_11_30,poc,V0,train,1.0,0.5,211,0.3222748815165877,0.6777251184834123,-0.016587677725118485
10_30_11_30,poc,V0,oos,1.0,0.5,16,0.25,0.75,-0.125
10_30_11_30,poc,V0,train,1.0,0.75,211,0.38388625592417064,0.6113744075829384,-0.07464454976303317
10_30_11_30,poc,V0,oos,1.0,0.75,16,0.3125,0.6875,-0.203125
10_30_11_30,poc,V0,train,1.0,1.0,211,0.45023696682464454,0.5450236966824644,-0.0947867298578199
10_30_11_30,poc,V0,oos,1.0,1.0,16,0.375,0.625,-0.25
10_30_11_30,poc,V0,train,1.0,1.5,211,0.5213270142180095,0.4597156398104265,-0.16824644549763032
10_30_11_30,poc,V0,oos,1.0,1.5,16,0.5625,0.4375,-0.09375
10_30_11_30,poc,V0,train,1.5,0.5,211,0.24170616113744076,0.7582938388625592,-0.016587677725118485
10_30_11_30,poc,V0,oos,1.5,0.5,16,0.1875,0.8125,-0.125
10_30_11_30,poc,V0,train,1.5,0.75,211,0.2796208530805687,0.7014218009478673,-0.1066350710900474
10_30_11_30,poc,V0,oos,1.5,0.75,16,0.25,0.75,-0.1875
10_30_11_30,poc,V0,train,1.5,1.0,211,0.35071090047393366,0.6208530805687204,-0.0947867298578199
10_30_11_30,poc,V0,oos,1.5,1.0,16,0.3125,0.6875,-0.21875
10_30_11_30,poc,V0,train,1.5,1.5,211,0.41232227488151657,0.5165876777251185,-0.15639810426540285
10_30_11_30,poc,V0,oos,1.5,1.5,16,0.5,0.5,0.0
10_30_11_30,poc,V1,train,0.3,0.5,88,0.5340909090909091,0.4659090909090909,-0.07272727272727274
10_30_11_30,poc,V1,oos,0.3,0.5,6,0.3333333333333333,0.6666666666666666,-0.2333333333333333
10_30_11_30,poc,V1,train,0.3,0.75,88,0.6590909090909091,0.3409090909090909,-0.057954545454545474
10_30_11_30,poc,V1,oos,0.3,0.75,6,0.3333333333333333,0.6666666666666666,-0.39999999999999997
10_30_11_30,poc,V1,train,0.3,1.0,88,0.7045454545454546,0.29545454545454547,-0.08409090909090912
10_30_11_30,poc,V1,oos,0.3,1.0,6,0.3333333333333333,0.6666666666666666,-0.5666666666666667
10_30_11_30,poc,V1,train,0.3,1.5,88,0.7613636363636364,0.23863636363636365,-0.12954545454545457
10_30_11_30,poc,V1,oos,0.3,1.5,6,0.6666666666666666,0.3333333333333333,-0.3
10_30_11_30,poc,V1,train,0.5,0.5,88,0.5113636363636364,0.48863636363636365,0.011363636363636364
10_30_11_30,poc,V1,oos,0.5,0.5,6,0.3333333333333333,0.6666666666666666,-0.16666666666666666
10_30_11_30,poc,V1,train,0.5,0.75,88,0.625,0.375,0.03125
10_30_11_30,poc,V1,oos,0.5,0.75,6,0.3333333333333333,0.6666666666666666,-0.3333333333333333
10_30_11_30,poc,V1,train,0.5,1.0,88,0.6590909090909091,0.3409090909090909,-0.011363636363636364
10_30_11_30,poc,V1,oos,0.5,1.0,6,0.3333333333333333,0.6666666666666666,-0.5
10_30_11_30,poc,V1,train,0.5,1.5,88,0.7159090909090909,0.2840909090909091,-0.06818181818181818
10_30_11_30,poc,V1,oos,0.5,1.5,6,0.6666666666666666,0.3333333333333333,-0.16666666666666666
10_30_11_30,poc,V1,train,0.75,0.5,88,0.42045454545454547,0.5795454545454546,0.02556818181818182
10_30_11_30,poc,V1,oos,0.75,0.5,6,0.3333333333333333,0.6666666666666666,-0.08333333333333333
10_30_11_30,poc,V1,train,0.75,0.75,88,0.5227272727272727,0.4772727272727273,0.03409090909090909
10_30_11_30,poc,V1,oos,0.75,0.75,6,0.3333333333333333,0.6666666666666666,-0.25
10_30_11_30,poc,V1,train,0.75,1.0,88,0.5681818181818182,0.4318181818181818,-0.005681818181818182
10_30_11_30,poc,V1,oos,0.75,1.0,6,0.3333333333333333,0.6666666666666666,-0.4166666666666667
10_30_11_30,poc,V1,train,0.75,1.5,88,0.6477272727272727,0.3522727272727273,-0.04261363636363636
10_30_11_30,poc,V1,oos,0.75,1.5,6,0.6666666666666666,0.3333333333333333,0.0
10_30_11_30,poc,V1,train,1.0,0.5,88,0.32954545454545453,0.6704545454545454,-0.005681818181818182
10_30_11_30,poc,V1,oos,1.0,0.5,6,0.16666666666666666,0.8333333333333334,-0.25
10_30_11_30,poc,V1,train,1.0,0.75,88,0.3977272727272727,0.5909090909090909,-0.045454545454545456
10_30_11_30,poc,V1,oos,1.0,0.75,6,0.16666666666666666,0.8333333333333334,-0.4583333333333333
10_30_11_30,poc,V1,train,1.0,1.0,88,0.4659090909090909,0.5227272727272727,-0.056818181818181816
10_30_11_30,poc,V1,oos,1.0,1.0,6,0.16666666666666666,0.8333333333333334,-0.6666666666666666
10_30_11_30,poc,V1,train,1.0,1.5,88,0.5681818181818182,0.42045454545454547,-0.0625
10_30_11_30,poc,V1,oos,1.0,1.5,6,0.6666666666666666,0.3333333333333333,0.16666666666666666
10_30_11_30,poc,V1,train,1.5,0.5,88,0.26136363636363635,0.7386363636363636,0.022727272727272728
10_30_11_30,poc,V1,oos,1.5,0.5,6,0.0,1.0,-0.5
10_30_11_30,poc,V1,train,1.5,0.75,88,0.29545454545454547,0.6818181818181818,-0.06818181818181818
10_30_11_30,poc,V1,oos,1.5,0.75,6,0.0,1.0,-0.75
10_30_11_30,poc,V1,train,1.5,1.0,88,0.36363636363636365,0.6022727272727273,-0.056818181818181816
10_30_11_30,poc,V1,oos,1.5,1.0,6,0.0,1.0,-1.0
10_30_11_30,poc,V1,train,1.5,1.5,88,0.4431818181818182,0.4772727272727273,-0.05113636363636364
10_30_11_30,poc,V1,oos,1.5,1.5,6,0.5,0.5,0.0
10_30_11_30,poc,V2,train,0.3,0.5,77,0.6103896103896104,0.38961038961038963,-0.011688311688311692
10_30_11_30,poc,V2,oos,0.3,0.5,5,0.4,0.6,-0.18
10_30_11_30,poc,V2,train,0.3,0.75,77,0.7012987012987013,0.2987012987012987,-0.013636363636363646
10_30_11_30,poc,V2,oos,0.3,0.75,5,0.4,0.6,-0.32999999999999996
10_30_11_30,poc,V2,train,0.3,1.0,77,0.7402597402597403,0.2597402597402597,-0.03766233766233769
10_30_11_30,poc,V2,oos,0.3,1.0,5,0.6,0.4,-0.22000000000000003
10_30_11_30,poc,V2,train,0.3,1.5,77,0.7922077922077922,0.2077922077922078,-0.07402597402597402
10_30_11_30,poc,V2,oos,0.3,1.5,5,0.6,0.4,-0.42000000000000004
10_30_11_30,poc,V2,train,0.5,0.5,77,0.5714285714285714,0.42857142857142855,0.07142857142857142
10_30_11_30,poc,V2,oos,0.5,0.5,5,0.4,0.6,-0.1
10_30_11_30,poc,V2,train,0.5,0.75,77,0.6233766233766234,0.37662337662337664,0.02922077922077922
10_30_11_30,poc,V2,oos,0.5,0.75,5,0.4,0.6,-0.25
10_30_11_30,poc,V2,train,0.5,1.0,77,0.6753246753246753,0.3246753246753247,0.012987012987012988
10_30_11_30,poc,V2,oos,0.5,1.0,5,0.6,0.4,-0.1
10_30_11_30,poc,V2,train,0.5,1.5,77,0.7402597402597403,0.2597402597402597,-0.01948051948051948
10_30_11_30,poc,V2,oos,0.5,1.5,5,0.6,0.4,-0.3
10_30_11_30,poc,V2,train,0.75,0.5,77,0.5064935064935064,0.4935064935064935,0.1331168831168831
10_30_11_30,poc,V2,oos,0.75,0.5,5,0.4,0.6,0.0
10_30_11_30,poc,V2,train,0.75,0.75,77,0.5584415584415584,0.44155844155844154,0.08766233766233766
10_30_11_30,poc,V2,oos,0.75,0.75,5,0.4,0.6,-0.15
10_30_11_30,poc,V2,train,0.75,1.0,77,0.6233766233766234,0.37662337662337664,0.09090909090909091
10_30_11_30,poc,V2,oos,0.75,1.0,5,0.6,0.4,0.05
10_30_11_30,poc,V2,train,0.75,1.5,77,0.6883116883116883,0.2987012987012987,0.06818181818181818
10_30_11_30,poc,V2,oos,0.75,1.5,5,0.6,0.4,-0.15
10_30_11_30,poc,V2,train,1.0,0.5,77,0.35064935064935066,0.6493506493506493,0.025974025974025976
10_30_11_30,poc,V2,oos,1.0,0.5,5,0.4,0.6,0.1
10_30_11_30,poc,V2,train,1.0,0.75,77,0.4155844155844156,0.5844155844155844,-0.022727272727272728
10_30_11_30,poc,V2,oos,1.0,0.75,5,0.4,0.6,-0.05
10_30_11_30,poc,V2,train,1.0,1.0,77,0.4675324675324675,0.5324675324675324,-0.06493506493506493
10_30_11_30,poc,V2,oos,1.0,1.0,5,0.4,0.6,-0.2
10_30_11_30,poc,V2,train,1.0,1.5,77,0.5584415584415584,0.42857142857142855,-0.08441558441558442
10_30_11_30,poc,V2,oos,1.0,1.5,5,0.4,0.6,-0.5
10_30_11_30,poc,V2,train,1.5,0.5,77,0.24675324675324675,0.7532467532467533,-0.006493506493506494
10_30_11_30,poc,V2,oos,1.5,0.5,5,0.2,0.8,-0.1
10_30_11_30,poc,V2,train,1.5,0.75,77,0.2857142857142857,0.7012987012987013,-0.09740259740259741
10_30_11_30,poc,V2,oos,1.5,0.75,5,0.2,0.8,-0.3
10_30_11_30,poc,V2,train,1.5,1.0,77,0.36363636363636365,0.6233766233766234,-0.07792207792207792
10_30_11_30,poc,V2,oos,1.5,1.0,5,0.2,0.8,-0.5
10_30_11_30,poc,V2,train,1.5,1.5,77,0.4155844155844156,0.4805194805194805,-0.09740259740259741
10_30_11_30,poc,V2,oos,1.5,1.5,5,0.2,0.8,-0.9
10_30_11_30,poc,V3,train,0.3,0.5,37,0.7027027027027027,0.2972972972972973,0.06216216216216216
10_30_11_30,poc,V3,oos,0.3,0.5,1,1.0,0.0,0.3
10_30_11_30,poc,V3,train,0.3,0.75,37,0.7837837837837838,0.21621621621621623,0.07297297297297295
10_30_11_30,poc,V3,oos,0.3,0.75,1,1.0,0.0,0.3
10_30_11_30,poc,V3,train,0.3,1.0,37,0.8108108108108109,0.1891891891891892,0.05405405405405406
10_30_11_30,poc,V3,oos,0.3,1.0,1,1.0,0.0,0.3
10_30_11_30,poc,V3,train,0.3,1.5,37,0.8108108108108109,0.1891891891891892,-0.04054054054054054
10_30_11_30,poc,V3,oos,0.3,1.5,1,1.0,0.0,0.3
10_30_11_30,poc,V3,train,0.5,0.5,37,0.6486486486486487,0.35135135135135137,0.14864864864864866
10_30_11_30,poc,V3,oos,0.5,0.5,1,1.0,0.0,0.5
10_30_11_30,poc,V3,train,0.5,0.75,37,0.7027027027027027,0.2972972972972973,0.12837837837837837
10_30_11_30,poc,V3,oos,0.5,0.75,1,1.0,0.0,0.5
10_30_11_30,poc,V3,train,0.5,1.0,37,0.7297297297297297,0.2702702702702703,0.0945945945945946
10_30_11_30,poc,V3,oos,0.5,1.0,1,1.0,0.0,0.5
10_30_11_30,poc,V3,train,0.5,1.5,37,0.7837837837837838,0.21621621621621623,0.06756756756756757
10_30_11_30,poc,V3,oos,0.5,1.5,1,1.0,0.0,0.5
10_30_11_30,poc,V3,train,0.75,0.5,37,0.5945945945945946,0.40540540540540543,0.24324324324324326
10_30_11_30,poc,V3,oos,0.75,0.5,1,1.0,0.0,0.75
10_30_11_30,poc,V3,train,0.75,0.75,37,0.6486486486486487,0.35135135135135137,0.22297297297297297
10_30_11_30,poc,V3,oos,0.75,0.75,1,1.0,0.0,0.75
10_30_11_30,poc,V3,train,0.75,1.0,37,0.7027027027027027,0.2972972972972973,0.22972972972972974
10_30_11_30,poc,V3,oos,0.75,1.0,1,1.0,0.0,0.75
10_30_11_30,poc,V3,train,0.75,1.5,37,0.7837837837837838,0.21621621621621623,0.2635135135135135
10_30_11_30,poc,V3,oos,0.75,1.5,1,1.0,0.0,0.75
10_30_11_30,poc,V3,train,1.0,0.5,37,0.43243243243243246,0.5675675675675675,0.14864864864864866
10_30_11_30,poc,V3,oos,1.0,0.5,1,1.0,0.0,1.0
10_30_11_30,poc,V3,train,1.0,0.75,37,0.5135135135135135,0.4864864864864865,0.14864864864864866
10_30_11_30,poc,V3,oos,1.0,0.75,1,1.0,0.0,1.0
10_30_11_30,poc,V3,train,1.0,1.0,37,0.5675675675675675,0.43243243243243246,0.13513513513513514
10_30_11_30,poc,V3,oos,1.0,1.0,1,1.0,0.0,1.0
10_30_11_30,poc,V3,train,1.0,1.5,37,0.7027027027027027,0.2972972972972973,0.25675675675675674
10_30_11_30,poc,V3,oos,1.0,1.5,1,1.0,0.0,1.0
10_30_11_30,poc,V3,train,1.5,0.5,37,0.2972972972972973,0.7027027027027027,0.0945945945945946
10_30_11_30,poc,V3,oos,1.5,0.5,1,0.0,1.0,-0.5
10_30_11_30,poc,V3,train,1.5,0.75,37,0.35135135135135137,0.6486486486486487,0.04054054054054054
10_30_11_30,poc,V3,oos,1.5,0.75,1,0.0,1.0,-0.75
10_30_11_30,poc,V3,train,1.5,1.0,37,0.43243243243243246,0.5675675675675675,0.08108108108108109
10_30_11_30,poc,V3,oos,1.5,1.0,1,0.0,1.0,-1.0
10_30_11_30,poc,V3,train,1.5,1.5,37,0.4864864864864865,0.40540540540540543,0.12162162162162163
10_30_11_30,poc,V3,oos,1.5,1.5,1,0.0,1.0,-1.5
