ticker,level_name,confluence,direction,target,stop,n,n_base,hit,base_hit,hit_lift,expectancy,base_exp,edge
SPY,ALL,all,momentum,1.0,1.5,1906,8223,0.22822665267576075,0.17730755198832543,0.050919100687435326,0.08971668415529906,0.06566946369937979,0.02404722045591927
SPY,ALL,confluence_true,momentum,1.0,1.5,392,8223,0.21173469387755103,0.17730755198832543,0.034427141889225604,0.0625,0.06566946369937979,-0.0031694636993797876
SPY,ALL,confluence_false,momentum,1.0,1.5,1514,8223,0.23249669749009247,0.17730755198832543,0.05518914550176704,0.09676354029062087,0.06566946369937979,0.031094076591241082
SPY,poc,all,momentum,1.0,1.5,346,8223,0.23410404624277456,0.17730755198832543,0.05679649425444913,0.10404624277456648,0.06566946369937979,0.03837677907518669
SPY,poc,confluence_true,momentum,1.0,1.5,71,8223,0.18309859154929578,0.17730755198832543,0.005791039560970351,0.056338028169014086,0.06566946369937979,-0.009331435530365702
SPY,poc,confluence_false,momentum,1.0,1.5,275,8223,0.24727272727272728,0.17730755198832543,0.06996517528440185,0.11636363636363636,0.06566946369937979,0.050694172664256576
SPY,vah,all,momentum,1.0,1.5,359,8223,0.16991643454038996,0.17730755198832543,-0.007391117447935469,0.002785515320334262,0.06566946369937979,-0.06288394837904553
SPY,vah,confluence_true,momentum,1.0,1.5,78,8223,0.16666666666666666,0.17730755198832543,-0.010640885321658772,-0.00641025641025641,0.06566946369937979,-0.0720797201096362
SPY,vah,confluence_false,momentum,1.0,1.5,281,8223,0.1708185053380783,0.17730755198832543,-0.006489046650247132,0.005338078291814947,0.06566946369937979,-0.060331385407564844
SPY,val,all,momentum,1.0,1.5,283,8223,0.2791519434628975,0.17730755198832543,0.10184439147457208,0.13604240282685512,0.06566946369937979,0.07037293912747533
SPY,val,confluence_true,momentum,1.0,1.5,52,8223,0.28846153846153844,0.17730755198832543,0.111153986473213,0.08653846153846154,0.06566946369937979,0.02086899783908175
SPY,val,confluence_false,momentum,1.0,1.5,231,8223,0.27705627705627706,0.17730755198832543,0.09974872506795163,0.1471861471861472,0.06566946369937979,0.08151668348676741
SPY,prior_high,all,momentum,1.0,1.5,295,8223,0.2,0.17730755198832543,0.022692448011674582,0.10338983050847457,0.06566946369937979,0.03772036680909478
SPY,prior_high,confluence_true,momentum,1.0,1.5,64,8223,0.1875,0.17730755198832543,0.01019244801167457,0.1171875,0.06566946369937979,0.05151803630062021
SPY,prior_high,confluence_false,momentum,1.0,1.5,231,8223,0.20346320346320346,0.17730755198832543,0.026155651474878028,0.09956709956709957,0.06566946369937979,0.03389763586771978
SPY,prior_low,all,momentum,1.0,1.5,223,8223,0.26905829596412556,0.17730755198832543,0.09175074397580013,0.10762331838565023,0.06566946369937979,0.04195385468627044
SPY,prior_low,confluence_true,momentum,1.0,1.5,46,8223,0.2826086956521739,0.17730755198832543,0.10530114366384846,0.05434782608695652,0.06566946369937979,-0.011321637612423267
SPY,prior_low,confluence_false,momentum,1.0,1.5,177,8223,0.2655367231638418,0.17730755198832543,0.08822917117551637,0.12146892655367232,0.06566946369937979,0.055799462854292534
SPY,prior_close,all,momentum,1.0,1.5,400,8223,0.2375,0.17730755198832543,0.06019244801167456,0.1025,0.06566946369937979,0.036830536300620206
SPY,prior_close,confluence_true,momentum,1.0,1.5,81,8223,0.20987654320987653,0.17730755198832543,0.0325689912215511,0.08024691358024691,0.06566946369937979,0.014577449880867122
SPY,prior_close,confluence_false,momentum,1.0,1.5,319,8223,0.2445141065830721,0.17730755198832543,0.06720655459474667,0.10815047021943573,0.06566946369937979,0.042481006520055944
SPY,ALL,all,momentum,0.75,1.0,1906,8223,0.31584470094438616,0.2697312416393044,0.04611345930508176,0.04223504721930745,0.04481332846892862,-0.0025782812496211657
SPY,ALL,confluence_true,momentum,0.75,1.0,392,8223,0.30357142857142855,0.2697312416393044,0.03384018693212415,0.03125,0.04481332846892862,-0.013563328468928618
SPY,ALL,confluence_false,momentum,0.75,1.0,1514,8223,0.3190224570673712,0.2697312416393044,0.049291215428066804,0.045079260237780715,0.04481332846892862,0.00026593176885209707
SPY,poc,all,momentum,0.75,1.0,346,8223,0.3236994219653179,0.2697312416393044,0.053968180326013526,0.06647398843930635,0.04481332846892862,0.021660659970377735
SPY,poc,confluence_true,momentum,0.75,1.0,71,8223,0.28169014084507044,0.2697312416393044,0.011958899205766038,0.014084507042253521,0.04481332846892862,-0.030728821426675094
SPY,poc,confluence_false,momentum,0.75,1.0,275,8223,0.33454545454545453,0.2697312416393044,0.06481421290615014,0.08,0.04481332846892862,0.035186671531071384
SPY,vah,all,momentum,0.75,1.0,359,8223,0.2646239554317549,0.2697312416393044,-0.005107286207549522,0.003481894150417827,0.04481332846892862,-0.04133143431851079
SPY,vah,confluence_true,momentum,0.75,1.0,78,8223,0.24358974358974358,0.2697312416393044,-0.026141498049560813,-0.022435897435897436,0.04481332846892862,-0.06724922590482606
SPY,vah,confluence_false,momentum,0.75,1.0,281,8223,0.2704626334519573,0.2697312416393044,0.0007313918126529151,0.010676156583629894,0.04481332846892862,-0.034137171885298724
SPY,val,all,momentum,0.75,1.0,283,8223,0.38869257950530034,0.2697312416393044,0.11896133786599594,0.10777385159010601,0.04481332846892862,0.06296052312117739
SPY,val,confluence_true,momentum,0.75,1.0,52,8223,0.38461538461538464,0.2697312416393044,0.11488414297608024,0.057692307692307696,0.04481332846892862,0.012878979223379078
SPY,val,confluence_false,momentum,0.75,1.0,231,8223,0.38961038961038963,0.2697312416393044,0.11987914797108523,0.11904761904761904,0.04481332846892862,0.07423429057869042
SPY,prior_high,all,momentum,0.75,1.0,295,8223,0.288135593220339,0.2697312416393044,0.018404351581034595,0.026271186440677965,0.04481332846892862,-0.018542142028250653
SPY,prior_high,confluence_true,momentum,0.75,1.0,64,8223,0.296875,0.2697312416393044,0.027143758360695602,0.11328125,0.04481332846892862,0.06846792153107138
SPY,prior_high,confluence_false,momentum,0.75,1.0,231,8223,0.2857142857142857,0.2697312416393044,0.0159830440749813,0.0021645021645021645,0.04481332846892862,-0.04264882630442645
SPY,prior_low,all,momentum,0.75,1.0,223,8223,0.35874439461883406,0.2697312416393044,0.08901315297952966,0.04035874439461883,0.04481332846892862,-0.004454584074309785
SPY,prior_low,confluence_true,momentum,0.75,1.0,46,8223,0.30434782608695654,0.2697312416393044,0.03461658444765214,-0.11956521739130435,0.04481332846892862,-0.16437854586023298
SPY,prior_low,confluence_false,momentum,0.75,1.0,177,8223,0.3728813559322034,0.2697312416393044,0.103150114292899,0.08192090395480225,0.04481332846892862,0.03710757548587364
SPY,prior_close,all,momentum,0.75,1.0,400,8223,0.3,0.2697312416393044,0.03026875836069559,0.0225,0.04481332846892862,-0.02231332846892862
SPY,prior_close,confluence_true,momentum,0.75,1.0,81,8223,0.3333333333333333,0.2697312416393044,0.06360209169402892,0.10185185185185185,0.04481332846892862,0.05703852338292323
SPY,prior_close,confluence_false,momentum,0.75,1.0,319,8223,0.29153605015673983,0.2697312416393044,0.021804808517435437,0.0023510971786833857,0.04481332846892862,-0.042462231290245234
SPY,ALL,all,fade,1.5,1.5,1906,8223,0.09758656873032528,0.07783047549556123,0.019756093234764058,-0.012591815320041973,-0.004377964246625319,-0.008213851073416654
SPY,ALL,confluence_true,fade,1.5,1.5,392,8223,0.11479591836734694,0.07783047549556123,0.036965442871785714,0.015306122448979591,-0.004377964246625319,0.01968408669560491
SPY,ALL,confluence_false,fade,1.5,1.5,1514,8223,0.09313077939233817,0.07783047549556123,0.015300303896776946,-0.019815059445178335,-0.004377964246625319,-0.015437095198553016
SPY,poc,all,fade,1.5,1.5,346,8223,0.09248554913294797,0.07783047549556123,0.014655073637386745,-0.017341040462427744,-0.004377964246625319,-0.012963076215802425
SPY,poc,confluence_true,fade,1.5,1.5,71,8223,0.09859154929577464,0.07783047549556123,0.020761073800213414,0.06338028169014084,-0.004377964246625319,0.06775824593676616
SPY,poc,confluence_false,fade,1.5,1.5,275,8223,0.09090909090909091,0.07783047549556123,0.013078615413529684,-0.038181818181818185,-0.004377964246625319,-0.03380385393519286
SPY,vah,all,fade,1.5,1.5,359,8223,0.11977715877437325,0.07783047549556123,0.04194668327881203,0.08774373259052924,-0.004377964246625319,0.09212169683715456
SPY,vah,confluence_true,fade,1.5,1.5,78,8223,0.14102564102564102,0.07783047549556123,0.0631951655300798,0.11538461538461539,-0.004377964246625319,0.1197625796312407
SPY,vah,confluence_false,fade,1.5,1.5,281,8223,0.11387900355871886,0.07783047549556123,0.03604852806315763,0.0800711743772242,-0.004377964246625319,0.08444913862384952
SPY,val,all,fade,1.5,1.5,283,8223,0.0989399293286219,0.07783047549556123,0.021109453833060676,-0.10070671378091872,-0.004377964246625319,-0.0963287495342934
SPY,val,confluence_true,fade,1.5,1.5,52,8223,0.15384615384615385,0.07783047549556123,0.07601567835059263,0.0,-0.004377964246625319,0.004377964246625319
SPY,val,confluence_false,fade,1.5,1.5,231,8223,0.08658008658008658,0.07783047549556123,0.00874961108452535,-0.12337662337662338,-0.004377964246625319,-0.11899865912999806
SPY,prior_high,all,fade,1.5,1.5,295,8223,0.0711864406779661,0.07783047549556123,-0.006644034817595124,-0.005084745762711864,-0.004377964246625319,-0.0007067815160865451
SPY,prior_high,confluence_true,fade,1.5,1.5,64,8223,0.0625,0.07783047549556123,-0.015330475495561227,-0.0234375,-0.004377964246625319,-0.01905953575337468
SPY,prior_high,confluence_false,fade,1.5,1.5,231,8223,0.0735930735930736,0.07783047549556123,-0.004237401902487628,0.0,-0.004377964246625319,0.004377964246625319
SPY,prior_low,all,fade,1.5,1.5,223,8223,0.11659192825112108,0.07783047549556123,0.03876145275555985,-0.04708520179372197,-0.004377964246625319,-0.042707237547096655
SPY,prior_low,confluence_true,fade,1.5,1.5,46,8223,0.17391304347826086,0.07783047549556123,0.09608256798269964,0.0,-0.004377964246625319,0.004377964246625319
SPY,prior_low,confluence_false,fade,1.5,1.5,177,8223,0.1016949152542373,0.07783047549556123,0.023864439758676068,-0.059322033898305086,-0.004377964246625319,-0.054944069651679764
SPY,prior_close,all,fade,1.5,1.5,400,8223,0.09,0.07783047549556123,0.01216952450443877,-0.0225,-0.004377964246625319,-0.01812203575337468
SPY,prior_close,confluence_true,fade,1.5,1.5,81,8223,0.08641975308641975,0.07783047549556123,0.008589277590858521,-0.07407407407407407,-0.004377964246625319,-0.06969610982744875
SPY,prior_close,confluence_false,fade,1.5,1.5,319,8223,0.09090909090909091,0.07783047549556123,0.013078615413529684,-0.009404388714733543,-0.004377964246625319,-0.005026424468108224
SPY,ALL,all,fade,1.0,1.0,1906,8223,0.2098635886673662,0.16624103125380033,0.04362255741356588,-0.008919202518363064,-0.005594065426243464,-0.0033251370921196
SPY,ALL,confluence_true,fade,1.0,1.0,392,8223,0.2066326530612245,0.16624103125380033,0.04039162180742417,0.00510204081632653,-0.005594065426243464,0.010696106242569994
SPY,ALL,confluence_false,fade,1.0,1.0,1514,8223,0.21070013210039631,0.16624103125380033,0.04445910084659599,-0.012549537648612946,-0.005594065426243464,-0.006955472222369482
SPY,poc,all,fade,1.0,1.0,346,8223,0.19653179190751446,0.16624103125380033,0.03029076065371414,-0.028901734104046242,-0.005594065426243464,-0.02330766867780278
SPY,poc,confluence_true,fade,1.0,1.0,71,8223,0.2112676056338028,0.16624103125380033,0.04502657438000249,0.04225352112676056,-0.005594065426243464,0.04784758655300403
SPY,poc,confluence_false,fade,1.0,1.0,275,8223,0.19272727272727272,0.16624103125380033,0.026486241473472394,-0.04727272727272727,-0.005594065426243464,-0.041678661846483805
SPY,vah,all,fade,1.0,1.0,359,8223,0.2116991643454039,0.16624103125380033,0.04545813309160357,0.05013927576601671,-0.005594065426243464,0.05573334119226018
SPY,vah,confluence_true,fade,1.0,1.0,78,8223,0.21794871794871795,0.16624103125380033,0.051707686694917626,0.0641025641025641,-0.005594065426243464,0.06969662952880756
SPY,vah,confluence_false,fade,1.0,1.0,281,8223,0.2099644128113879,0.16624103125380033,0.043723381557587565,0.046263345195729534,-0.005594065426243464,0.051857410621973
SPY,val,all,fade,1.0,1.0,283,8223,0.20141342756183744,0.16624103125380033,0.03517239630803712,-0.07420494699646643,-0.005594065426243464,-0.06861088157022296
SPY,val,confluence_true,fade,1.0,1.0,52,8223,0.23076923076923078,0.16624103125380033,0.06452819951543046,-0.057692307692307696,-0.005594065426243464,-0.05209824226606423
SPY,val,confluence_false,fade,1.0,1.0,231,8223,0.19480519480519481,0.16624103125380033,0.02856416355139449,-0.07792207792207792,-0.005594065426243464,-0.07232801249583445
SPY,prior_high,all,fade,1.0,1.0,295,8223,0.2,0.16624103125380033,0.033758968746199686,0.01694915254237288,-0.005594065426243464,0.022543217968616344
SPY,prior_high,confluence_true,fade,1.0,1.0,64,8223,0.125,0.16624103125380033,-0.041241031253800325,-0.03125,-0.005594065426243464,-0.025655934573756537
SPY,prior_high,confluence_false,fade,1.0,1.0,231,8223,0.22077922077922077,0.16624103125380033,0.054538189525420444,0.030303030303030304,-0.005594065426243464,0.03589709572927377
SPY,prior_low,all,fade,1.0,1.0,223,8223,0.25112107623318386,0.16624103125380033,0.08488004497938353,-0.013452914798206279,-0.005594065426243464,-0.007858849371962816
SPY,prior_low,confluence_true,fade,1.0,1.0,46,8223,0.34782608695652173,0.16624103125380033,0.1815850557027214,0.06521739130434782,-0.005594065426243464,0.07081145673059129
SPY,prior_low,confluence_false,fade,1.0,1.0,177,8223,0.22598870056497175,0.16624103125380033,0.059747669311171425,-0.03389830508474576,-0.005594065426243464,-0.0283042396585023
SPY,prior_close,all,fade,1.0,1.0,400,8223,0.21,0.16624103125380033,0.04375896874619967,-0.015,-0.005594065426243464,-0.009405934573756537
SPY,prior_close,confluence_true,fade,1.0,1.0,81,8223,0.16049382716049382,0.16624103125380033,-0.005747204093306507,-0.04938271604938271,-0.005594065426243464,-0.04378865062313925
SPY,prior_close,confluence_false,fade,1.0,1.0,319,8223,0.2225705329153605,0.16624103125380033,0.05632950166156017,-0.006269592476489028,-0.005594065426243464,-0.0006755270502455642
SPY,ALL,all,fade,0.3,0.25,1906,8223,0.44333683105981114,0.4111638088288946,0.03217302223091656,-0.0006558237145855194,-0.01109084275811748,0.010435019043531961
SPY,ALL,confluence_true,fade,0.3,0.25,392,8223,0.4260204081632653,0.4111638088288946,0.014856599334370724,-0.009311224489795916,-0.01109084275811748,0.0017796182683215648
SPY,ALL,confluence_false,fade,0.3,0.25,1514,8223,0.4478203434610304,0.4111638088288946,0.03665653463213581,0.0015852047556142706,-0.01109084275811748,0.012676047513731751
SPY,poc,all,fade,0.3,0.25,346,8223,0.4653179190751445,0.4111638088288946,0.05415411024624994,0.012427745664739876,-0.01109084275811748,0.023518588422857357
SPY,poc,confluence_true,fade,0.3,0.25,71,8223,0.4225352112676056,0.4111638088288946,0.011371402438711042,-0.01056338028169014,-0.01109084275811748,0.0005274624764273397
SPY,poc,confluence_false,fade,0.3,0.25,275,8223,0.4763636363636364,0.4111638088288946,0.0651998275347418,0.018363636363636353,-0.01109084275811748,0.029454479121753835
SPY,vah,all,fade,0.3,0.25,359,8223,0.45403899721448465,0.4111638088288946,0.04287518838559007,0.005988857938718659,-0.01109084275811748,0.01707970069683614
SPY,vah,confluence_true,fade,0.3,0.25,78,8223,0.38461538461538464,0.4111638088288946,-0.026548424213509947,-0.02564102564102564,-0.01109084275811748,-0.01455018288290816
SPY,vah,confluence_false,fade,0.3,0.25,281,8223,0.47330960854092524,0.4111638088288946,0.06214579971203066,0.014768683274021347,-0.01109084275811748,0.025859526032138827
SPY,val,all,fade,0.3,0.25,283,8223,0.40636042402826855,0.4111638088288946,-0.004803384800626032,-0.02120141342756184,-0.01109084275811748,-0.010110570669444359
SPY,val,confluence_true,fade,0.3,0.25,52,8223,0.40384615384615385,0.4111638088288946,-0.007317654982740729,-0.02307692307692308,-0.01109084275811748,-0.011986080318805601
SPY,val,confluence_false,fade,0.3,0.25,231,8223,0.4069264069264069,0.4111638088288946,-0.00423740190248767,-0.020779220779220783,-0.01109084275811748,-0.009688378021103302
SPY,prior_high,all,fade,0.3,0.25,295,8223,0.4542372881355932,0.4111638088288946,0.04307347930669864,0.003220338983050833,-0.01109084275811748,0.014311181741168313
SPY,prior_high,confluence_true,fade,0.3,0.25,64,8223,0.4375,0.4111638088288946,0.026336191171105416,-0.0054687499999999944,-0.01109084275811748,0.005622092758117486
SPY,prior_high,confluence_false,fade,0.3,0.25,231,8223,0.4588744588744589,0.4111638088288946,0.047710650045564296,0.005627705627705615,-0.01109084275811748,0.016718548385823095
SPY,prior_low,all,fade,0.3,0.25,223,8223,0.4170403587443946,0.4111638088288946,0.005876549915500018,-0.015022421524663683,-0.01109084275811748,-0.003931578766546203
SPY,prior_low,confluence_true,fade,0.3,0.25,46,8223,0.43478260869565216,0.4111638088288946,0.023618799866757578,-0.010869565217391304,-0.01109084275811748,0.00022127754072617627
SPY,prior_low,confluence_false,fade,0.3,0.25,177,8223,0.4124293785310734,0.4111638088288946,0.001265569702178837,-0.016101694915254244,-0.01109084275811748,-0.005010852157136763
SPY,prior_close,all,fade,0.3,0.25,400,8223,0.4475,0.4111638088288946,0.036336191171105425,0.0017499999999999894,-0.01109084275811748,0.01284084275811747
SPY,prior_close,confluence_true,fade,0.3,0.25,81,8223,0.4691358024691358,0.4111638088288946,0.05797199364024119,0.014197530864197535,-0.01109084275811748,0.025288373622315015
SPY,prior_close,confluence_false,fade,0.3,0.25,319,8223,0.44200626959247646,0.4111638088288946,0.03084246076358188,-0.0014106583072100404,-0.01109084275811748,0.00968018445090744
QQQ,ALL,all,momentum,1.0,1.5,2006,8579,0.34845463609172483,0.24956288611726307,0.09889174997446176,0.13160518444666003,0.07087073085441194,0.06073445359224809
QQQ,ALL,confluence_true,momentum,1.0,1.5,204,8579,0.3333333333333333,0.24956288611726307,0.08377044721607024,0.11274509803921569,0.07087073085441194,0.04187436718480375
QQQ,ALL,confluence_false,momentum,1.0,1.5,1802,8579,0.3501664816870144,0.24956288611726307,0.10060359556975135,0.13374028856825748,0.07087073085441194,0.06286955771384554
QQQ,poc,all,momentum,1.0,1.5,364,8579,0.3324175824175824,0.24956288611726307,0.08285469630031933,0.12225274725274725,0.07087073085441194,0.05138201639833531
QQQ,poc,confluence_true,momentum,1.0,1.5,38,8579,0.2631578947368421,0.24956288611726307,0.013595008619579019,0.06578947368421052,0.07087073085441194,-0.005081257170201414
QQQ,poc,confluence_false,momentum,1.0,1.5,326,8579,0.34049079754601225,0.24956288611726307,0.09092791142874918,0.12883435582822086,0.07087073085441194,0.05796362497380893
QQQ,vah,all,momentum,1.0,1.5,371,8579,0.31536388140161725,0.24956288611726307,0.06580099528435418,0.10107816711590296,0.07087073085441194,0.030207436261491027
QQQ,vah,confluence_true,momentum,1.0,1.5,37,8579,0.3783783783783784,0.24956288611726307,0.12881549226111533,0.21621621621621623,0.07087073085441194,0.1453454853618043
QQQ,vah,confluence_false,momentum,1.0,1.5,334,8579,0.3083832335329341,0.24956288611726307,0.05882034741567105,0.08832335329341318,0.07087073085441194,0.01745262243900124
QQQ,val,all,momentum,1.0,1.5,318,8579,0.36477987421383645,0.24956288611726307,0.11521698809657338,0.10534591194968554,0.07087073085441194,0.0344751810952736
QQQ,val,confluence_true,momentum,1.0,1.5,32,8579,0.40625,0.24956288611726307,0.15668711388273693,0.125,0.07087073085441194,0.05412926914558806
QQQ,val,confluence_false,momentum,1.0,1.5,286,8579,0.36013986013986016,0.24956288611726307,0.11057697402259709,0.10314685314685315,0.07087073085441194,0.032276122292441214
QQQ,prior_high,all,momentum,1.0,1.5,306,8579,0.32679738562091504,0.24956288611726307,0.07723449950365197,0.13562091503267973,0.07087073085441194,0.06475018417826779
QQQ,prior_high,confluence_true,momentum,1.0,1.5,28,8579,0.35714285714285715,0.24956288611726307,0.10757997102559408,0.30357142857142855,0.07087073085441194,0.23270069771701662
QQQ,prior_high,confluence_false,momentum,1.0,1.5,278,8579,0.3237410071942446,0.24956288611726307,0.07417812107698152,0.11870503597122302,0.07087073085441194,0.04783430511681108
QQQ,prior_low,all,momentum,1.0,1.5,243,8579,0.4567901234567901,0.24956288611726307,0.20722723733952703,0.2222222222222222,0.07087073085441194,0.1513514913678103
QQQ,prior_low,confluence_true,momentum,1.0,1.5,27,8579,0.3333333333333333,0.24956288611726307,0.08377044721607024,0.0,0.07087073085441194,-0.07087073085441194
QQQ,prior_low,confluence_false,momentum,1.0,1.5,216,8579,0.4722222222222222,0.24956288611726307,0.22265933610495914,0.25,0.07087073085441194,0.17912926914558808
QQQ,prior_close,all,momentum,1.0,1.5,404,8579,0.3316831683168317,0.24956288611726307,0.08212028219956863,0.1311881188118812,0.07087073085441194,0.06031738795746926
QQQ,prior_close,confluence_true,momentum,1.0,1.5,42,8579,0.2857142857142857,0.24956288611726307,0.036151399597022627,0.0,0.07087073085441194,-0.07087073085441194
QQQ,prior_close,confluence_false,momentum,1.0,1.5,362,8579,0.3370165745856354,0.24956288611726307,0.08745368846837231,0.1464088397790055,0.07087073085441194,0.07553810892459357
QQQ,ALL,all,momentum,0.75,1.0,2006,8579,0.45014955134596213,0.34945797878540624,0.10069157256055589,0.08337487537387836,0.03794148502156428,0.04543339035231408
QQQ,ALL,confluence_true,momentum,0.75,1.0,204,8579,0.45588235294117646,0.34945797878540624,0.10642437415577022,0.10661764705882353,0.03794148502156428,0.06867616203725924
QQQ,ALL,confluence_false,momentum,0.75,1.0,1802,8579,0.44950055493895674,0.34945797878540624,0.1000425761535505,0.08074361820199778,0.03794148502156428,0.0428021331804335
QQQ,poc,all,momentum,0.75,1.0,364,8579,0.42857142857142855,0.34945797878540624,0.0791134497860223,0.07142857142857142,0.03794148502156428,0.03348708640700714
QQQ,poc,confluence_true,momentum,0.75,1.0,38,8579,0.39473684210526316,0.34945797878540624,0.04527886331985692,0.08552631578947369,0.03794148502156428,0.047584830767909404
QQQ,poc,confluence_false,momentum,0.75,1.0,326,8579,0.4325153374233129,0.34945797878540624,0.08305735863790664,0.06978527607361963,0.03794148502156428,0.03184379105205535
QQQ,vah,all,momentum,0.75,1.0,371,8579,0.42318059299191374,0.34945797878540624,0.0737226142065075,0.04514824797843666,0.03794148502156428,0.0072067629568723784
QQQ,vah,confluence_true,momentum,0.75,1.0,37,8579,0.4594594594594595,0.34945797878540624,0.11000148067405324,0.18243243243243243,0.03794148502156428,0.14449094741086815
QQQ,vah,confluence_false,momentum,0.75,1.0,334,8579,0.41916167664670656,0.34945797878540624,0.06970369786130032,0.029940119760479042,0.03794148502156428,-0.00800136526108524
QQQ,val,all,momentum,0.75,1.0,318,8579,0.4811320754716981,0.34945797878540624,0.13167409668629187,0.08411949685534591,0.03794148502156428,0.046178011833781625
QQQ,val,confluence_true,momentum,0.75,1.0,32,8579,0.5625,0.34945797878540624,0.21304202121459376,0.109375,0.03794148502156428,0.07143351497843572
QQQ,val,confluence_false,momentum,0.75,1.0,286,8579,0.47202797202797203,0.34945797878540624,0.12256999324256579,0.08129370629370629,0.03794148502156428,0.04335222127214201
QQQ,prior_high,all,momentum,0.75,1.0,306,8579,0.4411764705882353,0.34945797878540624,0.09171849180282904,0.08905228758169935,0.03794148502156428,0.05111080256013507
QQQ,prior_high,confluence_true,momentum,0.75,1.0,28,8579,0.42857142857142855,0.34945797878540624,0.0791134497860223,0.21428571428571427,0.03794148502156428,0.17634422926415
QQQ,prior_high,confluence_false,momentum,0.75,1.0,278,8579,0.44244604316546765,0.34945797878540624,0.09298806438006141,0.0764388489208633,0.03794148502156428,0.038497363899299024
QQQ,prior_low,all,momentum,0.75,1.0,243,8579,0.5349794238683128,0.34945797878540624,0.18552144508290652,0.16255144032921812,0.03794148502156428,0.12460995530765384
QQQ,prior_low,confluence_true,momentum,0.75,1.0,27,8579,0.48148148148148145,0.34945797878540624,0.1320235026960752,0.06481481481481481,0.03794148502156428,0.02687332979325053
QQQ,prior_low,confluence_false,momentum,0.75,1.0,216,8579,0.5416666666666666,0.34945797878540624,0.1922086878812604,0.17476851851851852,0.03794148502156428,0.13682703349695424
QQQ,prior_close,all,momentum,0.75,1.0,404,8579,0.42574257425742573,0.34945797878540624,0.07628459547201949,0.07673267326732673,0.03794148502156428,0.03879118824576245
QQQ,prior_close,confluence_true,momentum,0.75,1.0,42,8579,0.42857142857142855,0.34945797878540624,0.0791134497860223,0.011904761904761904,0.03794148502156428,-0.026036723116802378
QQQ,prior_close,confluence_false,momentum,0.75,1.0,362,8579,0.425414364640884,0.34945797878540624,0.07595638585547776,0.08425414364640885,0.03794148502156428,0.046312658624844565
QQQ,ALL,all,fade,1.5,1.5,2006,8579,0.15204386839481554,0.12612192563235808,0.02592194276245746,-0.058325024925224324,0.004895675486653456,-0.06322070041187777
QQQ,ALL,confluence_true,fade,1.5,1.5,204,8579,0.15196078431372548,0.12612192563235808,0.0258388586813674,-0.058823529411764705,0.004895675486653456,-0.06371920489841816
QQQ,ALL,confluence_false,fade,1.5,1.5,1802,8579,0.15205327413984462,0.12612192563235808,0.025931348507486546,-0.058268590455049944,0.004895675486653456,-0.0631642659417034
QQQ,poc,all,fade,1.5,1.5,364,8579,0.14835164835164835,0.12612192563235808,0.022229722719290274,-0.04120879120879121,0.004895675486653456,-0.046104466695444664
QQQ,poc,confluence_true,fade,1.5,1.5,38,8579,0.13157894736842105,0.12612192563235808,0.005457021736062967,-0.039473684210526314,0.004895675486653456,-0.04436935969717977
QQQ,poc,confluence_false,fade,1.5,1.5,326,8579,0.15030674846625766,0.12612192563235808,0.024184822833899583,-0.04141104294478527,0.004895675486653456,-0.04630671843143873
QQQ,vah,all,fade,1.5,1.5,371,8579,0.1509433962264151,0.12612192563235808,0.02482147059405701,0.008086253369272238,0.004895675486653456,0.003190577882618782
QQQ,vah,confluence_true,fade,1.5,1.5,37,8579,0.10810810810810811,0.12612192563235808,-0.018013817524249964,-0.08108108108108109,0.004895675486653456,-0.08597675656773454
QQQ,vah,confluence_false,fade,1.5,1.5,334,8579,0.15568862275449102,0.12612192563235808,0.029566697122132946,0.017964071856287425,0.004895675486653456,0.013068396369633969
QQQ,val,all,fade,1.5,1.5,318,8579,0.1792452830188679,0.12612192563235808,0.053123357386509834,-0.05660377358490566,0.004895675486653456,-0.06149944907155912
QQQ,val,confluence_true,fade,1.5,1.5,32,8579,0.21875,0.12612192563235808,0.09262807436764192,0.0,0.004895675486653456,-0.004895675486653456
QQQ,val,confluence_false,fade,1.5,1.5,286,8579,0.17482517482517482,0.12612192563235808,0.04870324919281674,-0.06293706293706294,0.004895675486653456,-0.0678327384237164
QQQ,prior_high,all,fade,1.5,1.5,306,8579,0.13398692810457516,0.12612192563235808,0.00786500247221708,-0.024509803921568627,0.004895675486653456,-0.029405479408222083
QQQ,prior_high,confluence_true,fade,1.5,1.5,28,8579,0.03571428571428571,0.12612192563235808,-0.09040763991807237,-0.16071428571428573,0.004895675486653456,-0.16560996120093918
QQQ,prior_high,confluence_false,fade,1.5,1.5,278,8579,0.14388489208633093,0.12612192563235808,0.01776296645397285,-0.01079136690647482,0.004895675486653456,-0.015687042393128278
QQQ,prior_low,all,fade,1.5,1.5,243,8579,0.1646090534979424,0.12612192563235808,0.03848712786558431,-0.19135802469135801,0.004895675486653456,-0.19625370017801147
QQQ,prior_low,confluence_true,fade,1.5,1.5,27,8579,0.2222222222222222,0.12612192563235808,0.09610029658986413,0.0,0.004895675486653456,-0.004895675486653456
QQQ,prior_low,confluence_false,fade,1.5,1.5,216,8579,0.1574074074074074,0.12612192563235808,0.031285481775049334,-0.2152777777777778,0.004895675486653456,-0.22017345326443125
QQQ,prior_close,all,fade,1.5,1.5,404,8579,0.14108910891089108,0.12612192563235808,0.014967183278532997,-0.08168316831683169,0.004895675486653456,-0.08657884380348514
QQQ,prior_close,confluence_true,fade,1.5,1.5,42,8579,0.19047619047619047,0.12612192563235808,0.06435426484383239,-0.07142857142857142,0.004895675486653456,-0.07632424691522488
QQQ,prior_close,confluence_false,fade,1.5,1.5,362,8579,0.13535911602209943,0.12612192563235808,0.009237190389741357,-0.08287292817679558,0.004895675486653456,-0.08776860366344903
QQQ,ALL,all,fade,1.0,1.0,2006,8579,0.2741774675972084,0.23639118778412402,0.037786279813084384,-0.05583250249252243,-0.003496911061895326,-0.052335591430627104
QQQ,ALL,confluence_true,fade,1.0,1.0,204,8579,0.2647058823529412,0.23639118778412402,0.02831469456881716,-0.05392156862745098,-0.003496911061895326,-0.050424657565555656
QQQ,ALL,confluence_false,fade,1.0,1.0,1802,8579,0.27524972253052166,0.23639118778412402,0.03885853474639764,-0.0560488346281909,-0.003496911061895326,-0.05255192356629557
QQQ,poc,all,fade,1.0,1.0,364,8579,0.27197802197802196,0.23639118778412402,0.03558683419389794,-0.04395604395604396,-0.003496911061895326,-0.04045913289414863
QQQ,poc,confluence_true,fade,1.0,1.0,38,8579,0.2894736842105263,0.23639118778412402,0.05308249642640231,0.02631578947368421,-0.003496911061895326,0.029812700535579537
QQQ,poc,confluence_false,fade,1.0,1.0,326,8579,0.26993865030674846,0.23639118778412402,0.033547462522624444,-0.05214723926380368,-0.003496911061895326,-0.04865032820190835
QQQ,vah,all,fade,1.0,1.0,371,8579,0.2803234501347709,0.23639118778412402,0.04393226235064687,-0.013477088948787063,-0.003496911061895326,-0.009980177886891737
QQQ,vah,confluence_true,fade,1.0,1.0,37,8579,0.16216216216216217,0.23639118778412402,-0.07422902562196185,-0.21621621621621623,-0.003496911061895326,-0.21271930515432091
QQQ,vah,confluence_false,fade,1.0,1.0,334,8579,0.2934131736526946,0.23639118778412402,0.057021985868570574,0.008982035928143712,-0.003496911061895326,0.012478946990039038
QQQ,val,all,fade,1.0,1.0,318,8579,0.3081761006289308,0.23639118778412402,0.07178491284480679,-0.040880503144654086,-0.003496911061895326,-0.03738359208275876
QQQ,val,confluence_true,fade,1.0,1.0,32,8579,0.34375,0.23639118778412402,0.10735881221587598,-0.03125,-0.003496911061895326,-0.027753088938104672
QQQ,val,confluence_false,fade,1.0,1.0,286,8579,0.3041958041958042,0.23639118778412402,0.0678046164116802,-0.04195804195804196,-0.003496911061895326,-0.03846113089614663
QQQ,prior_high,all,fade,1.0,1.0,306,8579,0.2647058823529412,0.23639118778412402,0.02831469456881716,-0.049019607843137254,-0.003496911061895326,-0.04552269678124193
QQQ,prior_high,confluence_true,fade,1.0,1.0,28,8579,0.10714285714285714,0.23639118778412402,-0.1292483306412669,-0.21428571428571427,-0.003496911061895326,-0.21078880322381896
QQQ,prior_high,confluence_false,fade,1.0,1.0,278,8579,0.2805755395683453,0.23639118778412402,0.04418435178422128,-0.03237410071942446,-0.003496911061895326,-0.028877189657529133
QQQ,prior_low,all,fade,1.0,1.0,243,8579,0.25102880658436216,0.23639118778412402,0.014637618800238145,-0.18518518518518517,-0.003496911061895326,-0.18168827412328986
QQQ,prior_low,confluence_true,fade,1.0,1.0,27,8579,0.3333333333333333,0.23639118778412402,0.0969421455492093,0.037037037037037035,-0.003496911061895326,0.04053394809893236
QQQ,prior_low,confluence_false,fade,1.0,1.0,216,8579,0.24074074074074073,0.23639118778412402,0.004349552956616709,-0.21296296296296297,-0.003496911061895326,-0.20946605190106765
QQQ,prior_close,all,fade,1.0,1.0,404,8579,0.26485148514851486,0.23639118778412402,0.028460297364390846,-0.04455445544554455,-0.003496911061895326,-0.041057544383649225
QQQ,prior_close,confluence_true,fade,1.0,1.0,42,8579,0.3333333333333333,0.23639118778412402,0.0969421455492093,0.047619047619047616,-0.003496911061895326,0.051115958680942944
QQQ,prior_close,confluence_false,fade,1.0,1.0,362,8579,0.2569060773480663,0.23639118778412402,0.02051488956394229,-0.055248618784530384,-0.003496911061895326,-0.05175170772263506
QQQ,ALL,all,fade,0.3,0.25,2006,8579,0.4017946161515454,0.43536542720596805,-0.03357081105442267,-0.027766699900299112,-0.005157943816295606,-0.022608756084003506
QQQ,ALL,confluence_true,fade,0.3,0.25,204,8579,0.39215686274509803,0.43536542720596805,-0.043208564460870014,-0.03431372549019608,-0.005157943816295606,-0.029155781673900476
QQQ,ALL,confluence_false,fade,0.3,0.25,1802,8579,0.40288568257491675,0.43536542720596805,-0.0324797446310513,-0.02702552719200889,-0.005157943816295606,-0.021867583375713283
QQQ,poc,all,fade,0.3,0.25,364,8579,0.40934065934065933,0.43536542720596805,-0.026024767865308718,-0.023489010989011,-0.005157943816295606,-0.018331067172715394
QQQ,poc,confluence_true,fade,0.3,0.25,38,8579,0.39473684210526316,0.43536542720596805,-0.040628585100704884,-0.03289473684210526,-0.005157943816295606,-0.027736793025809656
QQQ,poc,confluence_false,fade,0.3,0.25,326,8579,0.4110429447852761,0.43536542720596805,-0.02432248242069196,-0.02239263803680983,-0.005157943816295606,-0.017234694220514223
QQQ,vah,all,fade,0.3,0.25,371,8579,0.38544474393531,0.43536542720596805,-0.04992068327065807,-0.03665768194070081,-0.005157943816295606,-0.03149973812440521
QQQ,vah,confluence_true,fade,0.3,0.25,37,8579,0.21621621621621623,0.43536542720596805,-0.21914921098975182,-0.13108108108108107,-0.005157943816295606,-0.12592313726478546
QQQ,vah,confluence_false,fade,0.3,0.25,334,8579,0.4041916167664671,0.43536542720596805,-0.03117381043950096,-0.02619760479041916,-0.005157943816295606,-0.021039660974123554
QQQ,val,all,fade,0.3,0.25,318,8579,0.42452830188679247,0.43536542720596805,-0.010837125319175578,-0.014937106918238994,-0.005157943816295606,-0.009779163101943388
QQQ,val,confluence_true,fade,0.3,0.25,32,8579,0.46875,0.43536542720596805,0.03338457279403195,0.0078125,-0.005157943816295606,0.012970443816295606
QQQ,val,confluence_false,fade,0.3,0.25,286,8579,0.4195804195804196,0.43536542720596805,-0.015785007625548464,-0.017482517482517484,-0.005157943816295606,-0.012324573666221878
QQQ,prior_high,all,fade,0.3,0.25,306,8579,0.39869281045751637,0.43536542720596805,-0.03667261674845168,-0.02908496732026143,-0.005157943816295606,-0.023927023503965826
QQQ,prior_high,confluence_true,fade,0.3,0.25,28,8579,0.35714285714285715,0.43536542720596805,-0.0782225700631109,-0.05357142857142857,-0.005157943816295606,-0.04841348475513296
QQQ,prior_high,confluence_false,fade,0.3,0.25,278,8579,0.4028776978417266,0.43536542720596805,-0.032487729364241436,-0.02661870503597122,-0.005157943816295606,-0.021460761219675613
QQQ,prior_low,all,fade,0.3,0.25,243,8579,0.3292181069958848,0.43536542720596805,-0.10614732021008327,-0.06893004115226338,-0.005157943816295606,-0.06377209733596778
QQQ,prior_low,confluence_true,fade,0.3,0.25,27,8579,0.5185185185185185,0.43536542720596805,0.08315309131255044,0.035185185185185194,-0.005157943816295606,0.0403431290014808
QQQ,prior_low,confluence_false,fade,0.3,0.25,216,8579,0.3055555555555556,0.43536542720596805,-0.12980987165041247,-0.08194444444444444,-0.005157943816295606,-0.07678650062814885
QQQ,prior_close,all,fade,0.3,0.25,404,8579,0.4381188118811881,0.43536542720596805,0.002753384675220072,-0.0077970297029702935,-0.005157943816295606,-0.002639085886674688
QQQ,prior_close,confluence_true,fade,0.3,0.25,42,8579,0.42857142857142855,0.43536542720596805,-0.0067939986345395,-0.0142857142857143,-0.005157943816295606,-0.009127770469418693
QQQ,prior_close,confluence_false,fade,0.3,0.25,362,8579,0.43922651933701656,0.43536542720596805,0.003861092131048516,-0.007044198895027636,-0.005157943816295606,-0.0018862550787320303
