ticker,session_date,dte_label,dte_days,status,symbol,expiry,strike,entry_opt,exit_opt,pnl,pnl_pct,bars_held,underlying_pct
SPY,2024-01-31,0dte,0,ok,SPY240131C00488000,2024-01-31,488.0,1.38,1.27,-10.999999999999988,-0.07971014492753614,15.0,-0.0004978368292632
SPY,2024-01-31,this_fri,2,ok,SPY240202C00488000,2024-02-02,488.0,2.88,2.73,-14.999999999999991,-0.0520833333333333,15.0,-0.0004978368292632
SPY,2024-01-31,next_fri,9,ok,SPY240209C00488000,2024-02-09,488.0,4.2,4.05,-15.000000000000036,-0.035714285714285796,15.0,-0.0004978368292632
SPY,2024-01-31,monthly,16,ok,SPY240216C00488000,2024-02-16,488.0,5.49,5.38,-11.000000000000032,-0.020036429872495504,15.0,-0.0004978368292632
JPM,2024-02-01,0dte,0,no_entry_bar,,,,,,,,,
JPM,2024-02-01,this_fri,1,ok,JPM240202C00175000,2024-02-02,175.0,0.37,0.29,-8.000000000000002,-0.21621621621621626,20.0,-0.0028219304307762
JPM,2024-02-01,next_fri,8,ok,JPM240209C00175000,2024-02-09,175.0,1.23,1.1,-12.99999999999999,-0.10569105691056901,20.0,-0.0028219304307762
JPM,2024-02-01,monthly,15,ok,JPM240216C00175000,2024-02-16,175.0,1.9,1.75,-14.999999999999991,-0.07894736842105259,20.0,-0.0028219304307762
JPM,2024-02-05,0dte,0,no_entry_bar,,,,,,,,,
JPM,2024-02-05,this_fri,4,ok,JPM240209C00175000,2024-02-09,175.0,0.93,0.83,-10.000000000000009,-0.10752688172043019,42.0,-0.0017284092873191
JPM,2024-02-05,next_fri,11,ok,JPM240216C00175000,2024-02-16,175.0,1.68,1.55,-12.99999999999999,-0.07738095238095231,42.0,-0.0017284092873191
JPM,2024-02-05,monthly,11,ok,JPM240216C00175000,2024-02-16,175.0,1.68,1.55,-12.99999999999999,-0.07738095238095231,42.0,-0.0017284092873191
SPY,2024-02-13,0dte,0,ok,SPY240213C00494000,2024-02-13,494.0,1.26,1.09,-16.999999999999993,-0.13492063492063486,9.0,-0.0006015863094177
SPY,2024-02-13,this_fri,3,ok,SPY240216C00494000,2024-02-16,494.0,2.86,2.72,-13.999999999999968,-0.04895104895104884,9.0,-0.0006015863094177
SPY,2024-02-13,next_fri,10,ok,SPY240223C00494000,2024-02-23,494.0,4.35,4.25,-9.999999999999964,-0.022988505747126357,9.0,-0.0006015863094177
SPY,2024-02-13,monthly,3,ok,SPY240216C00494000,2024-02-16,494.0,2.86,2.72,-13.999999999999968,-0.04895104895104884,9.0,-0.0006015863094177
SPY,2024-02-20,0dte,0,ok,SPY240220C00496000,2024-02-20,496.0,1.3,1.24,-6.000000000000005,-0.04615384615384619,19.0,-6.0452182323726907e-05
SPY,2024-02-20,this_fri,3,ok,SPY240223C00496000,2024-02-23,496.0,3.37,3.42,4.999999999999982,0.014836795252225466,19.0,-6.0452182323726907e-05
SPY,2024-02-20,next_fri,10,ok,SPY240301C00496000,2024-03-01,496.0,5.04,5.12,8.000000000000007,0.015873015873015886,19.0,-6.0452182323726907e-05
SPY,2024-02-20,monthly,24,ok,SPY240315C00496000,2024-03-15,496.0,7.56,7.56,0.0,0.0,19.0,-6.0452182323726907e-05
SPY,2024-02-28,0dte,0,no_exit_bar,SPY240228C00505000,,,,,,,,
SPY,2024-02-28,this_fri,2,no_exit_bar,SPY240301C00505000,,,,,,,,
SPY,2024-02-28,next_fri,9,no_exit_bar,SPY240308C00505000,,,,,,,,
SPY,2024-02-28,monthly,16,no_exit_bar,SPY240315C00505000,,,,,,,,
SPY,2024-03-05,0dte,0,ok,SPY240305C00510000,2024-03-05,510.0,0.75,0.61,-14.000000000000002,-0.18666666666666668,14.0,-0.0003039788058676
SPY,2024-03-05,this_fri,3,ok,SPY240308C00510000,2024-03-08,510.0,2.8,2.61,-18.999999999999993,-0.06785714285714284,14.0,-0.0003039788058676
SPY,2024-03-05,next_fri,10,ok,SPY240315C00510000,2024-03-15,510.0,4.28,4.22,-6.00000000000005,-0.014018691588785163,14.0,-0.0003039788058676
SPY,2024-03-05,monthly,10,ok,SPY240315C00510000,2024-03-15,510.0,4.28,4.22,-6.00000000000005,-0.014018691588785163,14.0,-0.0003039788058676
JPM,2024-03-11,0dte,0,no_entry_bar,,,,,,,,,
JPM,2024-03-11,this_fri,4,ok,JPM240315C00185000,2024-03-15,185.0,2.63,2.79,16.000000000000014,0.06083650190114074,58.0,0.0001072731173568
JPM,2024-03-11,next_fri,11,no_exit_bar,JPM240322C00185000,,,,,,,,
JPM,2024-03-11,monthly,4,ok,JPM240315C00185000,2024-03-15,185.0,2.63,2.79,16.000000000000014,0.06083650190114074,58.0,0.0001072731173568
JPM,2024-03-15,0dte,0,no_entry_bar,,,,,,,,,
JPM,2024-03-15,this_fri,7,no_entry_bar,,,,,,,,,
JPM,2024-03-15,next_fri,14,no_entry_bar,,,,,,,,,
JPM,2024-03-15,monthly,35,no_entry_bar,,,,,,,,,
SPY,2024-03-15,0dte,0,no_entry_bar,,,,,,,,,
SPY,2024-03-15,this_fri,7,no_entry_bar,,,,,,,,,
SPY,2024-03-15,next_fri,14,no_entry_bar,,,,,,,,,
SPY,2024-03-15,monthly,35,no_entry_bar,,,,,,,,,
SPY,2024-04-02,0dte,0,ok,SPY240402C00517000,2024-04-02,517.0,1.17,1.06,-10.999999999999988,-0.09401709401709392,17.0,-1.9528228925134356e-05
SPY,2024-04-02,this_fri,3,ok,SPY240405C00517000,2024-04-05,517.0,3.32,3.21,-10.999999999999988,-0.03313253012048189,17.0,-1.9528228925134356e-05
SPY,2024-04-02,next_fri,10,ok,SPY240412C00517000,2024-04-12,517.0,5.27,5.24,-2.999999999999936,-0.005692599620493238,17.0,-1.9528228925134356e-05
SPY,2024-04-02,monthly,17,ok,SPY240419C00517000,2024-04-19,517.0,6.62,6.58,-4.0000000000000036,-0.006042296072507558,17.0,-1.9528228925134356e-05
JPM,2024-04-10,0dte,0,no_entry_bar,,,,,,,,,
JPM,2024-04-10,this_fri,2,ok,JPM240412C00195000,2024-04-12,195.0,3.35,4.35,99.99999999999996,0.298507462686567,66.0,0.0105371369827806
JPM,2024-04-10,next_fri,9,ok,JPM240419C00195000,2024-04-19,195.0,4.05,5.25,120.00000000000001,0.29629629629629634,66.0,0.0105371369827806
JPM,2024-04-10,monthly,9,ok,JPM240419C00195000,2024-04-19,195.0,4.05,5.25,120.00000000000001,0.29629629629629634,66.0,0.0105371369827806
SPY,2024-04-10,0dte,0,ok,SPY240410C00513000,2024-04-10,513.0,1.64,2.67,103.0,0.6280487804878049,36.0,0.0041537943377419
SPY,2024-04-10,this_fri,2,ok,SPY240412C00513000,2024-04-12,513.0,3.22,4.36,114.00000000000001,0.35403726708074534,36.0,0.0041537943377419
SPY,2024-04-10,next_fri,9,ok,SPY240419C00513000,2024-04-19,513.0,5.26,6.35,108.99999999999999,0.20722433460076045,36.0,0.0041537943377419
SPY,2024-04-10,monthly,9,ok,SPY240419C00513000,2024-04-19,513.0,5.26,6.35,108.99999999999999,0.20722433460076045,36.0,0.0041537943377419
JPM,2024-04-12,0dte,0,ok,JPM240412C00185000,2024-04-12,185.0,1.75,1.65,-10.000000000000009,-0.0571428571428572,35.0,-0.0010227150392937
JPM,2024-04-12,this_fri,7,ok,JPM240419C00185000,2024-04-19,185.0,3.1,3.2,10.000000000000009,0.03225806451612906,35.0,-0.0010227150392937
JPM,2024-04-12,next_fri,14,ok,JPM240426C00185000,2024-04-26,185.0,3.85,4.01,15.99999999999997,0.04155844155844148,35.0,-0.0010227150392937
JPM,2024-04-12,monthly,7,ok,JPM240419C00185000,2024-04-19,185.0,3.1,3.2,10.000000000000009,0.03225806451612906,35.0,-0.0010227150392937
SPY,2024-04-12,0dte,0,ok,SPY240412C00515000,2024-04-12,515.0,1.5,1.23,-27.0,-0.18000000000000002,52.0,-0.0009537110236174
SPY,2024-04-12,this_fri,7,ok,SPY240419C00515000,2024-04-19,515.0,4.7,4.73,3.000000000000025,0.006382978723404308,52.0,-0.0009537110236174
SPY,2024-04-12,next_fri,14,ok,SPY240426C00515000,2024-04-26,515.0,6.45,6.6,14.999999999999947,0.02325581395348829,52.0,-0.0009537110236174
SPY,2024-04-12,monthly,7,ok,SPY240419C00515000,2024-04-19,515.0,4.7,4.73,3.000000000000025,0.006382978723404308,52.0,-0.0009537110236174
JPM,2024-04-24,0dte,0,no_entry_bar,,,,,,,,,
JPM,2024-04-24,this_fri,2,ok,JPM240426C00190000,2024-04-26,190.0,1.91,2.55,63.99999999999999,0.3350785340314136,65.0,0.0064549986880083
JPM,2024-04-24,next_fri,9,ok,JPM240503C00190000,2024-05-03,190.0,2.81,3.5,69.0,0.24555160142348753,65.0,0.0064549986880083
JPM,2024-04-24,monthly,23,ok,JPM240517C00190000,2024-05-17,190.0,4.25,5.1,84.99999999999997,0.19999999999999993,65.0,0.0064549986880083
SPY,2024-04-25,0dte,0,ok,SPY240425C00498000,2024-04-25,498.0,1.83,2.23,39.99999999999999,0.21857923497267753,108.0,0.0024689871130916
SPY,2024-04-25,this_fri,1,ok,SPY240426C00498000,2024-04-26,498.0,2.81,3.4,58.999999999999986,0.20996441281138783,108.0,0.0024689871130916
SPY,2024-04-25,next_fri,8,ok,SPY240503C00498000,2024-05-03,498.0,5.64,6.16,52.00000000000004,0.09219858156028378,108.0,0.0024689871130916
SPY,2024-04-25,monthly,22,ok,SPY240517C00498000,2024-05-17,498.0,8.79,9.35,56.00000000000005,0.06370875995449381,108.0,0.0024689871130916
JPM,2024-05-08,0dte,0,no_entry_bar,,,,,,,,,
JPM,2024-05-08,this_fri,2,no_exit_bar,JPM240510C00190000,,,,,,,,
JPM,2024-05-08,next_fri,9,no_exit_bar,JPM240517C00190000,,,,,,,,
JPM,2024-05-08,monthly,9,no_exit_bar,JPM240517C00190000,,,,,,,,
SPY,2024-05-08,0dte,0,ok,SPY240508C00516000,2024-05-08,516.0,0.84,1.44,60.0,0.7142857142857143,101.0,0.0026568924055542
SPY,2024-05-08,this_fri,2,ok,SPY240510C00516000,2024-05-10,516.0,2.04,2.75,71.0,0.3480392156862745,101.0,0.0026568924055542
SPY,2024-05-08,next_fri,9,ok,SPY240517C00516000,2024-05-17,516.0,4.41,5.11,70.00000000000001,0.15873015873015878,101.0,0.0026568924055542
SPY,2024-05-08,monthly,9,ok,SPY240517C00516000,2024-05-17,516.0,4.41,5.11,70.00000000000001,0.15873015873015878,101.0,0.0026568924055542
SPY,2024-05-29,0dte,0,ok,SPY240529C00526000,2024-05-29,526.0,0.9,1.2,29.999999999999993,0.33333333333333326,34.0,0.0014837077476174
SPY,2024-05-29,this_fri,2,ok,SPY240531C00526000,2024-05-31,526.0,2.21,2.6,39.000000000000014,0.17647058823529418,34.0,0.0014837077476174
SPY,2024-05-29,next_fri,9,ok,SPY240607C00526000,2024-06-07,526.0,4.24,4.62,37.999999999999986,0.08962264150943393,34.0,0.0014837077476174
SPY,2024-05-29,monthly,23,ok,SPY240621C00526000,2024-06-21,526.0,6.83,7.25,41.99999999999999,0.061493411420204966,34.0,0.0014837077476174
JPM,2024-05-29,0dte,0,no_entry_bar,,,,,,,,,
JPM,2024-05-29,this_fri,2,no_entry_bar,,,,,,,,,
JPM,2024-05-29,next_fri,9,no_entry_bar,,,,,,,,,
JPM,2024-05-29,monthly,23,no_entry_bar,,,,,,,,,
SPY,2024-05-30,0dte,0,ok,SPY240530C00524000,2024-05-30,524.0,1.08,0.83,-25.00000000000001,-0.23148148148148157,36.0,-0.000686996679516
SPY,2024-05-30,this_fri,1,ok,SPY240531C00524000,2024-05-31,524.0,2.1,1.78,-32.00000000000001,-0.1523809523809524,36.0,-0.000686996679516
SPY,2024-05-30,next_fri,8,ok,SPY240607C00524000,2024-06-07,524.0,4.29,3.94,-35.00000000000001,-0.08158508158508161,36.0,-0.000686996679516
SPY,2024-05-30,monthly,22,ok,SPY240621C00524000,2024-06-21,524.0,6.96,6.59,-37.000000000000014,-0.0531609195402299,36.0,-0.000686996679516
JPM,2024-06-04,0dte,0,no_entry_bar,,,,,,,,,
JPM,2024-06-04,this_fri,3,ok,JPM240607C00200000,2024-06-07,200.0,1.8,2.25,44.99999999999999,0.24999999999999997,67.0,0.0004238238887087
JPM,2024-06-04,next_fri,10,ok,JPM240614C00200000,2024-06-14,200.0,3.45,3.25,-20.000000000000018,-0.05797101449275367,67.0,0.0004238238887087
JPM,2024-06-04,monthly,17,ok,JPM240621C00200000,2024-06-21,200.0,3.83,3.9,6.999999999999984,0.018276762402088732,67.0,0.0004238238887087
JPM,2024-06-10,0dte,0,no_entry_bar,,,,,,,,,
JPM,2024-06-10,this_fri,4,ok,JPM240614C00200000,2024-06-14,200.0,1.4,2.05,64.99999999999999,0.46428571428571425,47.0,0.0067468908916971
JPM,2024-06-10,next_fri,11,ok,JPM240621C00200000,2024-06-21,200.0,2.1,2.84,73.99999999999997,0.35238095238095224,47.0,0.0067468908916971
JPM,2024-06-10,monthly,11,ok,JPM240621C00200000,2024-06-21,200.0,2.1,2.84,73.99999999999997,0.35238095238095224,47.0,0.0067468908916971
JPM,2024-06-11,0dte,0,no_entry_bar,,,,,,,,,
JPM,2024-06-11,this_fri,3,ok,JPM240614C00195000,2024-06-14,195.0,1.43,1.5,7.000000000000006,0.048951048951048994,28.0,-2.5747978783642063e-05
JPM,2024-06-11,next_fri,10,ok,JPM240621C00195000,2024-06-21,195.0,2.26,2.3,4.0000000000000036,0.017699115044247805,28.0,-2.5747978783642063e-05
JPM,2024-06-11,monthly,10,ok,JPM240621C00195000,2024-06-21,195.0,2.26,2.3,4.0000000000000036,0.017699115044247805,28.0,-2.5747978783642063e-05
JPM,2024-06-14,0dte,0,no_entry_bar,,,,,,,,,
JPM,2024-06-14,this_fri,7,no_entry_bar,,,,,,,,,
JPM,2024-06-14,next_fri,14,no_entry_bar,,,,,,,,,
JPM,2024-06-14,monthly,7,no_entry_bar,,,,,,,,,
SPY,2024-06-21,0dte,0,ok,SPY240621C00543000,2024-06-21,543.0,1.55,2.24,69.00000000000001,0.4451612903225807,82.0,0.0025944394354793
SPY,2024-06-21,this_fri,7,ok,SPY240628C00543000,2024-06-28,543.0,4.0,4.64,63.99999999999997,0.15999999999999992,82.0,0.0025944394354793
SPY,2024-06-21,next_fri,14,ok,SPY240705C00543000,2024-07-05,543.0,5.78,6.31,52.999999999999936,0.0916955017301037,82.0,0.0025944394354793
SPY,2024-06-21,monthly,28,no_exit_bar,SPY240719C00543000,,,,,,,,
JPM,2024-06-25,0dte,0,no_entry_bar,,,,,,,,,
JPM,2024-06-25,this_fri,3,no_entry_bar,,,,,,,,,
JPM,2024-06-25,next_fri,10,no_entry_bar,,,,,,,,,
JPM,2024-06-25,monthly,24,no_entry_bar,,,,,,,,,
JPM,2024-06-26,0dte,0,no_entry_bar,,,,,,,,,
JPM,2024-06-26,this_fri,2,ok,JPM240628C00195000,2024-06-28,195.0,2.52,2.77,25.0,0.0992063492063492,28.0,0.0006517245241902
JPM,2024-06-26,next_fri,9,ok,JPM240705C00195000,2024-07-05,195.0,3.25,3.2,-4.999999999999982,-0.01538461538461533,28.0,0.0006517245241902
JPM,2024-06-26,monthly,23,ok,JPM240719C00195000,2024-07-19,195.0,5.16,5.21,4.999999999999982,0.00968992248062012,28.0,0.0006517245241902
SPY,2024-07-02,0dte,0,ok,SPY240702C00544000,2024-07-02,544.0,0.97,1.75,78.0,0.8041237113402062,74.0,0.0027583670467083
SPY,2024-07-02,this_fri,3,ok,SPY240705C00544000,2024-07-05,544.0,2.2,3.03,82.99999999999996,0.3772727272727271,74.0,0.0027583670467083
SPY,2024-07-02,next_fri,10,ok,SPY240712C00544000,2024-07-12,544.0,4.29,4.99,70.00000000000001,0.16317016317016322,74.0,0.0027583670467083
SPY,2024-07-02,monthly,17,ok,SPY240719C00544000,2024-07-19,544.0,5.57,6.43,85.99999999999994,0.15439856373429073,74.0,0.0027583670467083
JPM,2024-07-05,0dte,0,ok,JPM240705C00205000,2024-07-05,205.0,1.5,0.72,-78.0,-0.52,67.0,-0.0040279530233913
JPM,2024-07-05,this_fri,7,ok,JPM240712C00205000,2024-07-12,205.0,4.11,3.69,-42.000000000000036,-0.1021897810218979,67.0,-0.0040279530233913
JPM,2024-07-05,next_fri,14,ok,JPM240719C00205000,2024-07-19,205.0,4.75,4.35,-40.000000000000036,-0.08421052631578956,67.0,-0.0040279530233913
JPM,2024-07-05,monthly,14,ok,JPM240719C00205000,2024-07-19,205.0,4.75,4.35,-40.000000000000036,-0.08421052631578956,67.0,-0.0040279530233913
JPM,2024-07-10,0dte,0,no_entry_bar,,,,,,,,,
JPM,2024-07-10,this_fri,2,ok,JPM240712C00205000,2024-07-12,205.0,3.57,3.7,13.000000000000034,0.03641456582633063,26.0,-0.0002667572024444
JPM,2024-07-10,next_fri,9,ok,JPM240719C00205000,2024-07-19,205.0,4.62,4.62,0.0,0.0,26.0,-0.0002667572024444
JPM,2024-07-10,monthly,9,ok,JPM240719C00205000,2024-07-19,205.0,4.62,4.62,0.0,0.0,26.0,-0.0002667572024444
JPM,2024-07-11,0dte,0,no_entry_bar,,,,,,,,,
JPM,2024-07-11,this_fri,1,ok,JPM240712C00205000,2024-07-12,205.0,3.3,3.5,20.000000000000018,0.06060606060606066,21.0,0.001022036786514
JPM,2024-07-11,next_fri,8,ok,JPM240719C00205000,2024-07-19,205.0,4.35,4.4,5.000000000000071,0.011494252873563383,21.0,0.001022036786514
JPM,2024-07-11,monthly,8,ok,JPM240719C00205000,2024-07-19,205.0,4.35,4.4,5.000000000000071,0.011494252873563383,21.0,0.001022036786514
JPM,2024-07-12,0dte,0,no_entry_bar,,,,,,,,,
JPM,2024-07-12,this_fri,7,no_entry_bar,,,,,,,,,
JPM,2024-07-12,next_fri,14,no_entry_bar,,,,,,,,,
JPM,2024-07-12,monthly,7,no_entry_bar,,,,,,,,,
SPY,2024-07-17,0dte,0,ok,SPY240717C00559000,2024-07-17,559.0,1.49,0.93,-55.99999999999999,-0.3758389261744966,39.0,-0.0020830353311399
SPY,2024-07-17,this_fri,2,ok,SPY240719C00559000,2024-07-19,559.0,2.85,2.26,-59.00000000000003,-0.2070175438596492,39.0,-0.0020830353311399
SPY,2024-07-17,next_fri,9,ok,SPY240726C00559000,2024-07-26,559.0,4.72,4.15,-56.99999999999994,-0.12076271186440665,39.0,-0.0020830353311399
SPY,2024-07-17,monthly,2,ok,SPY240719C00559000,2024-07-19,559.0,2.85,2.26,-59.00000000000003,-0.2070175438596492,39.0,-0.0020830353311399
SPY,2024-07-24,0dte,0,ok,SPY240724C00546000,2024-07-24,546.0,1.64,1.13,-51.0,-0.31097560975609756,19.0,-0.0015008144663873
SPY,2024-07-24,this_fri,2,ok,SPY240726C00546000,2024-07-26,546.0,3.31,2.86,-45.000000000000014,-0.13595166163142,19.0,-0.0015008144663873
SPY,2024-07-24,next_fri,9,ok,SPY240802C00546000,2024-08-02,546.0,6.19,5.66,-53.00000000000003,-0.0856219709208401,19.0,-0.0015008144663873
SPY,2024-07-24,monthly,23,ok,SPY240816C00546000,2024-08-16,546.0,9.33,8.86,-47.000000000000064,-0.05037513397642022,19.0,-0.0015008144663873
JPM,2024-07-24,0dte,0,no_entry_bar,,,,,,,,,
JPM,2024-07-24,this_fri,2,ok,JPM240726C00210000,2024-07-26,210.0,2.05,1.78,-26.99999999999998,-0.13170731707317065,85.0,-0.00118697179755
JPM,2024-07-24,next_fri,9,ok,JPM240802C00210000,2024-08-02,210.0,3.1,3.13,2.9999999999999805,0.009677419354838646,85.0,-0.00118697179755
JPM,2024-07-24,monthly,23,ok,JPM240816C00210000,2024-08-16,210.0,4.35,4.56,20.999999999999996,0.04827586206896551,85.0,-0.00118697179755
SPY,2024-08-02,0dte,0,ok,SPY240802C00534000,2024-08-02,534.0,2.72,1.88,-84.00000000000003,-0.3088235294117648,9.0,-0.0033054910480185
SPY,2024-08-02,this_fri,7,ok,SPY240809C00534000,2024-08-09,534.0,6.95,6.06,-89.00000000000006,-0.1280575539568346,9.0,-0.0033054910480185
SPY,2024-08-02,next_fri,14,ok,SPY240816C00534000,2024-08-16,534.0,9.23,8.44,-79.00000000000009,-0.08559046587215612,9.0,-0.0033054910480185
SPY,2024-08-02,monthly,14,ok,SPY240816C00534000,2024-08-16,534.0,9.23,8.44,-79.00000000000009,-0.08559046587215612,9.0,-0.0033054910480185
JPM,2024-08-02,0dte,0,no_entry_bar,,,,,,,,,
JPM,2024-08-02,this_fri,7,no_entry_bar,,,,,,,,,
JPM,2024-08-02,next_fri,14,no_entry_bar,,,,,,,,,
JPM,2024-08-02,monthly,14,no_entry_bar,,,,,,,,,
SPY,2024-08-05,0dte,0,ok,SPY240805C00511000,2024-08-05,511.0,5.65,9.55,390.00000000000006,0.6902654867256638,36.0,0.0142110517352751
SPY,2024-08-05,this_fri,4,ok,SPY240809C00511000,2024-08-09,511.0,12.75,13.97,122.00000000000006,0.09568627450980398,36.0,0.0142110517352751
SPY,2024-08-05,next_fri,11,ok,SPY240816C00511000,2024-08-16,511.0,16.36,16.4,3.9999999999999147,0.0024449877750610726,36.0,0.0142110517352751
SPY,2024-08-05,monthly,11,ok,SPY240816C00511000,2024-08-16,511.0,16.36,16.4,3.9999999999999147,0.0024449877750610726,36.0,0.0142110517352751
JPM,2024-08-05,0dte,0,no_entry_bar,,,,,,,,,
JPM,2024-08-05,this_fri,4,no_exit_bar,JPM240809C00190000,,,,,,,,
JPM,2024-08-05,next_fri,11,ok,JPM240816C00190000,2024-08-16,190.0,6.5,7.5,100.0,0.15384615384615385,84.0,0.0144420359875688
JPM,2024-08-05,monthly,11,ok,JPM240816C00190000,2024-08-16,190.0,6.5,7.5,100.0,0.15384615384615385,84.0,0.0144420359875688
JPM,2024-08-28,0dte,0,no_entry_bar,,,,,,,,,
JPM,2024-08-28,this_fri,2,ok,JPM240830C00220000,2024-08-30,220.0,1.47,2.39,92.00000000000001,0.6258503401360546,30.0,0.0068639483612891
JPM,2024-08-28,next_fri,9,ok,JPM240906C00220000,2024-09-06,220.0,2.53,3.57,104.0,0.4110671936758894,30.0,0.0068639483612891
JPM,2024-08-28,monthly,23,ok,JPM240920C00220000,2024-09-20,220.0,4.35,5.17,82.00000000000003,0.18850574712643686,30.0,0.0068639483612891
JPM,2024-09-03,0dte,0,no_entry_bar,,,,,,,,,
JPM,2024-09-03,this_fri,3,ok,JPM240906C00225000,2024-09-06,225.0,1.19,0.6,-59.0,-0.4957983193277311,44.0,-0.0115287335776209
JPM,2024-09-03,next_fri,10,ok,JPM240913C00225000,2024-09-13,225.0,2.39,1.6,-79.0,-0.3305439330543933,44.0,-0.0115287335776209
JPM,2024-09-03,monthly,17,ok,JPM240920C00225000,2024-09-20,225.0,3.15,2.3,-85.00000000000001,-0.2698412698412699,44.0,-0.0115287335776209
SPY,2024-09-04,0dte,0,ok,SPY240904C00550000,2024-09-04,550.0,2.09,2.34,25.0,0.11961722488038279,120.0,0.0021807476329802
SPY,2024-09-04,this_fri,2,ok,SPY240906C00550000,2024-09-06,550.0,4.61,4.93,31.99999999999994,0.06941431670281982,120.0,0.0021807476329802
SPY,2024-09-04,next_fri,9,ok,SPY240913C00550000,2024-09-13,550.0,7.0,7.57,57.00000000000003,0.08142857142857148,120.0,0.0021807476329802
SPY,2024-09-04,monthly,16,ok,SPY240920C00550000,2024-09-20,550.0,8.68,8.98,30.00000000000007,0.03456221198156691,120.0,0.0021807476329802
SPY,2024-09-20,0dte,0,ok,SPY240920C00567000,2024-09-20,567.0,1.61,1.2,-41.000000000000014,-0.2546583850931678,14.0,-0.0012148483026505
SPY,2024-09-20,this_fri,7,ok,SPY240927C00567000,2024-09-27,567.0,4.19,3.88,-31.00000000000005,-0.0739856801909309,14.0,-0.0012148483026505
SPY,2024-09-20,next_fri,14,ok,SPY241004C00567000,2024-10-04,567.0,6.65,6.16,-49.00000000000002,-0.07368421052631582,14.0,-0.0012148483026505
SPY,2024-09-20,monthly,28,ok,SPY241018C00567000,2024-10-18,567.0,9.38,9.07,-31.00000000000005,-0.03304904051172713,14.0,-0.0012148483026505
JPM,2024-09-30,0dte,0,no_entry_bar,,,,,,,,,
JPM,2024-09-30,this_fri,4,no_exit_bar,JPM241004C00205000,,,,,,,,
JPM,2024-09-30,next_fri,11,no_exit_bar,JPM241011C00205000,,,,,,,,
JPM,2024-09-30,monthly,18,no_exit_bar,JPM241018C00205000,,,,,,,,
JPM,2024-10-03,0dte,0,no_entry_bar,,,,,,,,,
JPM,2024-10-03,this_fri,1,no_exit_bar,JPM241004C00205000,,,,,,,,
JPM,2024-10-03,next_fri,8,no_exit_bar,JPM241011C00205000,,,,,,,,
JPM,2024-10-03,monthly,15,no_exit_bar,JPM241018C00205000,,,,,,,,
SPY,2024-10-22,0dte,0,ok,SPY241022C00581000,2024-10-22,581.0,1.0,1.57,57.00000000000001,0.5700000000000001,106.0,0.0028423282975314
SPY,2024-10-22,this_fri,3,ok,SPY241025C00581000,2024-10-25,581.0,2.94,3.7,76.00000000000003,0.2585034013605443,106.0,0.0028423282975314
SPY,2024-10-22,next_fri,10,ok,SPY241101C00581000,2024-11-01,581.0,5.56,6.44,88.00000000000009,0.15827338129496418,106.0,0.0028423282975314
SPY,2024-10-22,monthly,24,ok,SPY241115C00581000,2024-11-15,581.0,10.67,11.22,55.00000000000007,0.051546391752577386,106.0,0.0028423282975314
SPY,2024-10-23,0dte,0,ok,SPY241023C00581000,2024-10-23,581.0,1.29,0.87,-42.00000000000001,-0.32558139534883723,45.0,-0.0011182410927795
SPY,2024-10-23,this_fri,2,ok,SPY241025C00581000,2024-10-25,581.0,2.76,2.46,-29.999999999999982,-0.10869565217391298,45.0,-0.0011182410927795
SPY,2024-10-23,next_fri,9,ok,SPY241101C00581000,2024-11-01,581.0,5.78,5.32,-46.0,-0.07958477508650517,45.0,-0.0011182410927795
SPY,2024-10-23,monthly,23,ok,SPY241115C00581000,2024-11-15,581.0,10.42,10.23,-18.99999999999995,-0.018234165067178454,45.0,-0.0011182410927795
JPM,2024-10-24,0dte,0,no_entry_bar,,,,,,,,,
JPM,2024-10-24,this_fri,1,no_entry_bar,,,,,,,,,
JPM,2024-10-24,next_fri,8,no_entry_bar,,,,,,,,,
JPM,2024-10-24,monthly,22,no_entry_bar,,,,,,,,,
SPY,2024-10-31,0dte,0,ok,SPY241031C00573000,2024-10-31,573.0,1.97,1.79,-17.999999999999993,-0.09137055837563449,13.0,-0.0004359882108787
SPY,2024-10-31,this_fri,1,ok,SPY241101C00573000,2024-11-01,573.0,3.5,3.3,-20.000000000000018,-0.0571428571428572,13.0,-0.0004359882108787
SPY,2024-10-31,next_fri,8,ok,SPY241108C00573000,2024-11-08,573.0,8.8,8.69,-11.00000000000012,-0.012500000000000136,13.0,-0.0004359882108787
SPY,2024-10-31,monthly,15,ok,SPY241115C00573000,2024-11-15,573.0,10.6,10.47,-12.9999999999999,-0.012264150943396133,13.0,-0.0004359882108787
SPY,2024-11-15,0dte,0,ok,SPY241115C00589000,2024-11-15,589.0,1.08,0.83,-25.00000000000001,-0.23148148148148157,5.0,-0.0011633200829001
SPY,2024-11-15,this_fri,7,ok,SPY241122C00589000,2024-11-22,589.0,4.32,4.09,-23.000000000000043,-0.05324074074074084,5.0,-0.0011633200829001
SPY,2024-11-15,next_fri,14,ok,SPY241129C00589000,2024-11-29,589.0,5.79,5.62,-16.999999999999993,-0.02936096718480137,5.0,-0.0011633200829001
SPY,2024-11-15,monthly,35,ok,SPY241220C00589000,2024-12-20,589.0,10.28,9.9,-37.9999999999999,-0.036964980544746985,5.0,-0.0011633200829001
SPY,2024-11-19,0dte,0,no_exit_bar,SPY241119C00585000,,,,,,,,
SPY,2024-11-19,this_fri,3,no_exit_bar,SPY241122C00585000,,,,,,,,
SPY,2024-11-19,next_fri,10,no_exit_bar,SPY241129C00585000,,,,,,,,
SPY,2024-11-19,monthly,31,no_exit_bar,SPY241220C00585000,,,,,,,,
JPM,2024-11-19,0dte,0,no_entry_bar,,,,,,,,,
JPM,2024-11-19,this_fri,3,no_entry_bar,,,,,,,,,
JPM,2024-11-19,next_fri,10,no_entry_bar,,,,,,,,,
JPM,2024-11-19,monthly,31,no_entry_bar,,,,,,,,,
JPM,2024-12-17,0dte,0,no_entry_bar,,,,,,,,,
JPM,2024-12-17,this_fri,3,no_entry_bar,,,,,,,,,
JPM,2024-12-17,next_fri,10,no_entry_bar,,,,,,,,,
JPM,2024-12-17,monthly,3,no_entry_bar,,,,,,,,,
SPY,2024-12-17,0dte,0,ok,SPY241217C00604000,2024-12-17,604.0,0.94,0.59,-35.0,-0.3723404255319149,40.0,-0.0008444407649639
SPY,2024-12-17,this_fri,3,ok,SPY241220C00604000,2024-12-20,604.0,2.7,2.51,-19.00000000000004,-0.07037037037037051,40.0,-0.0008444407649639
SPY,2024-12-17,next_fri,10,ok,SPY241227C00604000,2024-12-27,604.0,3.55,3.31,-23.99999999999998,-0.06760563380281684,40.0,-0.0008444407649639
SPY,2024-12-17,monthly,3,ok,SPY241220C00604000,2024-12-20,604.0,2.7,2.51,-19.00000000000004,-0.07037037037037051,40.0,-0.0008444407649639
SPY,2024-12-20,0dte,0,no_exit_bar,SPY241220C00581000,,,,,,,,
SPY,2024-12-20,this_fri,7,no_exit_bar,SPY241227C00581000,,,,,,,,
SPY,2024-12-20,next_fri,14,no_exit_bar,SPY250103C00581000,,,,,,,,
SPY,2024-12-20,monthly,28,no_exit_bar,SPY250117C00581000,,,,,,,,
JPM,2024-12-20,0dte,0,no_entry_bar,,,,,,,,,
JPM,2024-12-20,this_fri,7,no_entry_bar,,,,,,,,,
JPM,2024-12-20,next_fri,14,no_entry_bar,,,,,,,,,
JPM,2024-12-20,monthly,28,no_entry_bar,,,,,,,,,
SPY,2024-12-27,0dte,0,no_exit_bar,SPY241227C00597000,,,,,,,,
SPY,2024-12-27,this_fri,7,no_exit_bar,SPY250103C00597000,,,,,,,,
SPY,2024-12-27,next_fri,14,no_exit_bar,SPY250110C00597000,,,,,,,,
SPY,2024-12-27,monthly,21,no_exit_bar,SPY250117C00597000,,,,,,,,
JPM,2024-12-30,0dte,0,no_entry_bar,,,,,,,,,
JPM,2024-12-30,this_fri,4,no_entry_bar,,,,,,,,,
JPM,2024-12-30,next_fri,11,no_entry_bar,,,,,,,,,
JPM,2024-12-30,monthly,18,no_entry_bar,,,,,,,,,
SPY,2024-12-30,0dte,0,ok,SPY241230C00585000,2024-12-30,585.0,2.0,1.71,-29.000000000000004,-0.14500000000000002,21.0,-0.0005297153207341
SPY,2024-12-30,this_fri,4,ok,SPY250103C00585000,2025-01-03,585.0,4.92,4.6,-32.00000000000003,-0.06504065040650413,21.0,-0.0005297153207341
SPY,2024-12-30,next_fri,11,ok,SPY250110C00585000,2025-01-10,585.0,7.2,6.9,-29.999999999999982,-0.041666666666666644,21.0,-0.0005297153207341
SPY,2024-12-30,monthly,18,ok,SPY250117C00585000,2025-01-17,585.0,9.15,8.8,-34.999999999999964,-0.03825136612021854,21.0,-0.0005297153207341
SPY,2025-01-10,0dte,0,ok,SPY250110C00583000,2025-01-10,583.0,1.88,0.79,-108.99999999999999,-0.5797872340425532,15.0,-0.0053886152631669
SPY,2025-01-10,this_fri,7,ok,SPY250117C00583000,2025-01-17,583.0,5.8,4.56,-124.00000000000003,-0.2137931034482759,15.0,-0.0053886152631669
SPY,2025-01-10,next_fri,14,ok,SPY250124C00583000,2025-01-24,583.0,7.7,6.31,-139.00000000000006,-0.18051948051948058,15.0,-0.0053886152631669
SPY,2025-01-10,monthly,7,ok,SPY250117C00583000,2025-01-17,583.0,5.8,4.56,-124.00000000000003,-0.2137931034482759,15.0,-0.0053886152631669
SPY,2025-01-13,0dte,0,ok,SPY250113C00576000,2025-01-13,576.0,1.76,1.85,9.000000000000007,0.05113636363636368,44.0,0.0012162913539061
SPY,2025-01-13,this_fri,4,ok,SPY250117C00576000,2025-01-17,576.0,5.52,5.73,21.000000000000085,0.03804347826086972,44.0,0.0012162913539061
SPY,2025-01-13,next_fri,11,ok,SPY250124C00576000,2025-01-24,576.0,7.6,7.8,20.000000000000018,0.026315789473684237,44.0,0.0012162913539061
SPY,2025-01-13,monthly,4,ok,SPY250117C00576000,2025-01-17,576.0,5.52,5.73,21.000000000000085,0.03804347826086972,44.0,0.0012162913539061
JPM,2025-01-24,0dte,0,ok,JPM250124C00265000,2025-01-24,265.0,1.19,1.2,1.0000000000000009,0.008403361344537823,30.0,0.0013551665725579
JPM,2025-01-24,this_fri,7,ok,JPM250131C00265000,2025-01-31,265.0,2.89,3.22,33.00000000000001,0.11418685121107268,30.0,0.0013551665725579
JPM,2025-01-24,next_fri,14,ok,JPM250207C00265000,2025-02-07,265.0,3.29,4.35,105.99999999999996,0.3221884498480242,30.0,0.0013551665725579
JPM,2025-01-24,monthly,28,ok,JPM250221C00265000,2025-02-21,265.0,6.3,6.1,-20.000000000000018,-0.03174603174603177,30.0,0.0013551665725579
SPY,2025-01-27,0dte,0,ok,SPY250127C00596000,2025-01-27,596.0,2.32,2.12,-19.99999999999997,-0.08620689655172403,48.0,0.0008130830937392
SPY,2025-01-27,this_fri,4,ok,SPY250131C00596000,2025-01-31,596.0,5.75,5.72,-3.000000000000025,-0.005217391304347869,48.0,0.0008130830937392
SPY,2025-01-27,next_fri,11,ok,SPY250207C00596000,2025-02-07,596.0,7.92,7.96,4.0000000000000036,0.005050505050505055,48.0,0.0008130830937392
SPY,2025-01-27,monthly,25,ok,SPY250221C00596000,2025-02-21,596.0,10.77,10.7,-7.000000000000028,-0.006499535747446637,48.0,0.0008130830937392
SPY,2025-02-03,0dte,0,no_exit_bar,SPY250203C00592000,,,,,,,,
SPY,2025-02-03,this_fri,4,no_exit_bar,SPY250207C00592000,,,,,,,,
SPY,2025-02-03,next_fri,11,no_exit_bar,SPY250214C00592000,,,,,,,,
SPY,2025-02-03,monthly,18,no_exit_bar,SPY250221C00592000,,,,,,,,
JPM,2025-02-03,0dte,0,no_entry_bar,,,,,,,,,
JPM,2025-02-03,this_fri,4,no_entry_bar,,,,,,,,,
JPM,2025-02-03,next_fri,11,no_entry_bar,,,,,,,,,
JPM,2025-02-03,monthly,18,no_entry_bar,,,,,,,,,
SPY,2025-02-11,0dte,0,ok,SPY250211C00603000,2025-02-11,603.0,1.43,2.05,61.999999999999986,0.4335664335664335,91.0,0.0027861348370511
SPY,2025-02-11,this_fri,3,ok,SPY250214C00603000,2025-02-14,603.0,3.75,4.57,82.00000000000003,0.21866666666666673,91.0,0.0027861348370511
SPY,2025-02-11,next_fri,10,ok,SPY250221C00603000,2025-02-21,603.0,5.41,6.33,92.0,0.17005545286506468,91.0,0.0027861348370511
SPY,2025-02-11,monthly,10,ok,SPY250221C00603000,2025-02-21,603.0,5.41,6.33,92.0,0.17005545286506468,91.0,0.0027861348370511
SPY,2025-02-12,0dte,0,ok,SPY250212C00599000,2025-02-12,599.0,1.67,1.88,20.999999999999996,0.12574850299401197,41.0,0.0017371260585611
SPY,2025-02-12,this_fri,2,ok,SPY250214C00599000,2025-02-14,599.0,3.15,3.8,64.99999999999999,0.20634920634920634,41.0,0.0017371260585611
SPY,2025-02-12,next_fri,9,ok,SPY250221C00599000,2025-02-21,599.0,5.32,6.0,67.99999999999997,0.1278195488721804,41.0,0.0017371260585611
SPY,2025-02-12,monthly,9,ok,SPY250221C00599000,2025-02-21,599.0,5.32,6.0,67.99999999999997,0.1278195488721804,41.0,0.0017371260585611
SPY,2025-03-04,0dte,0,ok,SPY250304C00576000,2025-03-04,576.0,2.81,2.3,-51.00000000000002,-0.18149466192170827,9.0,-0.0016154247003648
SPY,2025-03-04,this_fri,3,ok,SPY250307C00576000,2025-03-07,576.0,6.75,6.33,-41.99999999999999,-0.062222222222222213,9.0,-0.0016154247003648
SPY,2025-03-04,next_fri,10,ok,SPY250314C00576000,2025-03-14,576.0,10.0,9.38,-61.99999999999992,-0.06199999999999992,9.0,-0.0016154247003648
SPY,2025-03-04,monthly,17,ok,SPY250321C00576000,2025-03-21,576.0,12.21,11.2,-101.00000000000016,-0.08271908271908285,9.0,-0.0016154247003648
JPM,2025-03-04,0dte,0,no_entry_bar,,,,,,,,,
JPM,2025-03-04,this_fri,3,ok,JPM250307C00250000,2025-03-07,250.0,4.6,2.58,-201.99999999999994,-0.43913043478260866,63.0,-0.0152941882084807
JPM,2025-03-04,next_fri,10,ok,JPM250314C00250000,2025-03-14,250.0,6.43,4.65,-177.99999999999994,-0.27682737169517874,63.0,-0.0152941882084807
JPM,2025-03-04,monthly,17,ok,JPM250321C00250000,2025-03-21,250.0,8.0,5.6,-240.00000000000003,-0.30000000000000004,63.0,-0.0152941882084807
JPM,2025-03-06,0dte,0,no_entry_bar,,,,,,,,,
JPM,2025-03-06,this_fri,1,ok,JPM250307C00245000,2025-03-07,245.0,2.95,5.0,204.99999999999997,0.6949152542372881,61.0,0.0167137534291447
JPM,2025-03-06,next_fri,8,ok,JPM250314C00245000,2025-03-14,245.0,5.4,7.03,163.0,0.3018518518518518,61.0,0.0167137534291447
JPM,2025-03-06,monthly,15,ok,JPM250321C00245000,2025-03-21,245.0,6.52,8.63,211.0000000000001,0.3236196319018407,61.0,0.0167137534291447
SPY,2025-03-06,0dte,0,no_exit_bar,SPY250306C00574000,,,,,,,,
SPY,2025-03-06,this_fri,1,no_exit_bar,SPY250307C00574000,,,,,,,,
SPY,2025-03-06,next_fri,8,no_exit_bar,SPY250314C00574000,,,,,,,,
SPY,2025-03-06,monthly,15,no_exit_bar,SPY250321C00574000,,,,,,,,
JPM,2025-03-10,0dte,0,no_entry_bar,,,,,,,,,
JPM,2025-03-10,this_fri,4,ok,JPM250314C00235000,2025-03-14,235.0,4.95,4.25,-70.00000000000001,-0.14141414141414144,55.0,-0.0048475570863629
JPM,2025-03-10,next_fri,11,ok,JPM250321C00235000,2025-03-21,235.0,7.17,6.6,-57.00000000000003,-0.07949790794979084,55.0,-0.0048475570863629
JPM,2025-03-10,monthly,11,ok,JPM250321C00235000,2025-03-21,235.0,7.17,6.6,-57.00000000000003,-0.07949790794979084,55.0,-0.0048475570863629
SPY,2025-03-10,0dte,0,ok,SPY250310C00567000,2025-03-10,567.0,3.33,2.2,-112.99999999999999,-0.3393393393393393,46.0,-0.0028034911399101
SPY,2025-03-10,this_fri,4,ok,SPY250314C00567000,2025-03-14,567.0,8.29,7.44,-84.99999999999987,-0.10253317249698418,46.0,-0.0028034911399101
SPY,2025-03-10,next_fri,11,ok,SPY250321C00567000,2025-03-21,567.0,11.0,10.28,-72.00000000000006,-0.06545454545454552,46.0,-0.0028034911399101
SPY,2025-03-10,monthly,11,ok,SPY250321C00567000,2025-03-21,567.0,11.0,10.28,-72.00000000000006,-0.06545454545454552,46.0,-0.0028034911399101
SPY,2025-03-18,0dte,0,ok,SPY250318C00561000,2025-03-18,561.0,2.16,1.69,-47.00000000000002,-0.21759259259259267,48.0,-0.0007842438285356
SPY,2025-03-18,this_fri,3,ok,SPY250321C00561000,2025-03-21,561.0,5.41,5.05,-36.00000000000003,-0.06654343807763406,48.0,-0.0007842438285356
SPY,2025-03-18,next_fri,10,ok,SPY250328C00561000,2025-03-28,561.0,7.88,7.66,-21.999999999999975,-0.027918781725888294,48.0,-0.0007842438285356
SPY,2025-03-18,monthly,3,ok,SPY250321C00561000,2025-03-21,561.0,5.41,5.05,-36.00000000000003,-0.06654343807763406,48.0,-0.0007842438285356
JPM,2025-03-20,0dte,0,no_entry_bar,,,,,,,,,
JPM,2025-03-20,this_fri,1,no_entry_bar,,,,,,,,,
JPM,2025-03-20,next_fri,8,no_entry_bar,,,,,,,,,
JPM,2025-03-20,monthly,1,no_entry_bar,,,,,,,,,
JPM,2025-03-21,0dte,0,no_entry_bar,,,,,,,,,
JPM,2025-03-21,this_fri,7,no_entry_bar,,,,,,,,,
JPM,2025-03-21,next_fri,14,no_entry_bar,,,,,,,,,
JPM,2025-03-21,monthly,28,no_entry_bar,,,,,,,,,
SPY,2025-03-21,0dte,0,ok,SPY250321C00559000,2025-03-21,559.0,2.67,2.28,-39.000000000000014,-0.14606741573033713,26.0,3.5776895280994973e-05
SPY,2025-03-21,this_fri,7,ok,SPY250328C00559000,2025-03-28,559.0,6.75,6.74,-0.9999999999999787,-0.00148148148148145,26.0,3.5776895280994973e-05
SPY,2025-03-21,next_fri,14,ok,SPY250404C00559000,2025-04-04,559.0,9.84,9.81,-2.999999999999936,-0.003048780487804813,26.0,3.5776895280994973e-05
SPY,2025-03-21,monthly,28,no_entry_bar,,,,,,,,,
JPM,2025-03-27,0dte,0,no_entry_bar,,,,,,,,,
JPM,2025-03-27,this_fri,1,no_entry_bar,,,,,,,,,
JPM,2025-03-27,next_fri,8,no_entry_bar,,,,,,,,,
JPM,2025-03-27,monthly,22,no_entry_bar,,,,,,,,,
JPM,2025-03-28,0dte,0,ok,JPM250328C00245000,2025-03-28,245.0,1.97,0.59,-138.0,-0.700507614213198,39.0,-0.0092626447288238
JPM,2025-03-28,this_fri,7,ok,JPM250404C00245000,2025-04-04,245.0,4.3,3.2,-109.99999999999997,-0.25581395348837205,39.0,-0.0092626447288238
JPM,2025-03-28,next_fri,14,ok,JPM250411C00245000,2025-04-11,245.0,6.6,5.65,-94.99999999999993,-0.14393939393939384,39.0,-0.0092626447288238
JPM,2025-03-28,monthly,21,no_entry_bar,,,,,,,,,
JPM,2025-03-31,0dte,0,no_entry_bar,,,,,,,,,
JPM,2025-03-31,this_fri,4,no_entry_bar,,,,,,,,,
JPM,2025-03-31,next_fri,11,no_entry_bar,,,,,,,,,
JPM,2025-03-31,monthly,18,no_entry_bar,,,,,,,,,
SPY,2025-03-31,0dte,0,ok,SPY250331C00547000,2025-03-31,547.0,2.9,3.9,100.0,0.3448275862068966,33.0,0.0040360873694207
SPY,2025-03-31,this_fri,4,ok,SPY250404C00548000,2025-04-04,548.0,7.19,8.12,92.99999999999989,0.12934631432545185,33.0,0.0040360873694207
SPY,2025-03-31,next_fri,11,ok,SPY250411C00548000,2025-04-11,548.0,9.87,10.78,91.00000000000001,0.09219858156028371,33.0,0.0040360873694207
SPY,2025-03-31,monthly,18,no_entry_bar,,,,,,,,,
JPM,2025-04-02,0dte,0,no_entry_bar,,,,,,,,,
JPM,2025-04-02,this_fri,2,no_entry_bar,,,,,,,,,
JPM,2025-04-02,next_fri,9,no_entry_bar,,,,,,,,,
JPM,2025-04-02,monthly,16,no_entry_bar,,,,,,,,,
SPY,2025-04-02,0dte,0,ok,SPY250402C00556000,2025-04-02,556.0,3.09,4.77,167.99999999999997,0.5436893203883495,38.0,0.0059105589391582
SPY,2025-04-02,this_fri,2,ok,SPY250404C00556000,2025-04-04,556.0,6.19,8.02,182.99999999999991,0.2956381260096929,38.0,0.0059105589391582
SPY,2025-04-02,next_fri,9,ok,SPY250411C00556000,2025-04-11,556.0,9.05,11.61,255.9999999999999,0.28287292817679544,38.0,0.0059105589391582
SPY,2025-04-02,monthly,16,no_entry_bar,,,,,,,,,
SPY,2025-04-03,0dte,0,ok,SPY250403C00545000,2025-04-03,545.0,3.26,1.66,-160.0,-0.49079754601226994,39.0,-0.0051748495523262
SPY,2025-04-03,this_fri,1,ok,SPY250404C00545000,2025-04-04,545.0,5.24,3.75,-149.00000000000003,-0.28435114503816794,39.0,-0.0051748495523262
SPY,2025-04-03,next_fri,8,ok,SPY250411C00545000,2025-04-11,545.0,9.36,8.23,-112.9999999999999,-0.12072649572649563,39.0,-0.0051748495523262
SPY,2025-04-03,monthly,15,no_entry_bar,,,,,,,,,
JPM,2025-04-03,0dte,0,no_entry_bar,,,,,,,,,
JPM,2025-04-03,this_fri,1,no_entry_bar,,,,,,,,,
JPM,2025-04-03,next_fri,8,no_entry_bar,,,,,,,,,
JPM,2025-04-03,monthly,15,no_entry_bar,,,,,,,,,
JPM,2025-04-04,0dte,0,ok,JPM250404C00215000,2025-04-04,215.0,1.89,2.34,44.99999999999999,0.23809523809523808,8.0,0.0043075194306582
JPM,2025-04-04,this_fri,7,ok,JPM250411C00215000,2025-04-11,215.0,7.1,8.0,90.00000000000003,0.12676056338028174,8.0,0.0043075194306582
JPM,2025-04-04,next_fri,14,no_entry_bar,,,,,,,,,
JPM,2025-04-04,monthly,14,no_entry_bar,,,,,,,,,
SPY,2025-04-04,0dte,0,ok,SPY250404C00521000,2025-04-04,521.0,4.73,2.8,-193.00000000000006,-0.40803382663847787,29.0,-0.0047914426179136
SPY,2025-04-04,this_fri,7,ok,SPY250411C00521000,2025-04-11,521.0,12.61,10.95,-166.0,-0.1316415543219667,29.0,-0.0047914426179136
SPY,2025-04-04,next_fri,14,no_entry_bar,,,,,,,,,
SPY,2025-04-04,monthly,14,no_entry_bar,,,,,,,,,
SPY,2025-04-07,0dte,0,ok,SPY250407C00484000,2025-04-07,484.0,6.93,31.32,2439.0,3.5194805194805197,38.0,0.0445682163413348
SPY,2025-04-07,this_fri,4,ok,SPY250411C00484000,2025-04-11,484.0,17.0,28.19,1119.0000000000002,0.6582352941176471,38.0,0.0445682163413348
SPY,2025-04-07,next_fri,11,no_entry_bar,,,,,,,,,
SPY,2025-04-07,monthly,11,no_entry_bar,,,,,,,,,
JPM,2025-04-07,0dte,0,no_entry_bar,,,,,,,,,
JPM,2025-04-07,this_fri,4,no_entry_bar,,,,,,,,,
JPM,2025-04-07,next_fri,11,no_entry_bar,,,,,,,,,
JPM,2025-04-07,monthly,11,no_entry_bar,,,,,,,,,
JPM,2025-04-09,0dte,0,no_entry_bar,,,,,,,,,
JPM,2025-04-09,this_fri,2,ok,JPM250411C00215000,2025-04-11,215.0,7.5,6.85,-65.00000000000003,-0.08666666666666671,78.0,-0.0014037057832678
JPM,2025-04-09,next_fri,9,no_entry_bar,,,,,,,,,
JPM,2025-04-09,monthly,9,no_entry_bar,,,,,,,,,
JPM,2025-04-21,0dte,0,no_entry_bar,,,,,,,,,
JPM,2025-04-21,this_fri,4,ok,JPM250425C00230000,2025-04-25,230.0,4.39,4.2,-18.99999999999995,-0.04328018223234613,24.0,-0.0026388648555112
JPM,2025-04-21,next_fri,11,no_entry_bar,,,,,,,,,
JPM,2025-04-21,monthly,25,no_entry_bar,,,,,,,,,
SPY,2025-04-21,0dte,0,ok,SPY250421C00518000,2025-04-21,518.0,2.53,1.54,-98.99999999999997,-0.3913043478260869,25.0,-0.0044052863436122
SPY,2025-04-21,this_fri,4,ok,SPY250425C00518000,2025-04-25,518.0,8.11,6.98,-112.9999999999999,-0.13933415536374835,25.0,-0.0044052863436122
SPY,2025-04-21,next_fri,11,ok,SPY250502C00518000,2025-05-02,518.0,12.02,10.91,-110.99999999999994,-0.09234608985024954,25.0,-0.0044052863436122
SPY,2025-04-21,monthly,25,ok,SPY250516C00518000,2025-05-16,518.0,16.97,15.79,-117.99999999999997,-0.06953447259870359,25.0,-0.0044052863436122
JPM,2025-04-24,0dte,0,no_entry_bar,,,,,,,,,
JPM,2025-04-24,this_fri,1,ok,JPM250425C00240000,2025-04-25,240.0,1.84,3.75,191.0,1.0380434782608694,158.0,0.0159688167986923
JPM,2025-04-24,next_fri,8,no_exit_bar,JPM250502C00240000,,,,,,,,
JPM,2025-04-24,monthly,22,no_exit_bar,JPM250516C00240000,,,,,,,,
SPY,2025-04-30,0dte,0,ok,SPY250430C00542000,2025-04-30,542.0,2.75,4.91,216.0,0.7854545454545455,37.0,0.0071961840794181
SPY,2025-04-30,this_fri,2,ok,SPY250502C00542000,2025-05-02,542.0,6.15,8.01,185.99999999999994,0.3024390243902438,37.0,0.0071961840794181
SPY,2025-04-30,next_fri,9,ok,SPY250509C00542000,2025-05-09,542.0,9.89,11.76,186.99999999999991,0.18907987866531842,37.0,0.0071961840794181
SPY,2025-04-30,monthly,16,ok,SPY250516C00542000,2025-05-16,542.0,12.35,14.4,205.00000000000006,0.16599190283400816,37.0,0.0071961840794181
JPM,2025-04-30,0dte,0,no_entry_bar,,,,,,,,,
JPM,2025-04-30,this_fri,2,no_exit_bar,JPM250502C00240000,,,,,,,,
JPM,2025-04-30,next_fri,9,no_exit_bar,JPM250509C00240000,,,,,,,,
JPM,2025-04-30,monthly,16,no_exit_bar,JPM250516C00240000,,,,,,,,
SPY,2025-05-05,0dte,0,ok,SPY250505C00562000,2025-05-05,562.0,1.92,3.02,110.00000000000001,0.5729166666666667,83.0,0.0042710336399487
SPY,2025-05-05,this_fri,4,ok,SPY250509C00562000,2025-05-09,562.0,6.01,7.04,103.00000000000003,0.17138103161397675,83.0,0.0042710336399487
SPY,2025-05-05,next_fri,11,ok,SPY250516C00562000,2025-05-16,562.0,8.93,10.15,122.00000000000006,0.13661814109742448,83.0,0.0042710336399487
SPY,2025-05-05,monthly,11,ok,SPY250516C00562000,2025-05-16,562.0,8.93,10.15,122.00000000000006,0.13661814109742448,83.0,0.0042710336399487
JPM,2025-05-05,0dte,0,no_entry_bar,,,,,,,,,
JPM,2025-05-05,this_fri,4,ok,JPM250509C00250000,2025-05-09,250.0,4.1,4.0,-9.999999999999964,-0.02439024390243894,17.0,-0.0002784518079477
JPM,2025-05-05,next_fri,11,ok,JPM250516C00250000,2025-05-16,250.0,5.6,5.55,-4.999999999999982,-0.008928571428571397,17.0,-0.0002784518079477
JPM,2025-05-05,monthly,11,ok,JPM250516C00250000,2025-05-16,250.0,5.6,5.55,-4.999999999999982,-0.008928571428571397,17.0,-0.0002784518079477
SPY,2025-05-06,0dte,0,ok,SPY250506C00557000,2025-05-06,557.0,1.9,3.65,175.0,0.9210526315789475,119.0,0.0056898759158321
SPY,2025-05-06,this_fri,3,ok,SPY250509C00557000,2025-05-09,557.0,5.61,7.3,168.99999999999994,0.30124777183600704,119.0,0.0056898759158321
SPY,2025-05-06,next_fri,10,ok,SPY250516C00557000,2025-05-16,557.0,8.72,10.41,168.99999999999994,0.1938073394495412,119.0,0.0056898759158321
SPY,2025-05-06,monthly,10,ok,SPY250516C00557000,2025-05-16,557.0,8.72,10.41,168.99999999999994,0.1938073394495412,119.0,0.0056898759158321
JPM,2025-05-06,0dte,0,no_entry_bar,,,,,,,,,
JPM,2025-05-06,this_fri,3,ok,JPM250509C00250000,2025-05-09,250.0,2.97,3.95,98.0,0.32996632996632996,56.0,0.0069969213546039
JPM,2025-05-06,next_fri,10,no_exit_bar,JPM250516C00250000,,,,,,,,
JPM,2025-05-06,monthly,10,no_exit_bar,JPM250516C00250000,,,,,,,,
SPY,2025-05-15,0dte,0,ok,SPY250515C00586000,2025-05-15,586.0,1.3,2.47,117.00000000000001,0.9000000000000001,99.0,0.0042869342442356
SPY,2025-05-15,this_fri,1,ok,SPY250516C00586000,2025-05-16,586.0,2.6,3.8,119.99999999999997,0.4615384615384614,99.0,0.0042869342442356
SPY,2025-05-15,next_fri,8,ok,SPY250523C00586000,2025-05-23,586.0,5.66,6.99,133.0,0.23498233215547704,99.0,0.0042869342442356
SPY,2025-05-15,monthly,1,ok,SPY250516C00586000,2025-05-16,586.0,2.6,3.8,119.99999999999997,0.4615384615384614,99.0,0.0042869342442356
SPY,2025-05-19,0dte,0,ok,SPY250519C00589000,2025-05-19,589.0,1.77,4.13,236.0,1.3333333333333333,54.0,0.0062818336162988
SPY,2025-05-19,this_fri,4,ok,SPY250523C00589000,2025-05-23,589.0,4.88,7.0,212.0,0.43442622950819676,54.0,0.0062818336162988
SPY,2025-05-19,next_fri,11,ok,SPY250530C00589000,2025-05-30,589.0,7.29,9.46,217.00000000000009,0.29766803840877926,54.0,0.0062818336162988
SPY,2025-05-19,monthly,32,ok,SPY250620C00589000,2025-06-20,589.0,11.93,14.21,228.0000000000001,0.19111483654652148,54.0,0.0062818336162988
JPM,2025-05-19,0dte,0,no_entry_bar,,,,,,,,,
JPM,2025-05-19,this_fri,4,ok,JPM250523C00265000,2025-05-23,265.0,3.9,3.15,-75.0,-0.19230769230769232,155.0,-0.0006030908405579
JPM,2025-05-19,next_fri,11,no_exit_bar,JPM250530C00265000,,,,,,,,
JPM,2025-05-19,monthly,32,no_exit_bar,JPM250620C00265000,,,,,,,,
JPM,2025-05-20,0dte,0,no_entry_bar,,,,,,,,,
JPM,2025-05-20,this_fri,3,no_entry_bar,,,,,,,,,
JPM,2025-05-20,next_fri,10,no_entry_bar,,,,,,,,,
JPM,2025-05-20,monthly,31,no_entry_bar,,,,,,,,,
SPY,2025-05-21,0dte,0,ok,SPY250521C00589000,2025-05-21,589.0,1.83,1.92,8.999999999999986,0.04918032786885238,29.0,0.0011203708748381
SPY,2025-05-21,this_fri,2,ok,SPY250523C00589000,2025-05-23,589.0,3.64,4.03,39.000000000000014,0.10714285714285718,29.0,0.0011203708748381
SPY,2025-05-21,next_fri,9,ok,SPY250530C00589000,2025-05-30,589.0,6.65,7.03,37.999999999999986,0.05714285714285713,29.0,0.0011203708748381
SPY,2025-05-21,monthly,30,ok,SPY250620C00589000,2025-06-20,589.0,11.9,12.3,40.000000000000036,0.03361344537815129,29.0,0.0011203708748381
JPM,2025-05-21,0dte,0,no_entry_bar,,,,,,,,,
JPM,2025-05-21,this_fri,2,ok,JPM250523C00265000,2025-05-23,265.0,2.17,2.5,33.00000000000001,0.15207373271889404,30.0,0.0011705622474795
JPM,2025-05-21,next_fri,9,ok,JPM250530C00265000,2025-05-30,265.0,3.39,4.0,60.999999999999986,0.17994100294985246,30.0,0.0011705622474795
JPM,2025-05-21,monthly,30,ok,JPM250620C00265000,2025-06-20,265.0,6.8,7.28,48.00000000000004,0.07058823529411772,30.0,0.0011705622474795
JPM,2025-05-22,0dte,0,no_entry_bar,,,,,,,,,
JPM,2025-05-22,this_fri,1,ok,JPM250523C00260000,2025-05-23,260.0,1.84,2.01,16.99999999999997,0.09239130434782593,18.0,0.0013087997536378
JPM,2025-05-22,next_fri,8,ok,JPM250530C00260000,2025-05-30,260.0,3.83,4.0,16.999999999999993,0.044386422976501284,18.0,0.0013087997536378
JPM,2025-05-22,monthly,29,no_entry_bar,,,,,,,,,
SPY,2025-05-23,0dte,0,no_exit_bar,SPY250523C00576000,,,,,,,,
SPY,2025-05-23,this_fri,7,no_exit_bar,SPY250530C00576000,,,,,,,,
SPY,2025-05-23,next_fri,14,no_exit_bar,SPY250606C00576000,,,,,,,,
SPY,2025-05-23,monthly,28,no_exit_bar,SPY250620C00576000,,,,,,,,
JPM,2025-05-23,0dte,0,no_entry_bar,,,,,,,,,
JPM,2025-05-23,this_fri,7,no_entry_bar,,,,,,,,,
JPM,2025-05-23,next_fri,14,no_entry_bar,,,,,,,,,
JPM,2025-05-23,monthly,28,no_entry_bar,,,,,,,,,
JPM,2025-06-02,0dte,0,no_entry_bar,,,,,,,,,
JPM,2025-06-02,this_fri,4,no_entry_bar,,,,,,,,,
JPM,2025-06-02,next_fri,11,no_entry_bar,,,,,,,,,
JPM,2025-06-02,monthly,18,no_entry_bar,,,,,,,,,
JPM,2025-06-12,0dte,0,no_entry_bar,,,,,,,,,
JPM,2025-06-12,this_fri,1,ok,JPM250613C00265000,2025-06-13,265.0,1.98,3.33,135.0,0.6818181818181819,101.0,0.0090268355193727
JPM,2025-06-12,next_fri,8,ok,JPM250620C00265000,2025-06-20,265.0,3.75,4.95,120.00000000000001,0.32000000000000006,101.0,0.0090268355193727
JPM,2025-06-12,monthly,8,ok,JPM250620C00265000,2025-06-20,265.0,3.75,4.95,120.00000000000001,0.32000000000000006,101.0,0.0090268355193727
JPM,2025-06-13,0dte,0,no_entry_bar,,,,,,,,,
JPM,2025-06-13,this_fri,7,no_entry_bar,,,,,,,,,
JPM,2025-06-13,next_fri,14,no_entry_bar,,,,,,,,,
JPM,2025-06-13,monthly,7,no_entry_bar,,,,,,,,,
SPY,2025-06-13,0dte,0,ok,SPY250613C00598000,2025-06-13,598.0,1.8,1.1,-70.0,-0.38888888888888884,31.0,-0.0022903953857728
SPY,2025-06-13,this_fri,7,ok,SPY250620C00598000,2025-06-20,598.0,5.45,4.93,-52.00000000000004,-0.09541284403669734,31.0,-0.0022903953857728
SPY,2025-06-13,next_fri,14,ok,SPY250627C00598000,2025-06-27,598.0,7.3,6.82,-47.99999999999996,-0.06575342465753418,31.0,-0.0022903953857728
SPY,2025-06-13,monthly,7,ok,SPY250620C00598000,2025-06-20,598.0,5.45,4.93,-52.00000000000004,-0.09541284403669734,31.0,-0.0022903953857728
JPM,2025-06-17,0dte,0,no_entry_bar,,,,,,,,,
JPM,2025-06-17,this_fri,3,no_entry_bar,,,,,,,,,
JPM,2025-06-17,next_fri,10,no_entry_bar,,,,,,,,,
JPM,2025-06-17,monthly,3,no_entry_bar,,,,,,,,,
SPY,2025-06-17,0dte,0,ok,SPY250617C00600000,2025-06-17,600.0,1.43,1.6,17.000000000000014,0.11888111888111899,47.0,0.0009830056647782
SPY,2025-06-17,this_fri,3,ok,SPY250620C00600000,2025-06-20,600.0,3.46,3.65,18.999999999999993,0.05491329479768785,47.0,0.0009830056647782
SPY,2025-06-17,next_fri,10,ok,SPY250627C00600000,2025-06-27,600.0,5.83,6.25,41.99999999999999,0.07204116638078902,47.0,0.0009830056647782
SPY,2025-06-17,monthly,3,ok,SPY250620C00600000,2025-06-20,600.0,3.46,3.65,18.999999999999993,0.05491329479768785,47.0,0.0009830056647782
SPY,2025-07-07,0dte,0,ok,SPY250707C00623000,2025-07-07,623.0,1.38,0.37,-100.99999999999997,-0.7318840579710144,130.0,-0.0025454634142584
SPY,2025-07-07,this_fri,4,ok,SPY250711C00623000,2025-07-11,623.0,4.32,3.44,-88.00000000000003,-0.20370370370370378,130.0,-0.0025454634142584
SPY,2025-07-07,next_fri,11,ok,SPY250718C00623000,2025-07-18,623.0,6.73,5.91,-82.00000000000003,-0.12184249628528979,130.0,-0.0025454634142584
SPY,2025-07-07,monthly,11,ok,SPY250718C00623000,2025-07-18,623.0,6.73,5.91,-82.00000000000003,-0.12184249628528979,130.0,-0.0025454634142584
JPM,2025-07-08,0dte,0,no_entry_bar,,,,,,,,,
JPM,2025-07-08,this_fri,3,ok,JPM250711C00285000,2025-07-11,285.0,3.2,1.8,-140.0,-0.4375,67.0,-0.0100020950452179
JPM,2025-07-08,next_fri,10,ok,JPM250718C00285000,2025-07-18,285.0,7.0,5.54,-146.0,-0.20857142857142857,67.0,-0.0100020950452179
JPM,2025-07-08,monthly,10,ok,JPM250718C00285000,2025-07-18,285.0,7.0,5.54,-146.0,-0.20857142857142857,67.0,-0.0100020950452179
JPM,2025-07-11,0dte,0,no_exit_bar,JPM250711C00285000,,,,,,,,
JPM,2025-07-11,this_fri,7,no_exit_bar,JPM250718C00285000,,,,,,,,
JPM,2025-07-11,next_fri,14,no_exit_bar,JPM250725C00285000,,,,,,,,
JPM,2025-07-11,monthly,7,no_exit_bar,JPM250718C00285000,,,,,,,,
SPY,2025-07-11,0dte,0,ok,SPY250711C00622000,2025-07-11,622.0,1.27,2.21,94.0,0.7401574803149605,55.0,0.0031845161846469
SPY,2025-07-11,this_fri,7,ok,SPY250718C00622000,2025-07-18,622.0,4.5,5.48,98.00000000000004,0.21777777777777788,55.0,0.0031845161846469
SPY,2025-07-11,next_fri,14,ok,SPY250725C00622000,2025-07-25,622.0,6.56,7.79,123.00000000000004,0.18750000000000008,55.0,0.0031845161846469
SPY,2025-07-11,monthly,7,ok,SPY250718C00622000,2025-07-18,622.0,4.5,5.48,98.00000000000004,0.21777777777777788,55.0,0.0031845161846469
JPM,2025-07-17,0dte,0,no_entry_bar,,,,,,,,,
JPM,2025-07-17,this_fri,1,ok,JPM250718C00285000,2025-07-18,285.0,1.55,3.5,195.0,1.2580645161290323,83.0,0.0100077252616055
JPM,2025-07-17,next_fri,8,ok,JPM250725C00285000,2025-07-25,285.0,3.15,5.25,210.0,0.6666666666666667,83.0,0.0100077252616055
JPM,2025-07-17,monthly,1,ok,JPM250718C00285000,2025-07-18,285.0,1.55,3.5,195.0,1.2580645161290323,83.0,0.0100077252616055
JPM,2025-08-01,0dte,0,no_exit_bar,JPM250801C00285000,,,,,,,,
JPM,2025-08-01,this_fri,7,ok,JPM250808C00285000,2025-08-08,285.0,4.1,6.25,215.00000000000003,0.5243902439024392,109.0,0.0138498312710911
JPM,2025-08-01,next_fri,14,no_exit_bar,JPM250815C00285000,,,,,,,,
JPM,2025-08-01,monthly,14,no_exit_bar,JPM250815C00285000,,,,,,,,
SPY,2025-08-01,0dte,0,no_exit_bar,SPY250801C00622000,,,,,,,,
SPY,2025-08-01,this_fri,7,no_exit_bar,SPY250808C00622000,,,,,,,,
SPY,2025-08-01,next_fri,14,no_exit_bar,SPY250815C00622000,,,,,,,,
SPY,2025-08-01,monthly,14,no_exit_bar,SPY250815C00622000,,,,,,,,
SPY,2025-08-14,0dte,0,ok,SPY250814C00643000,2025-08-14,643.0,1.36,1.93,56.999999999999986,0.4191176470588234,92.0,0.0020991743247656
SPY,2025-08-14,this_fri,1,ok,SPY250815C00643000,2025-08-15,643.0,2.31,3.04,73.0,0.31601731601731603,92.0,0.0020991743247656
SPY,2025-08-14,next_fri,8,ok,SPY250822C00643000,2025-08-22,643.0,4.82,5.76,93.99999999999994,0.1950207468879667,92.0,0.0020991743247656
SPY,2025-08-14,monthly,1,ok,SPY250815C00643000,2025-08-15,643.0,2.31,3.04,73.0,0.31601731601731603,92.0,0.0020991743247656
SPY,2025-09-02,0dte,0,ok,SPY250902C00636000,2025-09-02,636.0,2.01,2.98,97.00000000000001,0.48258706467661705,55.0,0.0033321806922133
SPY,2025-09-02,this_fri,3,ok,SPY250905C00636000,2025-09-05,636.0,5.08,6.04,96.0,0.1889763779527559,55.0,0.0033321806922133
SPY,2025-09-02,next_fri,10,ok,SPY250912C00636000,2025-09-12,636.0,7.65,8.61,95.99999999999991,0.12549019607843126,55.0,0.0033321806922133
SPY,2025-09-02,monthly,17,ok,SPY250919C00636000,2025-09-19,636.0,9.47,10.39,92.0,0.09714889123548046,55.0,0.0033321806922133
JPM,2025-09-02,0dte,0,no_entry_bar,,,,,,,,,
JPM,2025-09-02,this_fri,3,no_exit_bar,JPM250905C00295000,,,,,,,,
JPM,2025-09-02,next_fri,10,no_exit_bar,JPM250912C00295000,,,,,,,,
JPM,2025-09-02,monthly,17,no_exit_bar,JPM250919C00295000,,,,,,,,
JPM,2025-09-22,0dte,0,no_entry_bar,,,,,,,,,
JPM,2025-09-22,this_fri,4,no_entry_bar,,,,,,,,,
JPM,2025-09-22,next_fri,11,no_entry_bar,,,,,,,,,
JPM,2025-09-22,monthly,25,no_entry_bar,,,,,,,,,
SPY,2025-09-25,0dte,0,ok,SPY250925C00655000,2025-09-25,655.0,1.82,3.47,165.0,0.9065934065934066,78.0,0.00434158922004
SPY,2025-09-25,this_fri,1,ok,SPY250926C00655000,2025-09-26,655.0,2.91,4.48,157.00000000000003,0.5395189003436427,78.0,0.00434158922004
SPY,2025-09-25,next_fri,8,ok,SPY251003C00655000,2025-10-03,655.0,6.11,7.53,142.0,0.23240589198036005,78.0,0.00434158922004
SPY,2025-09-25,monthly,22,ok,SPY251017C00655000,2025-10-17,655.0,10.6,11.98,138.00000000000009,0.1301886792452831,78.0,0.00434158922004
JPM,2025-10-14,0dte,0,no_entry_bar,,,,,,,,,
JPM,2025-10-14,this_fri,3,ok,JPM251017C00295000,2025-10-17,295.0,4.12,9.3,518.0000000000001,1.2572815533980584,71.0,0.0255636548567554
JPM,2025-10-14,next_fri,10,no_exit_bar,JPM251024C00295000,,,,,,,,
JPM,2025-10-14,monthly,3,ok,JPM251017C00295000,2025-10-17,295.0,4.12,9.3,518.0000000000001,1.2572815533980584,71.0,0.0255636548567554
SPY,2025-10-14,0dte,0,no_exit_bar,SPY251014C00654000,,,,,,,,
SPY,2025-10-14,this_fri,3,no_exit_bar,SPY251017C00654000,,,,,,,,
SPY,2025-10-14,next_fri,10,no_exit_bar,SPY251024C00654000,,,,,,,,
SPY,2025-10-14,monthly,3,no_exit_bar,SPY251017C00654000,,,,,,,,
JPM,2025-10-29,0dte,0,no_entry_bar,,,,,,,,,
JPM,2025-10-29,this_fri,2,ok,JPM251031C00305000,2025-10-31,305.0,2.87,3.22,35.00000000000001,0.12195121951219515,57.0,0.0054154595733473
JPM,2025-10-29,next_fri,9,no_entry_bar,,,,,,,,,
JPM,2025-10-29,monthly,23,no_exit_bar,JPM251121C00305000,,,,,,,,
SPY,2025-10-30,0dte,0,ok,SPY251030C00682000,2025-10-30,682.0,2.46,3.52,106.0,0.43089430894308944,107.0,0.0041943478962265
SPY,2025-10-30,this_fri,1,ok,SPY251031C00682000,2025-10-31,682.0,3.4,4.71,131.0,0.38529411764705884,107.0,0.0041943478962265
SPY,2025-10-30,next_fri,8,ok,SPY251107C00682000,2025-11-07,682.0,6.28,7.81,152.99999999999994,0.24363057324840753,107.0,0.0041943478962265
SPY,2025-10-30,monthly,22,ok,SPY251121C00682000,2025-11-21,682.0,10.72,12.52,179.9999999999999,0.16791044776119393,107.0,0.0041943478962265
SPY,2025-11-04,0dte,0,ok,SPY251104C00675000,2025-11-04,675.0,2.1,4.62,252.0,1.2,70.0,0.0066021518124426
SPY,2025-11-04,this_fri,3,ok,SPY251107C00675000,2025-11-07,675.0,4.99,7.11,212.0,0.4248496993987976,70.0,0.0066021518124426
SPY,2025-11-04,next_fri,10,ok,SPY251114C00675000,2025-11-14,675.0,7.98,10.02,203.99999999999991,0.2556390977443608,70.0,0.0066021518124426
SPY,2025-11-04,monthly,17,ok,SPY251121C00675000,2025-11-21,675.0,10.55,12.63,208.0,0.19715639810426538,70.0,0.0066021518124426
JPM,2025-11-04,0dte,0,no_entry_bar,,,,,,,,,
JPM,2025-11-04,this_fri,3,ok,JPM251107C00305000,2025-11-07,305.0,4.43,7.38,295.0,0.6659142212189617,70.0,0.0157722010874001
JPM,2025-11-04,next_fri,10,ok,JPM251114C00305000,2025-11-14,305.0,6.5,9.4,290.00000000000006,0.44615384615384623,70.0,0.0157722010874001
JPM,2025-11-04,monthly,17,no_exit_bar,JPM251121C00305000,,,,,,,,
SPY,2025-11-07,0dte,0,ok,SPY251107C00665000,2025-11-07,665.0,2.47,1.52,-95.00000000000001,-0.38461538461538464,65.0,-0.0014886770322697
SPY,2025-11-07,this_fri,7,ok,SPY251114C00665000,2025-11-14,665.0,7.46,6.86,-59.999999999999964,-0.08042895442359245,65.0,-0.0014886770322697
SPY,2025-11-07,next_fri,14,ok,SPY251121C00665000,2025-11-21,665.0,10.55,9.99,-56.00000000000005,-0.05308056872037919,65.0,-0.0014886770322697
SPY,2025-11-07,monthly,14,ok,SPY251121C00665000,2025-11-21,665.0,10.55,9.99,-56.00000000000005,-0.05308056872037919,65.0,-0.0014886770322697
SPY,2025-11-13,0dte,0,ok,SPY251113C00678000,2025-11-13,678.0,1.83,2.12,29.000000000000004,0.15846994535519127,44.0,0.0016228018411424
SPY,2025-11-13,this_fri,1,ok,SPY251114C00678000,2025-11-14,678.0,3.06,3.37,31.000000000000007,0.10130718954248367,44.0,0.0016228018411424
SPY,2025-11-13,next_fri,8,ok,SPY251121C00678000,2025-11-21,678.0,6.8,7.31,50.99999999999998,0.07499999999999997,44.0,0.0016228018411424
SPY,2025-11-13,monthly,8,ok,SPY251121C00678000,2025-11-21,678.0,6.8,7.31,50.99999999999998,0.07499999999999997,44.0,0.0016228018411424
JPM,2025-11-13,0dte,0,no_entry_bar,,,,,,,,,
JPM,2025-11-13,this_fri,1,no_entry_bar,,,,,,,,,
JPM,2025-11-13,next_fri,8,no_entry_bar,,,,,,,,,
JPM,2025-11-13,monthly,8,no_entry_bar,,,,,,,,,
JPM,2025-11-14,0dte,0,no_entry_bar,,,,,,,,,
JPM,2025-11-14,this_fri,7,no_entry_bar,,,,,,,,,
JPM,2025-11-14,next_fri,14,no_entry_bar,,,,,,,,,
JPM,2025-11-14,monthly,7,no_entry_bar,,,,,,,,,
SPY,2025-11-14,0dte,0,no_exit_bar,SPY251114C00663000,,,,,,,,
SPY,2025-11-14,this_fri,7,no_exit_bar,SPY251121C00663000,,,,,,,,
SPY,2025-11-14,next_fri,14,no_exit_bar,SPY251128C00663000,,,,,,,,
SPY,2025-11-14,monthly,7,no_exit_bar,SPY251121C00663000,,,,,,,,
SPY,2025-11-17,0dte,0,ok,SPY251117C00669000,2025-11-17,669.0,2.56,4.56,199.99999999999994,0.7812499999999998,28.0,0.0055820001046158
SPY,2025-11-17,this_fri,4,ok,SPY251121C00669000,2025-11-21,669.0,7.07,8.87,179.9999999999999,0.25459688826025445,28.0,0.0055820001046158
SPY,2025-11-17,next_fri,11,ok,SPY251128C00669000,2025-11-28,669.0,9.26,10.92,166.0,0.17926565874730024,28.0,0.0055820001046158
SPY,2025-11-17,monthly,4,ok,SPY251121C00669000,2025-11-21,669.0,7.07,8.87,179.9999999999999,0.25459688826025445,28.0,0.0055820001046158
SPY,2025-11-18,0dte,0,ok,SPY251118C00659000,2025-11-18,659.0,2.5,1.96,-54.0,-0.21600000000000003,38.0,-0.0014575267592802
SPY,2025-11-18,this_fri,3,ok,SPY251121C00659000,2025-11-21,659.0,7.23,6.59,-64.00000000000006,-0.08852005532503465,38.0,-0.0014575267592802
SPY,2025-11-18,next_fri,10,ok,SPY251128C00659000,2025-11-28,659.0,10.53,9.66,-86.99999999999991,-0.08262108262108254,38.0,-0.0014575267592802
SPY,2025-11-18,monthly,3,ok,SPY251121C00659000,2025-11-21,659.0,7.23,6.59,-64.00000000000006,-0.08852005532503465,38.0,-0.0014575267592802
SPY,2025-12-01,0dte,0,ok,SPY251201C00679000,2025-12-01,679.0,1.66,2.91,125.00000000000003,0.7530120481927712,85.0,0.0025187061804042
SPY,2025-12-01,this_fri,4,no_exit_bar,SPY251205C00679000,,,,,,,,
SPY,2025-12-01,next_fri,11,ok,SPY251212C00679000,2025-12-12,679.0,8.07,9.18,110.99999999999994,0.1375464684014869,85.0,0.0025187061804042
SPY,2025-12-01,monthly,18,no_exit_bar,SPY251219C00679000,,,,,,,,
JPM,2025-12-16,0dte,0,no_entry_bar,,,,,,,,,
JPM,2025-12-16,this_fri,3,no_entry_bar,,,,,,,,,
JPM,2025-12-16,next_fri,10,no_entry_bar,,,,,,,,,
JPM,2025-12-16,monthly,3,no_entry_bar,,,,,,,,,
SPY,2025-12-29,0dte,0,ok,SPY251229C00688000,2025-12-29,688.0,1.05,0.72,-33.00000000000001,-0.31428571428571433,35.0,-0.0003780993237838
SPY,2025-12-29,this_fri,4,ok,SPY260102C00688000,2026-01-02,688.0,3.01,2.85,-15.99999999999997,-0.0531561461794019,35.0,-0.0003780993237838
SPY,2025-12-29,next_fri,11,ok,SPY260109C00688000,2026-01-09,688.0,5.44,5.38,-6.00000000000005,-0.011029411764705973,35.0,-0.0003780993237838
SPY,2025-12-29,monthly,18,ok,SPY260116C00688000,2026-01-16,688.0,7.6,7.54,-5.999999999999961,-0.007894736842105211,35.0,-0.0003780993237838
JPM,2026-01-06,0dte,0,no_entry_bar,,,,,,,,,
JPM,2026-01-06,this_fri,3,no_exit_bar,JPM260109C00330000,,,,,,,,
JPM,2026-01-06,next_fri,10,no_exit_bar,JPM260116C00330000,,,,,,,,
JPM,2026-01-06,monthly,10,no_exit_bar,JPM260116C00330000,,,,,,,,
JPM,2026-01-07,0dte,0,no_entry_bar,,,,,,,,,
JPM,2026-01-07,this_fri,2,no_entry_bar,,,,,,,,,
JPM,2026-01-07,next_fri,9,no_entry_bar,,,,,,,,,
JPM,2026-01-07,monthly,9,no_entry_bar,,,,,,,,,
JPM,2026-01-12,0dte,0,no_entry_bar,,,,,,,,,
JPM,2026-01-12,this_fri,4,no_entry_bar,,,,,,,,,
JPM,2026-01-12,next_fri,11,no_entry_bar,,,,,,,,,
JPM,2026-01-12,monthly,4,no_entry_bar,,,,,,,,,
SPY,2026-01-12,0dte,0,no_exit_bar,SPY260112C00691000,,,,,,,,
SPY,2026-01-12,this_fri,4,no_exit_bar,SPY260116C00691000,,,,,,,,
SPY,2026-01-12,next_fri,11,no_exit_bar,SPY260123C00691000,,,,,,,,
SPY,2026-01-12,monthly,4,no_exit_bar,SPY260116C00691000,,,,,,,,
JPM,2026-01-14,0dte,0,no_entry_bar,,,,,,,,,
JPM,2026-01-14,this_fri,2,ok,JPM260116C00310000,2026-01-16,310.0,3.3,2.3,-100.0,-0.30303030303030304,31.0,-0.0073492674907732
JPM,2026-01-14,next_fri,9,ok,JPM260123C00310000,2026-01-23,310.0,4.99,4.2,-79.0,-0.15831663326653306,31.0,-0.0073492674907732
JPM,2026-01-14,monthly,2,ok,JPM260116C00310000,2026-01-16,310.0,3.3,2.3,-100.0,-0.30303030303030304,31.0,-0.0073492674907732
SPY,2026-01-14,0dte,0,ok,SPY260114C00689000,2026-01-14,689.0,1.75,1.03,-72.0,-0.4114285714285714,31.0,-0.0007695435009872
SPY,2026-01-14,this_fri,2,ok,SPY260116C00689000,2026-01-16,689.0,3.59,3.09,-50.0,-0.1392757660167131,31.0,-0.0007695435009872
SPY,2026-01-14,next_fri,9,ok,SPY260123C00689000,2026-01-23,689.0,6.22,5.77,-45.000000000000014,-0.07234726688102897,31.0,-0.0007695435009872
SPY,2026-01-14,monthly,2,ok,SPY260116C00689000,2026-01-16,689.0,3.59,3.09,-50.0,-0.1392757660167131,31.0,-0.0007695435009872
SPY,2026-01-20,0dte,0,ok,SPY260120C00682000,2026-01-20,682.0,2.68,2.17,-51.00000000000002,-0.19029850746268664,81.0,0.0011136346985126
SPY,2026-01-20,this_fri,3,ok,SPY260123C00682000,2026-01-23,682.0,5.62,5.45,-16.999999999999993,-0.030249110320284683,81.0,0.0011136346985126
SPY,2026-01-20,next_fri,10,ok,SPY260130C00682000,2026-01-30,682.0,8.85,8.63,-21.999999999999886,-0.024858757062146766,81.0,0.0011136346985126
SPY,2026-01-20,monthly,31,ok,SPY260220C00682000,2026-02-20,682.0,14.33,14.56,23.000000000000043,0.016050244242847202,81.0,0.0011136346985126
JPM,2026-01-20,0dte,0,no_entry_bar,,,,,,,,,
JPM,2026-01-20,this_fri,3,ok,JPM260123C00305000,2026-01-23,305.0,4.43,4.66,23.000000000000043,0.05191873589164796,30.0,0.0028397519582246
JPM,2026-01-20,next_fri,10,ok,JPM260130C00305000,2026-01-30,305.0,6.4,6.95,54.999999999999986,0.08593749999999997,30.0,0.0028397519582246
JPM,2026-01-20,monthly,31,ok,JPM260220C00305000,2026-02-20,305.0,9.55,10.9,134.99999999999997,0.14136125654450257,30.0,0.0028397519582246
JPM,2026-01-23,0dte,0,ok,JPM260123C00300000,2026-01-23,300.0,1.1,0.73,-37.000000000000014,-0.3363636363636364,41.0,0.0007351712614871
JPM,2026-01-23,this_fri,7,ok,JPM260130C00300000,2026-01-30,300.0,3.5,3.55,4.999999999999982,0.014285714285714235,41.0,0.0007351712614871
JPM,2026-01-23,next_fri,14,ok,JPM260206C00300000,2026-02-06,300.0,5.1,5.35,25.0,0.04901960784313726,41.0,0.0007351712614871
JPM,2026-01-23,monthly,28,ok,JPM260220C00300000,2026-02-20,300.0,7.3,7.63,33.00000000000001,0.0452054794520548,41.0,0.0007351712614871
JPM,2026-02-02,0dte,0,no_entry_bar,,,,,,,,,
JPM,2026-02-02,this_fri,4,no_entry_bar,,,,,,,,,
JPM,2026-02-02,next_fri,11,no_entry_bar,,,,,,,,,
JPM,2026-02-02,monthly,18,no_entry_bar,,,,,,,,,
SPY,2026-02-02,0dte,0,no_exit_bar,SPY260202C00691000,,,,,,,,
SPY,2026-02-02,this_fri,4,no_exit_bar,SPY260206C00691000,,,,,,,,
SPY,2026-02-02,next_fri,11,no_exit_bar,SPY260213C00691000,,,,,,,,
SPY,2026-02-02,monthly,18,no_exit_bar,SPY260220C00691000,,,,,,,,
JPM,2026-02-05,0dte,0,no_entry_bar,,,,,,,,,
JPM,2026-02-05,this_fri,1,no_entry_bar,,,,,,,,,
JPM,2026-02-05,next_fri,8,ok,JPM260213C00310000,2026-02-13,310.0,8.1,7.92,-17.99999999999997,-0.02222222222222219,18.0,0.0026968023629124
JPM,2026-02-05,monthly,15,ok,JPM260220C00310000,2026-02-20,310.0,9.1,8.7,-40.000000000000036,-0.043956043956043994,18.0,0.0026968023629124
SPY,2026-02-05,0dte,0,ok,SPY260205C00680000,2026-02-05,680.0,3.36,4.04,68.00000000000001,0.20238095238095244,22.0,0.003222104519774
SPY,2026-02-05,this_fri,1,ok,SPY260206C00680000,2026-02-06,680.0,5.02,5.79,77.00000000000004,0.15338645418326705,22.0,0.003222104519774
SPY,2026-02-05,next_fri,8,ok,SPY260213C00680000,2026-02-13,680.0,9.2,10.02,82.00000000000003,0.08913043478260874,22.0,0.003222104519774
SPY,2026-02-05,monthly,15,ok,SPY260220C00680000,2026-02-20,680.0,11.34,12.03,68.99999999999994,0.0608465608465608,22.0,0.003222104519774
JPM,2026-02-09,0dte,0,no_entry_bar,,,,,,,,,
JPM,2026-02-09,this_fri,4,no_entry_bar,,,,,,,,,
JPM,2026-02-09,next_fri,11,no_entry_bar,,,,,,,,,
JPM,2026-02-09,monthly,11,no_entry_bar,,,,,,,,,
JPM,2026-02-13,0dte,0,no_entry_bar,,,,,,,,,
JPM,2026-02-13,this_fri,7,no_entry_bar,,,,,,,,,
JPM,2026-02-13,next_fri,14,no_entry_bar,,,,,,,,,
JPM,2026-02-13,monthly,7,no_entry_bar,,,,,,,,,
NVDA,2026-02-17,0dte,0,no_entry_bar,,,,,,,,,
NVDA,2026-02-17,this_fri,3,no_exit_bar,NVDA260220C00180000,,,,,,,,
NVDA,2026-02-17,next_fri,10,no_exit_bar,NVDA260227C00180000,,,,,,,,
NVDA,2026-02-17,monthly,3,no_exit_bar,NVDA260220C00180000,,,,,,,,
SPY,2026-02-19,0dte,0,ok,SPY260219C00683000,2026-02-19,683.0,2.46,3.06,60.00000000000001,0.2439024390243903,32.0,0.002547919930884
SPY,2026-02-19,this_fri,1,ok,SPY260220C00683000,2026-02-20,683.0,4.02,4.7,68.00000000000006,0.16915422885572157,32.0,0.002547919930884
SPY,2026-02-19,next_fri,8,ok,SPY260227C00683000,2026-02-27,683.0,8.49,9.15,66.00000000000001,0.07773851590106008,32.0,0.002547919930884
SPY,2026-02-19,monthly,1,ok,SPY260220C00683000,2026-02-20,683.0,4.02,4.7,68.00000000000006,0.16915422885572157,32.0,0.002547919930884
NVDA,2026-02-19,0dte,0,no_entry_bar,,,,,,,,,
NVDA,2026-02-19,this_fri,1,ok,NVDA260220C00185000,2026-02-20,185.0,2.51,4.0,149.00000000000003,0.5936254980079683,54.0,0.0133821589165029
NVDA,2026-02-19,next_fri,8,ok,NVDA260227C00185000,2026-02-27,185.0,7.19,8.49,129.99999999999997,0.18080667593880387,54.0,0.0133821589165029
NVDA,2026-02-19,monthly,1,ok,NVDA260220C00185000,2026-02-20,185.0,2.51,4.0,149.00000000000003,0.5936254980079683,54.0,0.0133821589165029
JPM,2026-02-19,0dte,0,no_entry_bar,,,,,,,,,
JPM,2026-02-19,this_fri,1,ok,JPM260220C00305000,2026-02-20,305.0,3.93,3.95,2.0000000000000018,0.005089058524173033,33.0,0.0030366355384314
JPM,2026-02-19,next_fri,8,no_exit_bar,JPM260227C00305000,,,,,,,,
JPM,2026-02-19,monthly,1,ok,JPM260220C00305000,2026-02-20,305.0,3.93,3.95,2.0000000000000018,0.005089058524173033,33.0,0.0030366355384314
SPY,2026-02-20,0dte,0,ok,SPY260220C00682000,2026-02-20,682.0,2.63,4.22,159.0,0.6045627376425855,36.0,0.0041496818088505
SPY,2026-02-20,this_fri,7,ok,SPY260227C00682000,2026-02-27,682.0,7.88,9.4,152.00000000000006,0.19289340101522848,36.0,0.0041496818088505
SPY,2026-02-20,next_fri,14,ok,SPY260306C00682000,2026-03-06,682.0,10.58,12.05,147.00000000000006,0.13894139886578455,36.0,0.0041496818088505
SPY,2026-02-20,monthly,28,ok,SPY260320C00682000,2026-03-20,682.0,14.44,14.74,30.00000000000007,0.020775623268698112,36.0,0.0041496818088505
NVDA,2026-02-26,0dte,0,no_entry_bar,,,,,,,,,
NVDA,2026-02-26,this_fri,1,ok,NVDA260227C00190000,2026-02-27,190.0,2.4,2.13,-27.0,-0.11250000000000002,12.0,-0.0035982643665995
NVDA,2026-02-26,next_fri,8,ok,NVDA260306C00190000,2026-03-06,190.0,4.8,4.55,-25.0,-0.052083333333333336,12.0,-0.0035982643665995
NVDA,2026-02-26,monthly,22,ok,NVDA260320C00190000,2026-03-20,190.0,8.35,8.05,-29.999999999999893,-0.035928143712574724,12.0,-0.0035982643665995
SPY,2026-02-27,0dte,0,ok,SPY260227C00682000,2026-02-27,682.0,2.32,3.32,100.0,0.4310344827586207,33.0,0.0035348646190854
SPY,2026-02-27,this_fri,7,ok,SPY260306C00682000,2026-03-06,682.0,7.74,8.66,92.0,0.11886304909560723,33.0,0.0035348646190854
SPY,2026-02-27,next_fri,14,ok,SPY260313C00682000,2026-03-13,682.0,10.39,11.19,79.99999999999989,0.07699711260827709,33.0,0.0035348646190854
SPY,2026-02-27,monthly,21,ok,SPY260320C00682000,2026-03-20,682.0,12.2,13.3,110.00000000000014,0.09016393442622964,33.0,0.0035348646190854
JPM,2026-02-27,0dte,0,ok,JPM260227C00295000,2026-02-27,295.0,2.5,3.1,60.00000000000001,0.24000000000000005,27.0,0.0075297382358416
JPM,2026-02-27,this_fri,7,ok,JPM260306C00295000,2026-03-06,295.0,6.31,6.95,64.00000000000006,0.10142630744849455,27.0,0.0075297382358416
JPM,2026-02-27,next_fri,14,no_exit_bar,JPM260313C00295000,,,,,,,,
JPM,2026-02-27,monthly,21,no_exit_bar,JPM260320C00295000,,,,,,,,
NVDA,2026-02-27,0dte,0,ok,NVDA260227C00180000,2026-02-27,180.0,1.33,2.14,81.0,0.6090225563909775,18.0,0.0097125525224699
NVDA,2026-02-27,this_fri,7,ok,NVDA260306C00180000,2026-03-06,180.0,4.75,5.6,84.99999999999997,0.17894736842105255,18.0,0.0097125525224699
NVDA,2026-02-27,next_fri,14,ok,NVDA260313C00180000,2026-03-13,180.0,6.55,7.4,85.00000000000006,0.1297709923664123,18.0,0.0097125525224699
NVDA,2026-02-27,monthly,21,ok,NVDA260320C00180000,2026-03-20,180.0,8.35,9.18,83.0,0.09940119760479044,18.0,0.0097125525224699
JPM,2026-03-02,0dte,0,no_entry_bar,,,,,,,,,
JPM,2026-03-02,this_fri,4,no_entry_bar,,,,,,,,,
JPM,2026-03-02,next_fri,11,no_entry_bar,,,,,,,,,
JPM,2026-03-02,monthly,18,no_entry_bar,,,,,,,,,
SPY,2026-03-02,0dte,0,ok,SPY260302C00679000,2026-03-02,679.0,2.97,3.86,88.99999999999997,0.2996632996632995,10.0,0.0027974499035615
SPY,2026-03-02,this_fri,4,ok,SPY260306C00679000,2026-03-06,679.0,7.45,9.0,154.99999999999997,0.20805369127516776,10.0,0.0027974499035615
SPY,2026-03-02,next_fri,11,ok,SPY260313C00679000,2026-03-13,679.0,10.3,11.8,150.0,0.14563106796116504,10.0,0.0027974499035615
SPY,2026-03-02,monthly,18,no_exit_bar,SPY260320C00679000,,,,,,,,
NVDA,2026-03-02,0dte,0,ok,NVDA260302C00175000,2026-03-02,175.0,2.78,5.25,247.00000000000003,0.8884892086330937,92.0,0.0217169426173734
NVDA,2026-03-02,this_fri,4,ok,NVDA260306C00175000,2026-03-06,175.0,5.45,7.31,185.99999999999994,0.3412844036697247,92.0,0.0217169426173734
NVDA,2026-03-02,next_fri,11,ok,NVDA260313C00175000,2026-03-13,175.0,7.27,9.15,188.00000000000009,0.2585969738651996,92.0,0.0217169426173734
NVDA,2026-03-02,monthly,18,ok,NVDA260320C00175000,2026-03-20,175.0,9.25,10.95,169.99999999999994,0.1837837837837837,92.0,0.0217169426173734
JPM,2026-03-03,0dte,0,no_entry_bar,,,,,,,,,
JPM,2026-03-03,this_fri,3,ok,JPM260306C00290000,2026-03-06,290.0,5.8,5.25,-54.999999999999986,-0.09482758620689652,13.0,-0.0007225184930327
JPM,2026-03-03,next_fri,10,ok,JPM260313C00290000,2026-03-13,290.0,7.85,7.77,-8.000000000000007,-0.01019108280254778,13.0,-0.0007225184930327
JPM,2026-03-03,monthly,17,ok,JPM260320C00290000,2026-03-20,290.0,9.65,9.73,8.000000000000007,0.008290155440414514,13.0,-0.0007225184930327
AMZN,2026-03-03,0dte,0,no_entry_bar,,,,,,,,,
AMZN,2026-03-03,this_fri,3,ok,AMZN260306C00205000,2026-03-06,205.0,3.1,3.25,14.999999999999991,0.04838709677419352,30.0,0.0010427989430614
AMZN,2026-03-03,next_fri,10,ok,AMZN260313C00205000,2026-03-13,205.0,5.2,5.35,14.999999999999947,0.028846153846153744,30.0,0.0010427989430614
AMZN,2026-03-03,monthly,17,ok,AMZN260320C00205000,2026-03-20,205.0,6.6,6.8,20.000000000000018,0.03030303030303033,30.0,0.0010427989430614
SPY,2026-03-03,0dte,0,ok,SPY260303C00672000,2026-03-03,672.0,2.79,2.87,8.000000000000007,0.028673835125448053,16.0,0.0007438926414139
SPY,2026-03-03,this_fri,3,ok,SPY260306C00672000,2026-03-06,672.0,7.59,7.65,6.00000000000005,0.007905138339921014,16.0,0.0007438926414139
SPY,2026-03-03,next_fri,10,ok,SPY260313C00672000,2026-03-13,672.0,11.73,11.78,4.999999999999893,0.004262574595055323,16.0,0.0007438926414139
SPY,2026-03-03,monthly,17,ok,SPY260320C00672000,2026-03-20,672.0,13.99,14.05,6.00000000000005,0.004288777698356004,16.0,0.0007438926414139
NVDA,2026-03-03,0dte,0,no_entry_bar,,,,,,,,,
NVDA,2026-03-03,this_fri,3,no_entry_bar,,,,,,,,,
NVDA,2026-03-03,next_fri,10,no_entry_bar,,,,,,,,,
NVDA,2026-03-03,monthly,17,no_entry_bar,,,,,,,,,
NVDA,2026-03-05,0dte,0,no_entry_bar,,,,,,,,,
NVDA,2026-03-05,this_fri,1,ok,NVDA260306C00180000,2026-03-06,180.0,3.2,3.03,-17.000000000000036,-0.05312500000000012,57.0,0.0
NVDA,2026-03-05,next_fri,8,ok,NVDA260313C00180000,2026-03-13,180.0,5.77,5.78,1.0000000000000675,0.0017331022530330462,57.0,0.0
NVDA,2026-03-05,monthly,15,ok,NVDA260320C00180000,2026-03-20,180.0,8.01,8.0,-0.9999999999999787,-0.001248439450686615,57.0,0.0
SPY,2026-03-05,0dte,0,ok,SPY260305C00682000,2026-03-05,682.0,2.75,2.76,0.9999999999999787,0.0036363636363635587,37.0,0.0012820512820512
SPY,2026-03-05,this_fri,1,ok,SPY260306C00682000,2026-03-06,682.0,4.47,4.72,25.0,0.055928411633109625,37.0,0.0012820512820512
SPY,2026-03-05,next_fri,8,ok,SPY260313C00682000,2026-03-13,682.0,8.69,8.97,28.000000000000114,0.03222094361334881,37.0,0.0012820512820512
SPY,2026-03-05,monthly,15,ok,SPY260320C00682000,2026-03-20,682.0,10.98,11.34,35.99999999999994,0.032786885245901586,37.0,0.0012820512820512
AMZN,2026-03-06,0dte,0,ok,AMZN260306C00215000,2026-03-06,215.0,1.03,1.04,1.0000000000000009,0.009708737864077678,11.0,0.0009800718719371
AMZN,2026-03-06,this_fri,7,ok,AMZN260313C00215000,2026-03-13,215.0,4.43,4.3,-12.99999999999999,-0.02934537246049659,11.0,0.0009800718719371
AMZN,2026-03-06,next_fri,14,ok,AMZN260320C00215000,2026-03-20,215.0,6.15,6.08,-7.000000000000028,-0.011382113821138257,11.0,0.0009800718719371
AMZN,2026-03-06,monthly,14,ok,AMZN260320C00215000,2026-03-20,215.0,6.15,6.08,-7.000000000000028,-0.011382113821138257,11.0,0.0009800718719371
JPM,2026-03-06,0dte,0,ok,JPM260306C00285000,2026-03-06,285.0,1.7,2.15,44.99999999999999,0.2647058823529412,72.0,0.0087611398781219
JPM,2026-03-06,this_fri,7,ok,JPM260313C00285000,2026-03-13,285.0,6.1,6.5,40.000000000000036,0.06557377049180334,72.0,0.0087611398781219
JPM,2026-03-06,next_fri,14,ok,JPM260320C00285000,2026-03-20,285.0,8.3,8.87,56.99999999999985,0.06867469879518054,72.0,0.0087611398781219
JPM,2026-03-06,monthly,14,ok,JPM260320C00285000,2026-03-20,285.0,8.3,8.87,56.99999999999985,0.06867469879518054,72.0,0.0087611398781219
SPY,2026-03-06,0dte,0,ok,SPY260306C00671000,2026-03-06,671.0,2.84,4.41,157.00000000000003,0.5528169014084509,44.0,0.005217106145751
SPY,2026-03-06,this_fri,7,ok,SPY260313C00671000,2026-03-13,671.0,10.32,11.4,108.0,0.10465116279069768,44.0,0.005217106145751
SPY,2026-03-06,next_fri,14,ok,SPY260320C00671000,2026-03-20,671.0,13.23,14.26,102.99999999999994,0.07785336356764923,44.0,0.005217106145751
SPY,2026-03-06,monthly,14,ok,SPY260320C00671000,2026-03-20,671.0,13.23,14.26,102.99999999999994,0.07785336356764923,44.0,0.005217106145751
JPM,2026-03-09,0dte,0,no_entry_bar,,,,,,,,,
JPM,2026-03-09,this_fri,4,no_entry_bar,,,,,,,,,
JPM,2026-03-09,next_fri,11,no_entry_bar,,,,,,,,,
JPM,2026-03-09,monthly,11,no_entry_bar,,,,,,,,,
NVDA,2026-03-09,0dte,0,no_exit_bar,NVDA260309C00175000,,,,,,,,
NVDA,2026-03-09,this_fri,4,no_exit_bar,NVDA260313C00175000,,,,,,,,
NVDA,2026-03-09,next_fri,11,no_exit_bar,NVDA260320C00175000,,,,,,,,
NVDA,2026-03-09,monthly,11,no_exit_bar,NVDA260320C00175000,,,,,,,,
SPY,2026-03-09,0dte,0,no_exit_bar,SPY260309C00664000,,,,,,,,
SPY,2026-03-09,this_fri,4,no_exit_bar,SPY260313C00664000,,,,,,,,
SPY,2026-03-09,next_fri,11,no_exit_bar,SPY260320C00664000,,,,,,,,
SPY,2026-03-09,monthly,11,no_exit_bar,SPY260320C00664000,,,,,,,,
AMZN,2026-03-09,0dte,0,no_entry_bar,,,,,,,,,
AMZN,2026-03-09,this_fri,4,no_entry_bar,,,,,,,,,
AMZN,2026-03-09,next_fri,11,no_entry_bar,,,,,,,,,
AMZN,2026-03-09,monthly,11,no_entry_bar,,,,,,,,,
AMZN,2026-03-12,0dte,0,no_entry_bar,,,,,,,,,
AMZN,2026-03-12,this_fri,1,ok,AMZN260313C00210000,2026-03-13,210.0,1.96,2.0,4.0000000000000036,0.02040816326530614,81.0,0.0025071633237822
AMZN,2026-03-12,next_fri,8,ok,AMZN260320C00210000,2026-03-20,210.0,4.4,4.7,29.999999999999982,0.06818181818181814,81.0,0.0025071633237822
AMZN,2026-03-12,monthly,8,ok,AMZN260320C00210000,2026-03-20,210.0,4.4,4.7,29.999999999999982,0.06818181818181814,81.0,0.0025071633237822
SPY,2026-03-12,0dte,0,ok,SPY260312C00669000,2026-03-12,669.0,2.32,2.6,28.000000000000025,0.12068965517241391,23.0,0.0015106417984115
SPY,2026-03-12,this_fri,1,ok,SPY260313C00669000,2026-03-13,669.0,4.44,4.69,25.0,0.0563063063063063,23.0,0.0015106417984115
SPY,2026-03-12,next_fri,8,ok,SPY260320C00669000,2026-03-20,669.0,9.89,10.17,27.999999999999936,0.028311425682507517,23.0,0.0015106417984115
SPY,2026-03-12,monthly,8,ok,SPY260320C00669000,2026-03-20,669.0,9.89,10.17,27.999999999999936,0.028311425682507517,23.0,0.0015106417984115
NVDA,2026-03-12,0dte,0,no_entry_bar,,,,,,,,,
NVDA,2026-03-12,this_fri,1,no_entry_bar,,,,,,,,,
NVDA,2026-03-12,next_fri,8,no_entry_bar,,,,,,,,,
NVDA,2026-03-12,monthly,8,no_entry_bar,,,,,,,,,
JPM,2026-03-12,0dte,0,no_entry_bar,,,,,,,,,
JPM,2026-03-12,this_fri,1,ok,JPM260313C00280000,2026-03-13,280.0,3.39,2.98,-41.000000000000014,-0.12094395280235992,32.0,-0.0041536678848382
JPM,2026-03-12,next_fri,8,ok,JPM260320C00280000,2026-03-20,280.0,6.72,5.98,-73.99999999999993,-0.11011904761904752,32.0,-0.0041536678848382
JPM,2026-03-12,monthly,8,ok,JPM260320C00280000,2026-03-20,280.0,6.72,5.98,-73.99999999999993,-0.11011904761904752,32.0,-0.0041536678848382
ARMK,2026-03-16,0dte,0,no_entry_bar,,,,,,,,,
ARMK,2026-03-16,this_fri,4,no_entry_bar,,,,,,,,,
ARMK,2026-03-16,next_fri,11,no_entry_bar,,,,,,,,,
ARMK,2026-03-16,monthly,4,no_entry_bar,,,,,,,,,
SPY,2026-03-18,0dte,0,ok,SPY260318C00668000,2026-03-18,668.0,2.83,1.93,-90.00000000000001,-0.3180212014134276,42.0,-0.0018399401645475
SPY,2026-03-18,this_fri,2,ok,SPY260320C00668000,2026-03-20,668.0,4.9,4.18,-72.00000000000006,-0.1469387755102042,42.0,-0.0018399401645475
SPY,2026-03-18,next_fri,9,ok,SPY260327C00668000,2026-03-27,668.0,8.53,8.23,-29.999999999999893,-0.03516998827667045,42.0,-0.0018399401645475
SPY,2026-03-18,monthly,2,ok,SPY260320C00668000,2026-03-20,668.0,4.9,4.18,-72.00000000000006,-0.1469387755102042,42.0,-0.0018399401645475
ARMK,2026-03-18,0dte,0,no_entry_bar,,,,,,,,,
ARMK,2026-03-18,this_fri,2,no_entry_bar,,,,,,,,,
ARMK,2026-03-18,next_fri,9,no_entry_bar,,,,,,,,,
ARMK,2026-03-18,monthly,2,no_entry_bar,,,,,,,,,
AMZN,2026-03-19,0dte,0,no_entry_bar,,,,,,,,,
AMZN,2026-03-19,this_fri,1,no_entry_bar,,,,,,,,,
AMZN,2026-03-19,next_fri,8,no_entry_bar,,,,,,,,,
AMZN,2026-03-19,monthly,1,no_entry_bar,,,,,,,,,
ARMK,2026-03-19,0dte,0,no_entry_bar,,,,,,,,,
ARMK,2026-03-19,this_fri,1,no_entry_bar,,,,,,,,,
ARMK,2026-03-19,next_fri,8,no_entry_bar,,,,,,,,,
ARMK,2026-03-19,monthly,1,no_entry_bar,,,,,,,,,
SPY,2026-03-19,0dte,0,ok,SPY260319C00656000,2026-03-19,656.0,3.06,3.24,18.000000000000014,0.058823529411764754,46.0,0.0029885337887288
SPY,2026-03-19,this_fri,1,ok,SPY260320C00656000,2026-03-20,656.0,4.18,4.26,8.000000000000007,0.01913875598086126,46.0,0.0029885337887288
SPY,2026-03-19,next_fri,8,ok,SPY260327C00656000,2026-03-27,656.0,9.4,10.0,59.999999999999964,0.0638297872340425,46.0,0.0029885337887288
SPY,2026-03-19,monthly,1,ok,SPY260320C00656000,2026-03-20,656.0,4.18,4.26,8.000000000000007,0.01913875598086126,46.0,0.0029885337887288
NVDA,2026-03-19,0dte,0,no_entry_bar,,,,,,,,,
NVDA,2026-03-19,this_fri,1,ok,NVDA260320C00175000,2026-03-20,175.0,2.72,3.9,117.99999999999997,0.43382352941176455,105.0,0.0128983859968174
NVDA,2026-03-19,next_fri,8,ok,NVDA260327C00175000,2026-03-27,175.0,5.0,6.1,109.99999999999997,0.21999999999999992,105.0,0.0128983859968174
NVDA,2026-03-19,monthly,1,ok,NVDA260320C00175000,2026-03-20,175.0,2.72,3.9,117.99999999999997,0.43382352941176455,105.0,0.0128983859968174
JPM,2026-03-19,0dte,0,no_entry_bar,,,,,,,,,
JPM,2026-03-19,this_fri,1,ok,JPM260320C00285000,2026-03-20,285.0,4.09,2.9,-119.0,-0.29095354523227385,45.0,-0.0034756789800017
JPM,2026-03-19,next_fri,8,ok,JPM260327C00285000,2026-03-27,285.0,6.69,5.99,-70.00000000000001,-0.10463378176382662,45.0,-0.0034756789800017
JPM,2026-03-19,monthly,1,ok,JPM260320C00285000,2026-03-20,285.0,4.09,2.9,-119.0,-0.29095354523227385,45.0,-0.0034756789800017
AMZN,2026-03-24,0dte,0,no_entry_bar,,,,,,,,,
AMZN,2026-03-24,this_fri,3,no_entry_bar,,,,,,,,,
AMZN,2026-03-24,next_fri,10,no_entry_bar,,,,,,,,,
AMZN,2026-03-24,monthly,24,no_entry_bar,,,,,,,,,
NVDA,2026-03-24,0dte,0,no_entry_bar,,,,,,,,,
NVDA,2026-03-24,this_fri,3,no_exit_bar,NVDA260327C00175000,,,,,,,,
NVDA,2026-03-24,next_fri,10,no_entry_bar,,,,,,,,,
NVDA,2026-03-24,monthly,24,no_exit_bar,NVDA260417C00175000,,,,,,,,
JPM,2026-03-24,0dte,0,no_entry_bar,,,,,,,,,
JPM,2026-03-24,this_fri,3,no_entry_bar,,,,,,,,,
JPM,2026-03-24,next_fri,10,no_entry_bar,,,,,,,,,
JPM,2026-03-24,monthly,24,no_entry_bar,,,,,,,,,
SPY,2026-03-24,0dte,0,ok,SPY260324C00651000,2026-03-24,651.0,2.51,1.82,-68.99999999999997,-0.2749003984063744,9.0,-0.001750506725631
SPY,2026-03-24,this_fri,3,ok,SPY260327C00651000,2026-03-27,651.0,7.5,6.85,-65.00000000000003,-0.08666666666666671,9.0,-0.001750506725631
SPY,2026-03-24,next_fri,10,no_entry_bar,,,,,,,,,
SPY,2026-03-24,monthly,24,ok,SPY260417C00651000,2026-04-17,651.0,16.49,16.59,10.000000000000142,0.006064281382656242,9.0,-0.001750506725631
SPY,2026-03-26,0dte,0,ok,SPY260326C00651000,2026-03-26,651.0,2.25,2.68,43.000000000000014,0.19111111111111118,66.0,0.0020733823777856
SPY,2026-03-26,this_fri,1,ok,SPY260327C00651000,2026-03-27,651.0,4.38,4.85,46.99999999999997,0.10730593607305931,66.0,0.0020733823777856
SPY,2026-03-26,next_fri,8,no_entry_bar,,,,,,,,,
SPY,2026-03-26,monthly,22,ok,SPY260417C00651000,2026-04-17,651.0,16.45,17.19,74.0000000000002,0.044984802431611064,66.0,0.0020733823777856
NVDA,2026-03-26,0dte,0,no_entry_bar,,,,,,,,,
NVDA,2026-03-26,this_fri,1,ok,NVDA260327C00175000,2026-03-27,175.0,1.82,1.69,-13.00000000000001,-0.0714285714285715,30.0,-0.0008560178051702
NVDA,2026-03-26,next_fri,8,no_entry_bar,,,,,,,,,
NVDA,2026-03-26,monthly,22,ok,NVDA260417C00175000,2026-04-17,175.0,6.6,6.5,-9.999999999999964,-0.015151515151515098,30.0,-0.0008560178051702
AMZN,2026-03-26,0dte,0,no_entry_bar,,,,,,,,,
AMZN,2026-03-26,this_fri,1,no_entry_bar,,,,,,,,,
AMZN,2026-03-26,next_fri,8,no_entry_bar,,,,,,,,,
AMZN,2026-03-26,monthly,22,no_entry_bar,,,,,,,,,
JPM,2026-03-26,0dte,0,no_entry_bar,,,,,,,,,
JPM,2026-03-26,this_fri,1,ok,JPM260327C00295000,2026-03-27,295.0,2.21,2.13,-8.000000000000007,-0.036199095022624465,49.0,-0.0001870621046187
JPM,2026-03-26,next_fri,8,no_entry_bar,,,,,,,,,
JPM,2026-03-26,monthly,22,no_entry_bar,,,,,,,,,
SPY,2026-04-02,0dte,0,ok,SPY260402C00645000,2026-04-02,645.0,2.68,9.24,656.0,2.4477611940298507,140.0,0.013139138518748
SPY,2026-04-02,this_fri,1,no_entry_bar,,,,,,,,,
SPY,2026-04-02,next_fri,8,ok,SPY260410C00645000,2026-04-10,645.0,9.99,14.86,486.99999999999994,0.4874874874874874,140.0,0.013139138518748
SPY,2026-04-02,monthly,15,ok,SPY260417C00645000,2026-04-17,645.0,13.41,18.01,460.0000000000001,0.3430275913497391,140.0,0.013139138518748
JPM,2026-04-02,0dte,0,ok,JPM260402C00290000,2026-04-02,290.0,1.44,2.05,60.999999999999986,0.42361111111111105,33.0,0.0063718530318247
JPM,2026-04-02,this_fri,1,no_entry_bar,,,,,,,,,
JPM,2026-04-02,next_fri,8,ok,JPM260410C00290000,2026-04-10,290.0,4.7,5.29,58.999999999999986,0.12553191489361698,33.0,0.0063718530318247
JPM,2026-04-02,monthly,15,ok,JPM260417C00290000,2026-04-17,290.0,7.8,8.33,53.00000000000003,0.06794871794871798,33.0,0.0063718530318247
JPM,2026-04-07,0dte,0,no_entry_bar,,,,,,,,,
JPM,2026-04-07,this_fri,3,no_entry_bar,,,,,,,,,
JPM,2026-04-07,next_fri,10,no_entry_bar,,,,,,,,,
JPM,2026-04-07,monthly,10,no_entry_bar,,,,,,,,,
SPY,2026-04-07,0dte,0,ok,SPY260407C00654000,2026-04-07,654.0,2.1,2.03,-7.000000000000028,-0.033333333333333465,45.0,8.990396788413042e-05
SPY,2026-04-07,this_fri,3,ok,SPY260410C00654000,2026-04-10,654.0,7.56,7.54,-1.9999999999999574,-0.0026455026455025894,45.0,8.990396788413042e-05
SPY,2026-04-07,next_fri,10,ok,SPY260417C00654000,2026-04-17,654.0,11.19,11.11,-8.000000000000007,-0.007149240393208228,45.0,8.990396788413042e-05
SPY,2026-04-07,monthly,10,ok,SPY260417C00654000,2026-04-17,654.0,11.19,11.11,-8.000000000000007,-0.007149240393208228,45.0,8.990396788413042e-05
