ticker,session_date,entry_open,prior_close,prior_poc,prior_val,prior_vah,gap_pct,target_px,stop_px,outcome,exit_px,exit_date,bars_held,underlying_pnl,underlying_pct,status,symbol,expiry,strike,entry_opt,exit_opt,opt_pnl,opt_pnl_pct
SPY,2024-01-03,470.43,472.6,472.63,471.43,472.93,-0.0045916208209903,472.63,468.26,stop,468.26,2024-01-04,1,-2.170000000000016,-0.0046128010543545605,no_bars,SPY240105C00470000,,,,,,
JPM,2024-01-04,170.64,171.34,171.78,171.08,171.83,-0.0040854441461422725,171.78,169.93999999999997,target,171.78,2024-01-05,1,1.1400000000000148,0.006680731364275755,no_bars,JPM240105C00171000,,,,,,
JPM,2024-01-10,170.0,170.65,170.83,170.28,170.93,-0.0038089657193085594,170.83,169.35,stop,169.35,2024-01-11,1,-0.6500000000000057,-0.0038235294117647395,no_bars,JPM240112C00170000,,,,,,
JPM,2024-01-16,164.87,169.06,169.97,168.93,172.53,-0.02478410031941321,169.97,160.68,target,169.97,2024-01-19,3,5.099999999999994,0.03093346272821007,no_entry_bar,JPM240119C00165000,,,,,,
SPY,2024-01-17,471.82,474.95,474.12,473.73,475.28,-0.006590167386040627,474.12,468.69,target,474.12,2024-01-18,1,2.3000000000000114,0.004874740367089169,no_entry_bar,SPY240119C00472000,,,,,,
SPY,2024-01-31,488.62,490.86,490.93,490.62,491.28,-0.004563419304893471,490.93,486.38,stop,486.38,2024-02-01,1,-2.240000000000009,-0.00458433956858092,ok,SPY240202C00489000,2024-02-02,489.0,2.69,0.5,-219.0,-0.8141263940520446
JPM,2024-02-01,173.64,174.34,176.33,175.18,177.08,-0.0040151428243662786,176.33,172.93999999999997,stop,172.93999999999997,2024-02-05,2,-0.700000000000017,-0.004031329186823411,ok,JPM240209C00175000,2024-02-09,175.0,1.17,0.97,-19.999999999999996,-0.17094017094017092
JPM,2024-02-05,173.86,174.72,174.97,174.38,175.53,-0.004922161172161088,174.97,173.00000000000003,target,174.97,2024-02-06,1,1.1099999999999852,0.0063844472564131205,ok,JPM240209C00175000,2024-02-09,175.0,1.05,1.3,25.0,0.23809523809523808
SPY,2024-02-13,494.53,500.94,501.03,500.48,502.08,-0.012795943625983202,501.03,488.11999999999995,target,501.03,2024-02-15,2,6.5,0.013143793096475441,ok,SPY240216C00495000,2024-02-16,495.0,2.62,4.75,213.0,0.8129770992366412
SPY,2024-02-20,497.72,499.49,501.88,500.23,502.38,-0.0035436144867764755,501.88,495.95000000000005,stop,495.95000000000005,2024-02-21,1,-1.7699999999999818,-0.003556216346540187,ok,SPY240223C00498000,2024-02-23,498.0,2.9,1.63,-127.0,-0.43793103448275866
SPY,2024-02-28,505.33,506.87,505.88,505.43,506.73,-0.0030382543847535274,505.88,503.78999999999996,target,505.88,2024-02-29,1,0.5500000000000114,0.0010883976807235102,ok,SPY240301C00505000,2024-03-01,505.0,2.5,3.05,54.999999999999986,0.21999999999999992
SPY,2024-03-05,510.24,512.25,512.38,512.23,513.02,-0.003923865300146395,512.38,508.23,target,512.38,2024-03-07,2,2.1399999999999864,0.004194104735026627,ok,SPY240308C00510000,2024-03-08,510.0,3.08,5.01,192.99999999999997,0.6266233766233765
JPM,2024-03-11,187.28,188.22,188.18,187.97,189.18,-0.004994155775156719,188.18,186.34,target,188.18,2024-03-12,1,0.9000000000000057,0.004805638615976109,ok,JPM240315C00187500,2024-03-15,187.5,1.5,2.81,131.0,0.8733333333333334
JPM,2024-03-15,186.48,188.05,189.23,187.83,189.98,-0.008348843392714817,189.23,184.90999999999997,target,189.23,2024-03-18,1,2.75,0.014746889746889747,ok,JPM240322C00185000,2024-03-22,185.0,5.25,6.99,174.00000000000003,0.33142857142857146
SPY,2024-03-15,510.21,514.95,514.27,513.52,515.12,-0.00920477716283147,514.27,505.4699999999999,target,514.27,2024-03-18,1,4.060000000000002,0.007957507692910768,ok,SPY240322C00510000,2024-03-22,510.0,4.14,6.28,214.00000000000006,0.5169082125603867
SPY,2024-04-02,518.24,522.22,521.98,521.18,522.62,-0.0076213090268469575,521.98,514.26,target,521.98,2024-04-04,2,3.740000000000009,0.007216733559740678,ok,SPY240405C00518000,2024-04-05,518.0,3.17,5.82,265.00000000000006,0.8359621451104102
JPM,2024-04-10,195.55,197.21,196.68,196.08,197.18,-0.008417423051569376,196.68,193.89000000000001,stop,193.89000000000001,2024-04-11,1,-1.6599999999999966,-0.008488877524929668,ok,JPM240412C00195000,2024-04-12,195.0,3.8,3.41,-38.99999999999997,-0.10263157894736834
SPY,2024-04-10,513.48,519.29,516.88,515.73,518.88,-0.011188353328583154,516.88,507.6700000000001,target,516.88,2024-04-11,1,3.3999999999999773,0.006621484770584983,ok,SPY240412C00513000,2024-04-12,513.0,3.58,3.47,-10.999999999999988,-0.030726256983240188
JPM,2024-04-12,188.32,195.3,196.08,194.53,196.43,-0.03573988735279067,196.08,181.33999999999997,stop,181.33999999999997,2024-04-16,2,-6.980000000000018,-0.03706457094307571,ok,JPM240419C00187500,2024-04-19,187.5,3.6,0.11,-349.0,-0.9694444444444444
SPY,2024-04-12,514.37,518.05,518.83,514.73,519.48,-0.007103561432294084,518.83,510.69000000000005,stop,510.69000000000005,2024-04-15,1,-3.67999999999995,-0.007154383031669712,ok,SPY240419C00514000,2024-04-19,514.0,5.26,3.17,-209.0,-0.3973384030418251
JPM,2024-04-24,190.53,192.14,191.68,191.38,191.93,-0.008379306755490711,191.68,188.92000000000002,target,191.68,2024-04-25,1,1.1500000000000057,0.006035794887944186,ok,JPM240426C00190000,2024-04-26,190.0,1.78,3.15,137.0,0.7696629213483145
SPY,2024-04-25,499.18,505.47,505.88,504.38,506.53,-0.012443864126456605,505.88,492.89,target,505.88,2024-04-26,1,6.699999999999989,0.01342201209984372,ok,SPY240426C00499000,2024-04-26,499.0,2.63,9.53,690.0,2.623574144486692
JPM,2024-05-08,191.0,191.77,191.83,191.72,192.53,-0.004015226573499558,191.83,190.23,target,191.83,2024-05-09,1,0.8300000000000125,0.004345549738219961,ok,JPM240510C00190000,2024-05-10,190.0,1.85,6.85,500.0,2.7027027027027026
SPY,2024-05-08,515.26,517.2,518.08,517.23,518.18,-0.0037509667440062924,518.08,513.3199999999999,target,518.08,2024-05-09,1,2.82000000000005,0.0054729651049956335,ok,SPY240510C00515000,2024-05-10,515.0,2.42,3.99,157.00000000000003,0.6487603305785126
SPY,2024-05-29,525.68,529.87,529.52,528.52,530.02,-0.007907599977353038,529.52,521.4899999999999,stop,521.4899999999999,2024-05-30,1,-4.190000000000055,-0.00797062851925136,ok,SPY240531C00526000,2024-05-31,526.0,2.2,1.06,-114.00000000000001,-0.5181818181818182
JPM,2024-05-29,198.0,199.57,199.58,198.88,199.68,-0.007866913864809305,199.58,196.43,target,199.58,2024-05-30,1,1.5800000000000125,0.007979797979798043,ok,JPM240531C00197500,2024-05-31,197.5,1.66,1.75,9.000000000000007,0.05421686746987957
SPY,2024-05-30,524.52,526.11,526.38,526.02,527.12,-0.003022181673034217,526.38,522.93,target,526.38,2024-05-31,1,1.8600000000000136,0.0035460992907801678,ok,SPY240531C00525000,2024-05-31,525.0,1.73,0.03,-170.0,-0.9826589595375722
JPM,2024-06-04,200.16,201.8,201.18,200.33,202.33,-0.00812685827552039,201.18,198.51999999999998,stop,198.51999999999998,2024-06-05,1,-1.6400000000000148,-0.00819344524380503,ok,JPM240607C00200000,2024-06-07,200.0,1.8,0.48,-132.0,-0.7333333333333334
JPM,2024-06-10,199.24,199.95,200.03,199.82,200.68,-0.0035508877219303805,200.03,198.53000000000003,stop,198.53000000000003,2024-06-11,1,-0.7099999999999795,-0.003563541457538544,ok,JPM240614C00200000,2024-06-14,200.0,1.63,0.29,-134.0,-0.8220858895705521
JPM,2024-06-11,197.91,199.55,199.68,199.03,199.88,-0.008218491606113829,199.68,196.26999999999998,stop,196.26999999999998,2024-06-12,1,-1.6400000000000148,-0.008286594916881485,ok,JPM240614C00197500,2024-06-14,197.5,1.59,0.25,-134.0,-0.8427672955974843
JPM,2024-06-14,191.45,193.59,193.73,192.43,194.58,-0.011054289994317965,193.73,189.30999999999997,target,193.73,2024-06-17,1,2.280000000000001,0.011909114651345006,ok,JPM240621C00190000,2024-06-21,190.0,3.0,5.0,200.0,0.6666666666666666
SPY,2024-06-21,544.4,546.95,546.98,545.38,548.38,-0.004662217752993999,546.98,541.8499999999999,target,546.98,2024-06-28,5,2.580000000000041,0.004739162380602574,ok,SPY240628C00544000,2024-06-28,544.0,4.11,3.54,-57.00000000000003,-0.13868613138686137
JPM,2024-06-25,198.09,198.87,198.43,198.28,198.88,-0.0039221602051591545,198.43,197.31,stop,197.31,2024-06-26,1,-0.7800000000000011,-0.0039376041193396995,ok,JPM240628C00197500,2024-06-28,197.5,2.29,1.33,-96.0,-0.4192139737991266
JPM,2024-06-26,197.45,198.09,198.18,197.98,199.13,-0.0032308546620223874,198.18,196.80999999999997,target,198.18,2024-06-27,1,0.7300000000000182,0.0036971385160801127,ok,JPM240628C00197500,2024-06-28,197.5,1.55,2.44,88.99999999999999,0.5741935483870967
SPY,2024-07-02,543.7,545.37,545.02,544.27,545.73,-0.0030621412985678696,545.02,542.0300000000001,target,545.02,2024-07-03,1,1.3199999999999363,0.0024278094537427556,ok,SPY240705C00544000,2024-07-05,544.0,2.15,6.88,473.00000000000006,2.2
JPM,2024-07-05,206.99,208.69,208.68,208.03,208.68,-0.00814605395562791,208.68,205.29000000000002,stop,205.29000000000002,2024-07-08,1,-1.6999999999999886,-0.008212957147688238,ok,JPM240712C00207500,2024-07-12,207.5,3.4,2.0,-140.0,-0.4117647058823529
JPM,2024-07-10,206.14,207.64,209.18,207.43,209.68,-0.007224041610479677,209.18,204.64,stop,204.64,2024-07-12,2,-1.5,-0.007276608130396818,ok,JPM240712C00205000,2024-07-12,205.0,3.8,1.41,-238.99999999999997,-0.6289473684210526
JPM,2024-07-11,206.21,207.69,207.43,206.93,207.78,-0.007126005103760363,207.43,204.73000000000002,target,207.43,2024-07-12,1,1.2199999999999989,0.005916298918578143,ok,JPM240712C00205000,2024-07-12,205.0,3.8,1.41,-238.99999999999997,-0.6289473684210526
JPM,2024-07-12,204.0,207.36,207.53,206.93,207.93,-0.01620370370370377,207.53,200.64,target,207.53,2024-07-15,1,3.530000000000001,0.017303921568627458,ok,JPM240719C00205000,2024-07-19,205.0,2.36,5.85,349.0,1.478813559322034
SPY,2024-07-17,558.8,564.845,564.27,563.12,565.12,-0.010702051005143131,564.27,552.7549999999999,stop,552.7549999999999,2024-07-18,1,-6.045000000000073,-0.010817823908375221,ok,SPY240719C00559000,2024-07-19,559.0,2.69,0.36,-233.0,-0.8661710037174721
SPY,2024-07-24,548.86,553.72,554.88,554.17,556.12,-0.008776999205374583,554.88,544.0,stop,544.0,2024-07-25,1,-4.860000000000014,-0.008854717049885242,ok,SPY240726C00549000,2024-07-26,549.0,2.89,0.91,-198.0,-0.6851211072664359
JPM,2024-07-24,209.55,210.29,210.73,210.18,210.93,-0.0035189500213989285,210.73,208.81000000000003,stop,208.81000000000003,2024-07-25,1,-0.7399999999999807,-0.003531376759723124,ok,JPM240726C00210000,2024-07-26,210.0,1.79,0.7,-109.00000000000001,-0.6089385474860336
SPY,2024-08-02,535.75,543.04,542.12,539.57,546.17,-0.013424425456688207,542.12,528.46,stop,528.46,2024-08-05,1,-7.289999999999964,-0.0136070928604759,ok,SPY240809C00536000,2024-08-09,536.0,6.5,1.13,-537.0,-0.8261538461538461
JPM,2024-08-02,203.88,207.79,207.53,206.48,209.28,-0.01881707493142113,207.53,199.97,stop,199.97,2024-08-05,1,-3.9099999999999966,-0.019177947812438673,ok,JPM240809C00205000,2024-08-09,205.0,2.75,0.24,-250.99999999999997,-0.9127272727272726
SPY,2024-08-05,511.64,532.98,531.18,529.88,532.88,-0.04003902585462875,531.18,490.29999999999995,target,531.18,2024-08-07,2,19.539999999999964,0.03819091548745204,ok,SPY240809C00512000,2024-08-09,512.0,12.48,15.58,309.99999999999994,0.24839743589743585
JPM,2024-08-05,194.05,199.12,197.73,196.98,199.88,-0.02546203294495778,197.73,188.98000000000002,target,197.73,2024-08-06,1,3.6799999999999784,0.01896418448853377,ok,JPM240809C00195000,2024-08-09,195.0,2.15,6.2,405.00000000000006,1.8837209302325586
JPM,2024-08-28,219.25,220.28,220.08,219.72,220.18,-0.004675867078264033,220.08,218.22,target,220.08,2024-08-29,1,0.8300000000000125,0.0037856328392246864,ok,JPM240830C00220000,2024-08-30,220.0,1.41,2.35,94.00000000000001,0.6666666666666669
JPM,2024-09-03,222.3,224.78,222.97,222.43,223.83,-0.011033010054275245,222.97,219.82000000000002,stop,219.82000000000002,2024-09-04,1,-2.4799999999999898,-0.011156095366621635,ok,JPM240906C00222500,2024-09-06,222.5,2.77,0.67,-210.0,-0.7581227436823105
SPY,2024-09-04,550.2,552.16,556.23,551.52,557.67,-0.003549695740364972,556.23,548.2400000000001,stop,548.2400000000001,2024-09-05,1,-1.9599999999999227,-0.003562340966920979,ok,SPY240906C00550000,2024-09-06,550.0,4.5,2.52,-198.0,-0.44
SPY,2024-09-20,567.84,570.92,571.68,570.38,572.03,-0.00539480137322204,571.68,564.7600000000001,target,571.68,2024-09-25,3,3.839999999999918,0.006762468300929695,ok,SPY240927C00568000,2024-09-27,568.0,4.1,3.88,-21.999999999999975,-0.0536585365853658
JPM,2024-09-30,206.31,210.34,210.88,209.98,211.08,-0.019159456118665024,210.88,202.28,target,210.88,2024-10-04,4,4.569999999999993,0.022151131791963517,ok,JPM241004C00205000,2024-10-04,205.0,2.66,3.26,59.999999999999964,0.22556390977443594
JPM,2024-10-03,206.17,207.25,207.33,206.83,207.68,-0.0052110977080820865,207.33,205.08999999999997,target,207.33,2024-10-04,1,1.160000000000025,0.005626424795072149,ok,JPM241004C00205000,2024-10-04,205.0,1.83,3.26,142.99999999999997,0.7814207650273223
SPY,2024-10-22,581.05,583.67,582.48,581.93,584.08,-0.004488837870714624,582.48,578.43,stop,578.43,2024-10-23,1,-2.6200000000000045,-0.004509078392565192,ok,SPY241025C00581000,2024-10-25,581.0,3.17,1.82,-135.0,-0.4258675078864353
SPY,2024-10-23,581.26,583.32,583.48,581.98,584.48,-0.003531509291641053,583.48,579.1999999999999,stop,579.1999999999999,2024-10-24,1,-2.060000000000059,-0.0035440250490315164,ok,SPY241025C00581000,2024-10-25,581.0,2.77,0.73,-204.0,-0.7364620938628159
JPM,2024-10-24,221.83,223.45,223.72,223.28,224.22,-0.007249944059073512,223.72,220.21000000000004,target,223.72,2024-10-25,1,1.8899999999999864,0.008520037866834902,ok,JPM241025C00222500,2024-10-25,222.5,1.07,0.37,-70.0,-0.6542056074766356
SPY,2024-10-31,575.56,579.97,582.02,580.38,582.83,-0.0076038415780127966,582.02,571.1499999999999,stop,571.1499999999999,2024-11-01,1,-4.410000000000082,-0.007662102995343808,ok,SPY241101C00576000,2024-11-01,576.0,3.01,0.22,-278.99999999999994,-0.9269102990033222
SPY,2024-11-15,589.72,593.37,593.23,592.98,595.62,-0.0061513052564167,593.23,586.07,stop,586.07,2024-11-18,1,-3.6499999999999773,-0.006189378009902966,ok,SPY241122C00590000,2024-11-22,590.0,4.42,3.36,-106.0,-0.2398190045248869
SPY,2024-11-19,584.71,588.14,588.28,587.53,588.58,-0.005831944775053474,588.28,581.2800000000001,target,588.28,2024-11-20,1,3.5699999999999363,0.006105590805698442,ok,SPY241122C00585000,2024-11-22,585.0,4.15,5.07,92.0,0.22168674698795177
JPM,2024-11-19,242.25,245.18,245.08,244.28,245.88,-0.011950403784974332,245.08,239.32,stop,239.32,2024-11-20,1,-2.930000000000007,-0.012094943240454105,ok,JPM241122C00242500,2024-11-22,242.5,2.49,1.11,-138.0,-0.5542168674698795
JPM,2024-12-17,238.65,239.83,239.78,239.18,240.07,-0.004920151774173401,239.78,237.47,stop,237.47,2024-12-18,1,-1.1800000000000068,-0.004944479363084043,ok,JPM241220C00240000,2024-12-20,240.0,1.67,1.0,-67.0,-0.40119760479041916
SPY,2024-12-17,604.19,606.775,607.48,606.53,607.73,-0.004260228255943179,607.48,601.6050000000001,stop,601.6050000000001,2024-12-18,1,-2.5849999999999227,-0.004278455452754799,ok,SPY241220C00604000,2024-12-20,604.0,2.88,3.53,64.99999999999999,0.22569444444444442
SPY,2024-12-20,581.77,586.12,588.73,587.88,590.77,-0.007421688391455713,588.73,577.42,target,588.73,2024-12-23,1,6.960000000000036,0.011963490726575857,ok,SPY241227C00582000,2024-12-27,582.0,6.03,9.78,374.9999999999999,0.6218905472636814
JPM,2024-12-20,231.92,233.07,233.07,232.93,234.38,-0.004934139957952571,233.07,230.76999999999998,target,233.07,2024-12-23,1,1.1500000000000057,0.004958606416005544,ok,JPM241227C00232500,2024-12-27,232.5,3.55,4.16,61.00000000000003,0.17183098591549306
SPY,2024-12-27,597.54,601.25,601.78,600.53,602.03,-0.0061704781704782306,601.78,593.8299999999999,stop,593.8299999999999,2024-12-30,1,-3.7100000000000364,-0.006208789369749367,ok,SPY250103C00598000,2025-01-03,598.0,3.88,0.65,-323.0,-0.8324742268041238
JPM,2024-12-30,238.77,241.31,241.03,240.32,241.57,-0.010525879573991927,241.03,236.23000000000002,target,241.03,2024-12-31,1,2.259999999999991,0.009465175692088582,ok,JPM250103C00240000,2025-01-03,240.0,1.61,1.71,9.999999999999986,0.06211180124223594
SPY,2024-12-30,587.89,594.99,594.52,592.33,595.08,-0.011932973663422953,594.52,580.79,stop,580.79,2025-01-02,2,-7.100000000000023,-0.012077089251390605,ok,SPY250103C00588000,2025-01-03,588.0,4.36,1.81,-255.00000000000003,-0.5848623853211009
SPY,2025-01-10,585.88,589.42,589.42,587.52,589.62,-0.006005904109124162,589.42,582.34,stop,582.34,2025-01-13,1,-3.5399999999999636,-0.006042192940533836,ok,SPY250117C00586000,2025-01-17,586.0,5.62,1.86,-376.0,-0.6690391459074733
SPY,2025-01-13,575.77,580.51,580.38,579.52,582.33,-0.00816523401836318,580.38,571.03,target,580.38,2025-01-14,1,4.610000000000014,0.008006669329767119,ok,SPY250117C00576000,2025-01-17,576.0,5.64,7.78,214.00000000000006,0.3794326241134753
JPM,2025-01-24,263.69,265.9,264.78,264.53,265.38,-0.008311395261376382,264.78,261.48,target,264.78,2025-01-27,1,1.089999999999975,0.00413364177632817,ok,JPM250131C00265000,2025-01-31,265.0,2.39,1.87,-52.0,-0.21757322175732216
SPY,2025-01-27,594.81,607.95,607.38,606.88,609.58,-0.021613619541080844,607.38,581.6699999999998,target,607.38,2025-01-31,4,12.57000000000005,0.021132798708831477,ok,SPY250131C00595000,2025-01-31,595.0,5.7,14.5,880.0000000000001,1.5438596491228072
SPY,2025-02-03,592.67,601.8,601.88,601.08,607.62,-0.015171153207045523,601.88,583.54,target,601.88,2025-02-04,1,9.210000000000036,0.015539845107732864,ok,SPY250207C00593000,2025-02-07,593.0,5.67,9.9,423.00000000000006,0.7460317460317462
JPM,2025-02-03,261.83,267.305,269.52,267.68,269.97,-0.020482220684237194,269.52,256.35499999999996,target,269.52,2025-02-04,1,7.689999999999998,0.029370202039491266,ok,JPM250207C00262500,2025-02-07,262.5,3.81,6.2,239.0,0.6272965879265092
SPY,2025-02-11,602.55,604.79,604.73,604.23,605.23,-0.003703764943203441,604.73,600.31,stop,600.31,2025-02-12,1,-2.240000000000009,-0.0037175338146212085,ok,SPY250214C00603000,2025-02-14,603.0,3.58,2.42,-116.00000000000001,-0.32402234636871513
SPY,2025-02-12,599.2,605.21,604.77,604.02,605.62,-0.009930437368847161,604.77,593.19,target,604.77,2025-02-13,1,5.569999999999936,0.009295727636849025,ok,SPY250214C00599000,2025-02-14,599.0,3.57,8.6,502.99999999999994,1.4089635854341735
SPY,2025-03-04,579.71,583.97,582.12,579.88,592.27,-0.007294895285716716,582.12,575.45,target,582.12,2025-03-05,1,2.409999999999968,0.004157251039312705,ok,SPY250307C00580000,2025-03-07,580.0,6.49,3.85,-264.0,-0.4067796610169492
JPM,2025-03-04,255.28,260.63,264.28,261.03,266.32,-0.02052718413076006,264.28,249.93,stop,249.93,2025-03-05,1,-5.349999999999994,-0.02095738013162016,ok,JPM250307C00255000,2025-03-07,255.0,4.75,1.41,-334.0,-0.7031578947368421
JPM,2025-03-06,248.11,251.47,250.08,249.58,251.93,-0.013361434763590032,250.08,244.75000000000003,stop,244.75000000000003,2025-03-07,1,-3.359999999999985,-0.013542380395792128,ok,JPM250307C00247500,2025-03-07,247.5,2.37,0.13,-224.00000000000003,-0.9451476793248945
SPY,2025-03-06,575.48,583.05,583.18,577.23,584.78,-0.012983449103850334,583.18,567.9100000000001,stop,567.9100000000001,2025-03-07,1,-7.569999999999936,-0.013154236463473858,ok,SPY250307C00575000,2025-03-07,575.0,5.23,1.14,-409.00000000000006,-0.7820267686424475
JPM,2025-03-10,236.21,242.0,242.08,240.83,243.22,-0.023925619834710712,242.08,230.42000000000002,stop,230.42000000000002,2025-03-11,1,-5.789999999999992,-0.024512086702510445,ok,JPM250314C00235000,2025-03-14,235.0,6.2,1.74,-446.0,-0.7193548387096774
SPY,2025-03-10,567.59,575.85,575.73,569.93,576.77,-0.014344013197881377,575.73,559.33,stop,559.33,2025-03-11,1,-8.259999999999991,-0.014552758152892035,ok,SPY250314C00568000,2025-03-14,568.0,7.93,2.9,-502.99999999999994,-0.6343001261034047
SPY,2025-03-18,564.8,567.02,568.73,564.98,569.73,-0.0039152058128461556,568.73,562.5799999999999,target,568.73,2025-03-19,1,3.9300000000000637,0.006958215297450538,ok,SPY250321C00565000,2025-03-21,565.0,4.97,4.56,-41.000000000000014,-0.08249496981891351
JPM,2025-03-20,236.56,239.24,238.48,237.38,240.58,-0.011202140110349468,238.48,233.88,target,238.48,2025-03-21,1,1.9199999999999875,0.00811633412242132,ok,JPM250321C00237500,2025-03-21,237.5,1.5,1.68,17.999999999999993,0.11999999999999995
JPM,2025-03-21,237.81,238.93,239.43,238.83,240.58,-0.004687565395722616,239.43,236.69,target,239.43,2025-03-24,1,1.6200000000000045,0.00681216096884069,ok,JPM250328C00237500,2025-03-28,237.5,4.35,9.94,559.0,1.2850574712643679
SPY,2025-03-21,559.28,565.68,565.58,563.98,567.88,-0.011313816999010002,565.58,552.88,target,565.58,2025-03-24,1,6.300000000000068,0.011264482906594315,ok,SPY250328C00559000,2025-03-28,559.0,6.84,15.93,909.0,1.3289473684210527
JPM,2025-03-27,249.525,250.92,250.93,250.03,253.38,-0.00555954088952647,250.93,248.13000000000002,stop,248.13000000000002,2025-03-28,1,-1.3949999999999818,-0.005590622182146005,ok,JPM250328C00250000,2025-03-28,250.0,1.53,0.01,-152.0,-0.9934640522875817
JPM,2025-03-28,246.94,248.12,249.18,248.38,249.83,-0.004755763340319228,249.18,245.76,stop,245.76,2025-03-31,1,-1.1800000000000068,-0.004778488701708944,ok,JPM250404C00247500,2025-04-04,247.5,3.43,1.21,-222.00000000000003,-0.6472303206997084
JPM,2025-03-31,239.41,242.82,243.23,241.58,244.13,-0.014043324273124111,243.23,236.0,target,243.23,2025-04-01,1,3.819999999999993,0.015955891566768278,ok,JPM250404C00240000,2025-04-04,240.0,3.5,6.25,275.0,0.7857142857142857
SPY,2025-03-31,549.83,555.83,555.83,555.08,558.93,-0.010794667434287461,555.83,543.83,target,555.83,2025-04-01,1,6.0,0.010912463852463488,ok,SPY250404C00550000,2025-04-04,550.0,7.34,14.61,727.0,0.9904632152588555
JPM,2025-04-02,241.6,243.63,243.58,242.48,244.98,-0.008332307187128027,243.58,239.57,stop,239.57,2025-04-03,1,-2.030000000000001,-0.008402317880794707,ok,JPM250404C00242500,2025-04-04,242.5,2.5,0.06,-244.0,-0.976
SPY,2025-04-02,555.05,561.03,560.77,557.32,561.73,-0.010658966543678624,560.77,549.0699999999999,stop,549.0699999999999,2025-04-03,1,-5.980000000000018,-0.01077380416178726,ok,SPY250404C00555000,2025-04-04,555.0,6.49,1.03,-546.0,-0.8412942989214175
SPY,2025-04-03,545.11,564.65,565.38,560.98,565.78,-0.03460550783671294,565.38,525.57,stop,525.57,2025-04-04,1,-19.539999999999964,-0.035845976041532834,ok,SPY250404C00545000,2025-04-04,545.0,5.78,0.01,-577.0,-0.9982698961937717
JPM,2025-04-03,234.27,245.81,246.08,245.08,246.18,-0.04694682885155198,246.08,222.73000000000002,stop,222.73000000000002,2025-04-04,1,-11.539999999999992,-0.04925940154522556,ok,JPM250404C00235000,2025-04-04,235.0,1.5,0.01,-149.0,-0.9933333333333333
JPM,2025-04-04,215.305,228.69,228.73,227.58,231.53,-0.05852901307446758,228.73,201.92000000000002,target,228.73,2025-04-09,3,13.424999999999983,0.06235340563386815,ok,JPM250411C00215000,2025-04-11,215.0,7.69,6.58,-111.00000000000003,-0.14434330299089732
SPY,2025-04-04,523.67,537.64,542.23,540.12,546.77,-0.025983929767130473,542.23,509.69999999999993,stop,509.69999999999993,2025-04-07,1,-13.970000000000027,-0.026677105810911508,ok,SPY250411C00524000,2025-04-11,524.0,12.29,5.14,-715.0,-0.5817737998372661
SPY,2025-04-07,489.19,505.5,512.17,506.98,519.33,-0.0322650840751731,512.17,472.88,target,512.17,2025-04-08,1,22.97999999999996,0.046975612747603104,ok,SPY250411C00489000,2025-04-11,489.0,16.35,29.93,1357.9999999999998,0.8305810397553515
JPM,2025-04-07,205.77,210.23,212.18,209.83,213.22,-0.02121485991533073,212.18,201.31000000000003,target,212.18,2025-04-08,1,6.409999999999997,0.031151285415755438,ok,JPM250411C00205000,2025-04-11,205.0,9.47,20.95,1147.9999999999998,1.2122492080253429
JPM,2025-04-09,212.5,216.91,216.43,213.28,224.28,-0.02033101286247751,216.43,208.09,target,216.43,2025-04-10,1,3.930000000000007,0.018494117647058855,ok,JPM250411C00212500,2025-04-11,212.5,11.1,13.5,240.00000000000003,0.21621621621621626
SPY,2025-04-16,531.68,537.72,538.13,537.38,540.73,-0.011232611768206644,538.13,525.6399999999999,stop,525.6399999999999,2025-04-17,1,-6.040000000000077,-0.011360216671682362,no_bars,SPY250418C00532000,,,,,,
JPM,2025-04-16,232.0,233.09,234.03,232.88,236.38,-0.004676305289802237,234.03,230.91,target,234.03,2025-04-17,1,2.030000000000001,0.008750000000000004,no_bars,JPM250418C00232000,,,,,,
JPM,2025-04-21,230.63,231.96,232.08,231.33,233.38,-0.005733747197792777,232.08,229.29999999999998,target,232.08,2025-04-22,1,1.450000000000017,0.006287126566361779,ok,JPM250425C00230000,2025-04-25,230.0,4.39,6.9,251.00000000000006,0.5717539863325742
SPY,2025-04-21,521.16,526.39,527.92,526.17,529.38,-0.00993559908052968,527.92,515.93,target,527.92,2025-04-22,1,6.759999999999991,0.01297106454831528,ok,SPY250425C00521000,2025-04-25,521.0,8.26,10.5,224.00000000000003,0.27118644067796616
JPM,2025-04-24,239.74,240.77,241.93,240.28,244.53,-0.004277941604020439,241.93,238.71,target,241.93,2025-04-25,1,2.1899999999999977,0.009134896137482263,ok,JPM250425C00240000,2025-04-25,240.0,2.2,2.87,67.0,0.3045454545454545
SPY,2025-04-30,547.57,554.14,554.52,551.77,555.48,-0.01185620962211704,554.52,541.0000000000001,target,554.52,2025-05-01,1,6.949999999999932,0.012692441149076705,ok,SPY250502C00548000,2025-05-02,548.0,5.61,13.15,754.0,1.3440285204991087
JPM,2025-04-30,241.21,244.67,244.72,243.83,245.08,-0.014141496709854007,244.72,237.75000000000003,target,244.72,2025-05-01,1,3.509999999999991,0.014551635504332286,ok,JPM250502C00240000,2025-05-02,240.0,4.1,7.35,325.0,0.7926829268292683
SPY,2025-05-05,562.57,566.62,567.73,565.62,568.02,-0.007147647453319605,567.73,558.5200000000001,stop,558.5200000000001,2025-05-06,1,-4.0499999999999545,-0.007199104111488267,ok,SPY250509C00563000,2025-05-09,563.0,5.87,3.97,-190.0,-0.32367972742759793
JPM,2025-05-05,251.18,252.455,253.08,252.08,253.43,-0.005050405022677331,253.08,249.905,stop,249.905,2025-05-06,1,-1.2750000000000057,-0.005076041086073755,ok,JPM250509C00250000,2025-05-09,250.0,4.29,3.1,-119.0,-0.2773892773892774
SPY,2025-05-06,557.93,563.53,564.93,563.38,565.88,-0.009937359146806777,564.93,552.3299999999999,target,564.93,2025-05-08,2,7.0,0.012546376785618268,ok,SPY250509C00558000,2025-05-09,558.0,5.46,11.45,598.9999999999999,1.097069597069597
JPM,2025-05-06,250.0,252.68,254.33,252.78,255.12,-0.010606300459078703,254.33,247.32,target,254.33,2025-05-08,2,4.3300000000000125,0.01732000000000005,ok,JPM250509C00250000,2025-05-09,250.0,3.0,5.3,229.99999999999997,0.7666666666666666
SPY,2025-05-15,585.56,587.56,587.52,586.67,587.88,-0.0034039076860235555,587.52,583.56,target,587.52,2025-05-16,1,1.9600000000000364,0.003347223170981687,ok,SPY250516C00586000,2025-05-16,586.0,2.74,5.6,285.99999999999994,1.043795620437956
SPY,2025-05-19,588.1,594.29,590.52,589.77,593.38,-0.010415790270743141,590.52,581.9100000000001,target,590.52,2025-05-20,1,2.419999999999959,0.004114946437680597,ok,SPY250523C00588000,2025-05-23,588.0,5.27,7.16,189.00000000000006,0.3586337760910817
JPM,2025-05-19,265.55,267.6,267.62,266.62,267.82,-0.007660687593423061,267.62,263.5,stop,263.5,2025-05-20,1,-2.0500000000000114,-0.007719826774618758,ok,JPM250523C00265000,2025-05-23,265.0,4.0,3.25,-75.0,-0.1875
JPM,2025-05-20,262.52,264.92,265.18,264.08,266.38,-0.009059338668277343,265.18,260.11999999999995,target,265.18,2025-05-21,1,2.660000000000025,0.010132561328660769,ok,JPM250523C00262500,2025-05-23,262.5,3.8,2.54,-125.99999999999997,-0.33157894736842103
SPY,2025-05-21,588.44,592.83,592.98,591.73,593.73,-0.0074051583084526525,592.98,584.0500000000001,stop,584.0500000000001,2025-05-22,1,-4.389999999999986,-0.0074604037794847155,ok,SPY250523C00588000,2025-05-23,588.0,4.0,1.2,-280.0,-0.7
JPM,2025-05-21,264.35,265.81,265.93,265.48,266.38,-0.005492645122455813,265.93,262.89000000000004,stop,262.89000000000004,2025-05-22,1,-1.4599999999999795,-0.005522980896538602,ok,JPM250523C00265000,2025-05-23,265.0,2.17,0.36,-181.0,-0.8341013824884793
JPM,2025-05-22,259.44,261.0,261.57,260.72,264.02,-0.0059770114942528825,261.57,257.88,target,261.57,2025-05-23,1,2.1299999999999955,0.00820999074930618,ok,JPM250523C00260000,2025-05-23,260.0,1.84,0.6,-124.00000000000003,-0.673913043478261
SPY,2025-05-23,575.98,583.03,583.02,582.42,585.27,-0.012092002126820154,583.02,568.9300000000001,target,583.02,2025-05-27,1,7.039999999999964,0.01222264661967423,ok,SPY250530C00576000,2025-05-30,576.0,7.36,13.58,622.0,0.8451086956521738
JPM,2025-05-23,256.81,260.61,261.88,260.48,262.03,-0.014581174935727758,261.88,253.01,target,261.88,2025-05-27,1,5.069999999999993,0.01974222187609514,ok,JPM250530C00257500,2025-05-30,257.5,3.63,7.1,347.0,0.9559228650137741
JPM,2025-06-02,263.02,263.84,264.02,263.47,264.68,-0.003107944208611254,264.02,262.2,target,264.02,2025-06-03,1,1.0,0.0038019922439358226,ok,JPM250606C00262500,2025-06-06,262.5,3.64,4.0,35.999999999999986,0.09890109890109887
JPM,2025-06-12,266.86,268.24,268.12,267.82,268.82,-0.005144646585147612,268.12,265.48,stop,265.48,2025-06-13,1,-1.3799999999999955,-0.005171250843138707,ok,JPM250613C00267500,2025-06-13,267.5,1.18,0.28,-89.99999999999999,-0.7627118644067796
JPM,2025-06-13,265.08,268.21,267.88,267.18,268.12,-0.011669960105887162,267.88,261.95,target,267.88,2025-06-16,1,2.8000000000000114,0.010562848951260041,ok,JPM250620C00265000,2025-06-20,265.0,3.75,7.09,334.0,0.8906666666666666
SPY,2025-06-13,598.5,603.72,603.27,602.38,603.48,-0.008646392367322646,603.27,593.28,target,603.27,2025-06-16,1,4.769999999999982,0.007969924812030045,ok,SPY250620C00598000,2025-06-20,598.0,5.55,6.99,144.00000000000003,0.25945945945945953
JPM,2025-06-17,268.17,270.44,270.68,270.23,271.62,-0.008393728738352247,270.68,265.90000000000003,target,270.68,2025-06-18,1,2.509999999999991,0.0093597344967744,ok,JPM250620C00267500,2025-06-20,267.5,2.68,8.79,611.0,2.2798507462686564
SPY,2025-06-17,600.21,602.71,602.08,601.78,603.53,-0.004147931841183985,602.08,597.71,stop,597.71,2025-06-18,1,-2.5,-0.004165208843571417,ok,SPY250620C00600000,2025-06-20,600.0,3.51,2.76,-75.0,-0.2136752136752137
JPM,2025-06-27,285.81,289.0,288.82,288.38,289.22,-0.011038062283737016,288.82,282.62,target,288.82,2025-06-30,1,3.009999999999991,0.010531471956894408,no_bars,JPM250704C00286000,,,,,,
SPY,2025-07-07,623.36,625.34,625.33,624.88,626.18,-0.0031662775450155404,625.33,621.38,stop,621.38,2025-07-08,1,-1.9800000000000182,-0.003176334702258756,ok,SPY250711C00623000,2025-07-11,623.0,4.44,2.14,-230.00000000000003,-0.5180180180180181
JPM,2025-07-08,289.275,291.96,291.18,290.38,293.48,-0.009196465269214969,291.18,286.59,stop,286.59,2025-07-09,1,-2.6850000000000023,-0.00928182525278715,ok,JPM250711C00290000,2025-07-11,290.0,1.86,0.22,-164.0,-0.8817204301075269
JPM,2025-07-11,285.52,288.095,288.02,286.48,288.27,-0.008938023915722402,288.02,282.94499999999994,target,288.02,2025-07-14,1,2.5,0.008755954048753152,ok,JPM250718C00285000,2025-07-18,285.0,6.0,6.67,67.0,0.11166666666666665
SPY,2025-07-11,622.74,625.84,626.38,624.98,626.77,-0.004953342707401289,626.38,619.64,target,626.38,2025-07-15,2,3.6399999999999864,0.005845136011818714,ok,SPY250718C00623000,2025-07-18,623.0,4.45,4.5,4.999999999999982,0.011235955056179735
JPM,2025-07-17,283.44,285.61,285.62,284.43,286.43,-0.007597773187213388,285.62,281.27,target,285.62,2025-07-18,1,2.180000000000007,0.007691222128140019,ok,JPM250718C00282500,2025-07-18,282.5,3.75,8.78,502.99999999999994,1.3413333333333333
JPM,2025-08-01,290.4,296.25,297.02,295.88,298.02,-0.01974683544303805,297.02,284.54999999999995,timeout,288.81,2025-08-08,5,-1.589999999999975,-0.005475206611570162,ok,JPM250808C00290000,2025-08-08,290.0,3.31,0.29,-302.0,-0.9123867069486404
SPY,2025-08-01,626.3,631.97,633.02,630.88,637.58,-0.008971944870800944,633.02,620.6299999999999,target,633.02,2025-08-06,3,6.720000000000027,0.010729682260897377,ok,SPY250808C00626000,2025-08-08,626.0,6.03,7.75,171.99999999999997,0.2852404643449419
SPY,2025-08-14,642.79,644.88,643.98,642.88,644.73,-0.003240913038084654,643.98,640.6999999999999,target,643.98,2025-08-15,1,1.1900000000000546,0.0018513044695780186,ok,SPY250815C00643000,2025-08-15,643.0,2.15,1.08,-106.99999999999999,-0.4976744186046511
SPY,2025-09-02,637.5,645.04,644.73,643.93,644.83,-0.011689197569142943,644.73,629.96,target,644.73,2025-09-04,2,7.230000000000018,0.011341176470588264,ok,SPY250905C00638000,2025-09-05,638.0,4.42,8.95,452.99999999999994,1.0248868778280542
JPM,2025-09-02,300.26,301.49,301.47,301.07,302.38,-0.0040797373047199515,301.47,299.03,stop,299.03,2025-09-03,1,-1.2300000000000182,-0.004096449743555646,ok,JPM250905C00300000,2025-09-05,300.0,2.79,1.39,-140.0,-0.5017921146953406
JPM,2025-09-22,309.8,314.76,313.58,311.78,315.73,-0.015758037870123205,313.58,304.84000000000003,target,313.58,2025-09-23,1,3.7799999999999727,0.012201420271142583,ok,JPM250926C00310000,2025-09-26,310.0,3.65,5.25,160.0,0.4383561643835617
SPY,2025-09-25,657.94,661.04,660.68,659.68,662.68,-0.004689580055669716,660.68,654.8400000000001,target,660.68,2025-09-26,1,2.7399999999998954,0.004164513481472315,ok,SPY250926C00658000,2025-09-26,658.0,2.39,1.51,-88.00000000000001,-0.3682008368200837
JPM,2025-10-14,305.84,307.94,307.88,307.53,308.68,-0.006819510294213232,307.88,303.73999999999995,target,307.88,2025-10-15,1,2.0400000000000205,0.006670154329061015,ok,JPM251017C00305000,2025-10-17,305.0,5.98,5.57,-41.000000000000014,-0.06856187290969902
SPY,2025-10-14,657.17,663.05,663.02,661.42,663.88,-0.008868109494004971,663.02,651.29,target,663.02,2025-10-15,1,5.850000000000023,0.00890180622974272,ok,SPY251017C00657000,2025-10-17,657.0,5.79,10.17,438.0,0.7564766839378239
JPM,2025-10-29,303.51,305.39,305.58,304.83,307.13,-0.006156062739447904,305.58,301.63,target,305.58,2025-10-30,1,2.069999999999993,0.006820203617673201,ok,JPM251031C00305000,2025-10-31,305.0,2.4,6.25,385.0,1.6041666666666667
SPY,2025-10-30,683.9,687.3,688.38,686.18,689.62,-0.004946893641786669,688.38,680.5,stop,680.5,2025-10-31,1,-3.3999999999999773,-0.004971487059511591,ok,SPY251031C00684000,2025-10-31,684.0,3.27,0.55,-272.0,-0.8318042813455657
SPY,2025-11-04,676.11,683.35,683.23,682.33,683.83,-0.010594863539913674,683.23,668.87,stop,668.87,2025-11-06,2,-7.240000000000009,-0.010708316694029092,ok,SPY251107C00676000,2025-11-07,676.0,4.98,1.31,-367.00000000000006,-0.7369477911646587
JPM,2025-11-04,306.71,309.66,310.07,309.12,310.93,-0.00952657753665325,310.07,303.75999999999993,target,310.07,2025-11-05,1,3.3600000000000136,0.01095497375370876,ok,JPM251107C00307500,2025-11-07,307.5,3.0,4.0,100.0,0.3333333333333333
SPY,2025-11-07,667.91,670.26,671.38,669.38,672.93,-0.003506102109629133,671.38,665.56,target,671.38,2025-11-10,1,3.4700000000000273,0.005195310745459759,ok,SPY251114C00668000,2025-11-14,668.0,6.63,10.29,365.99999999999994,0.5520361990950226
SPY,2025-11-13,680.5,683.33,682.98,682.38,683.83,-0.004141483616993314,682.98,677.67,stop,677.67,2025-11-14,1,-2.830000000000041,-0.004158706833210934,ok,SPY251114C00680000,2025-11-14,680.0,3.26,0.06,-320.0,-0.9815950920245399
JPM,2025-11-13,319.23,320.48,320.98,320.08,321.58,-0.0039003994008986517,320.98,317.98,stop,317.98,2025-11-14,1,-1.25,-0.003915672085956833,ok,JPM251114C00320000,2025-11-14,320.0,2.08,0.01,-207.00000000000003,-0.9951923076923078
JPM,2025-11-14,307.51,309.48,309.58,309.12,314.43,-0.0063655163500065505,309.58,305.53999999999996,stop,305.53999999999996,2025-11-17,1,-1.9700000000000273,-0.006406295730220245,ok,JPM251121C00307500,2025-11-21,307.5,4.7,2.45,-225.0,-0.4787234042553191
SPY,2025-11-14,665.38,672.06,671.73,670.67,675.73,-0.009939588727196903,671.73,658.7,target,671.73,2025-11-17,1,6.350000000000023,0.009543418798280716,ok,SPY251121C00665000,2025-11-21,665.0,8.86,9.8,94.00000000000013,0.10609480812641099
SPY,2025-11-17,669.7,671.95,671.98,670.73,675.42,-0.0033484634273383434,671.98,667.45,stop,667.45,2025-11-18,1,-2.25,-0.0033597133044646855,ok,SPY251121C00670000,2025-11-21,670.0,6.95,1.8,-515.0,-0.7410071942446044
SPY,2025-11-18,662.095,665.69,665.03,662.18,670.63,-0.005400411602998433,665.03,658.5,target,665.03,2025-11-19,1,2.9349999999999454,0.00443289860216426,ok,SPY251121C00662000,2025-11-21,662.0,7.08,6.2,-87.99999999999999,-0.12429378531073444
SPY,2025-12-01,678.81,683.39,682.58,681.58,683.02,-0.006701883258461554,682.58,674.2299999999999,target,682.58,2025-12-02,1,3.7700000000000955,0.005553836861566706,ok,SPY251205C00679000,2025-12-05,679.0,4.77,6.36,159.00000000000009,0.33333333333333354
JPM,2025-12-16,319.09,320.06,320.12,319.88,320.73,-0.0030306817471724905,320.12,318.11999999999995,stop,318.11999999999995,2025-12-17,1,-0.9700000000000273,-0.0030398947005547882,ok,JPM251219C00320000,2025-12-19,320.0,2.5,1.05,-145.0,-0.58
SPY,2025-12-29,687.54,690.25,690.23,689.77,690.58,-0.003926113726910593,690.23,684.8299999999999,stop,684.8299999999999,2025-12-31,2,-2.7100000000000364,-0.003941588853012242,ok,SPY260102C00688000,2026-01-02,688.0,3.03,0.65,-238.0,-0.7854785478547855
JPM,2026-01-06,332.62,334.07,335.38,334.53,336.88,-0.004340407698985208,335.38,331.17,stop,331.17,2026-01-07,1,-1.4499999999999886,-0.004359328963982889,ok,JPM260109C00332500,2026-01-09,332.5,3.4,0.51,-288.99999999999994,-0.85
JPM,2026-01-07,331.14,334.68,335.18,333.18,335.73,-0.010577267837934804,335.18,327.59999999999997,stop,327.59999999999997,2026-01-08,1,-3.5400000000000205,-0.01069034245334306,ok,JPM260109C00330000,2026-01-09,330.0,3.8,2.61,-119.0,-0.3131578947368421
JPM,2026-01-12,321.884,329.25,329.48,329.18,330.98,-0.022372057706909598,329.48,314.51800000000003,stop,314.51800000000003,2026-01-13,1,-7.3659999999999854,-0.02288402033030528,ok,JPM260116C00322500,2026-01-16,322.5,7.25,1.1,-615.0,-0.8482758620689655
SPY,2026-01-12,690.68,693.99,694.78,692.18,695.28,-0.004769521174656781,694.78,687.3699999999999,target,694.78,2026-01-13,1,4.100000000000023,0.0059361788382464,ok,SPY260116C00691000,2026-01-16,691.0,4.1,5.11,101.00000000000007,0.24634146341463434
JPM,2026-01-14,308.2,310.77,311.12,310.62,315.88,-0.008269781510441785,311.12,305.63,target,311.12,2026-01-15,1,2.920000000000016,0.00947436729396501,ok,JPM260116C00307500,2026-01-16,307.5,4.75,4.5,-25.0,-0.05263157894736842
SPY,2026-01-14,691.0,693.75,692.77,692.12,694.23,-0.003963963963963964,692.77,688.25,target,692.77,2026-01-15,1,1.7699999999999818,0.0025615050651229838,ok,SPY260116C00691000,2026-01-16,691.0,3.43,4.7,127.0,0.37026239067055394
SPY,2026-01-20,681.49,691.58,692.48,691.62,693.12,-0.014589779924231515,692.48,671.4,target,692.48,2026-01-26,4,10.990000000000009,0.01612642885442194,ok,SPY260130C00681000,2026-01-30,681.0,9.18,13.6,442.0,0.4814814814814815
JPM,2026-01-20,306.21,312.43,311.88,310.02,314.62,-0.01990845949492695,311.88,299.98999999999995,stop,299.98999999999995,2026-01-23,3,-6.220000000000027,-0.020312857189510557,ok,JPM260123C00305000,2026-01-23,305.0,4.6,0.02,-458.0,-0.9956521739130436
JPM,2026-01-23,302.0,303.63,304.93,304.73,307.08,-0.0053683759839277916,304.93,300.37,stop,300.37,2026-01-26,1,-1.6299999999999955,-0.005397350993377468,ok,JPM260130C00302500,2026-01-30,302.5,2.75,2.0,-75.0,-0.2727272727272727
JPM,2026-02-02,304.46,305.91,305.93,305.07,307.28,-0.004739956196267024,305.93,303.00999999999993,target,305.93,2026-02-03,1,1.4700000000000273,0.004828220455889205,ok,JPM260206C00305000,2026-02-06,305.0,4.0,11.41,741.0,1.8525
SPY,2026-02-02,689.58,691.85,691.62,690.23,692.68,-0.003281058032810554,691.62,687.3100000000001,target,691.62,2026-02-03,1,2.0399999999999636,0.002958322457147776,ok,SPY260206C00690000,2026-02-06,690.0,5.29,5.75,46.0,0.08695652173913043
JPM,2026-02-05,315.0,317.27,317.18,316.28,318.23,-0.007154789296183005,317.18,312.73,target,317.18,2026-02-06,1,2.180000000000007,0.006920634920634943,ok,JPM260206C00315000,2026-02-06,315.0,3.31,7.58,426.99999999999994,1.2900302114803623
SPY,2026-02-05,680.94,686.12,687.88,685.12,690.77,-0.0075496997609746834,687.88,675.7600000000001,target,687.88,2026-02-06,1,6.939999999999941,0.010191793696948248,ok,SPY260206C00681000,2026-02-06,681.0,5.0,6.04,104.0,0.20800000000000002
JPM,2026-02-09,321.34,322.35,322.38,321.68,323.38,-0.0031332402667909034,322.38,320.3299999999999,target,322.38,2026-02-10,1,1.0400000000000205,0.003236447376610508,ok,JPM260213C00320000,2026-02-13,320.0,5.19,6.4,121.0,0.233140655105973
JPM,2026-02-13,298.52,302.59,302.88,300.32,304.18,-0.013450543639908765,302.88,294.45,target,302.88,2026-02-17,1,4.360000000000014,0.01460538657376395,ok,JPM260220C00300000,2026-02-20,300.0,5.5,8.98,348.00000000000006,0.6327272727272728
NVDA,2026-02-17,181.75,182.78,183.88,182.48,184.38,-0.005635189845716168,183.88,180.72,target,183.88,2026-02-18,1,2.1299999999999955,0.011719394773039866,ok,NVDA260220C00182500,2026-02-20,182.5,3.65,8.35,469.99999999999994,1.2876712328767121
SPY,2026-02-19,683.84,686.26,688.38,685.58,688.73,-0.0035263602716171117,688.38,681.4200000000001,target,688.38,2026-02-20,1,4.539999999999964,0.00663897987833406,ok,SPY260220C00684000,2026-02-20,684.0,3.78,4.87,109.00000000000003,0.2883597883597884
NVDA,2026-02-19,187.055,187.84,189.18,188.03,189.97,-0.004179088586030646,189.18,186.27,target,189.18,2026-02-20,1,2.125,0.011360295100371547,ok,NVDA260220C00187500,2026-02-20,187.5,2.13,2.38,25.0,0.11737089201877934
JPM,2026-02-19,307.17,308.82,311.23,309.68,311.68,-0.00534291820477941,311.23,305.52000000000004,stop,305.52000000000004,2026-02-23,2,-1.6499999999999773,-0.005371618322101693,ok,JPM260227C00307500,2026-02-27,307.5,5.65,1.45,-420.0,-0.743362831858407
SPY,2026-02-20,682.32,684.52,683.27,682.73,684.83,-0.003213930929702466,683.27,680.1200000000001,target,683.27,2026-02-23,1,0.9499999999999318,0.001392308594207896,ok,SPY260227C00682000,2026-02-27,682.0,8.04,6.53,-150.9999999999999,-0.18781094527363174
NVDA,2026-02-26,194.27,195.88,197.07,195.88,197.43,-0.008219317949765086,197.07,192.66000000000003,stop,192.66000000000003,2026-02-27,1,-1.6099999999999852,-0.008287435013125986,ok,NVDA260227C00195000,2026-02-27,195.0,3.3,0.01,-329.0,-0.9969696969696971
SPY,2026-02-27,683.09,689.32,689.08,685.62,689.58,-0.009037892415714063,689.08,676.86,stop,676.86,2026-03-03,2,-6.230000000000018,-0.009120320894757672,ok,SPY260306C00683000,2026-03-06,683.0,8.0,2.49,-551.0,-0.68875
JPM,2026-02-27,300.0,306.17,306.78,305.62,307.43,-0.020152203024463584,306.78,293.83,stop,293.83,2026-03-02,1,-6.170000000000016,-0.02056666666666672,ok,JPM260306C00300000,2026-03-06,300.0,5.5,4.25,-125.0,-0.22727272727272727
NVDA,2026-02-27,181.25,184.87,185.08,184.58,187.68,-0.019581327419267616,185.08,177.63,stop,177.63,2026-03-02,1,-3.6200000000000045,-0.019972413793103473,ok,NVDA260306C00180000,2026-03-06,180.0,5.9,4.27,-163.00000000000009,-0.2762711864406781
JPM,2026-03-02,294.81,300.1,296.48,295.73,298.83,-0.017627457514162014,296.48,289.52,target,296.48,2026-03-03,1,1.670000000000016,0.005664665377700946,ok,JPM260306C00295000,2026-03-06,295.0,3.85,4.4,55.00000000000003,0.14285714285714293
SPY,2026-03-02,678.7,686.23,685.68,683.77,685.93,-0.010972997391545069,685.68,671.1700000000001,stop,671.1700000000001,2026-03-03,1,-7.529999999999973,-0.011094739944010567,ok,SPY260306C00679000,2026-03-06,679.0,7.39,4.18,-321.0,-0.4343707713125846
NVDA,2026-03-02,175.01,177.15,178.88,178.03,181.33,-0.012080158058142899,178.88,172.86999999999998,target,178.88,2026-03-03,1,3.8700000000000045,0.02211302211302214,ok,NVDA260306C00175000,2026-03-06,175.0,3.95,6.31,235.99999999999994,0.5974683544303796
JPM,2026-03-03,292.285,297.53,297.52,297.12,299.27,-0.01762847443955214,297.52,287.0400000000001,target,297.52,2026-03-04,1,5.234999999999957,0.017910600954547638,ok,JPM260306C00292500,2026-03-06,292.5,4.21,6.75,254.0,0.6033254156769596
AMZN,2026-03-03,203.1,208.2,208.48,207.38,208.93,-0.02449567723342937,208.48,198.0,target,208.48,2026-03-04,1,5.3799999999999955,0.026489414081733116,ok,AMZN260306C00202500,2026-03-06,202.5,4.5,13.87,936.9999999999999,2.082222222222222
ARMK,2026-03-03,40.5,41.26,41.38,41.23,41.53,-0.01841977702375177,41.38,39.74,target,41.38,2026-03-05,2,0.8800000000000026,0.021728395061728457,no_bars,ARMK260306C00040000,,,,,,
SPY,2026-03-03,675.06,686.37,686.38,683.58,687.23,-0.016477992919271035,686.38,663.7499999999999,target,686.38,2026-03-04,1,11.32000000000005,0.01676887980327682,ok,SPY260306C00675000,2026-03-06,675.0,7.49,12.65,516.0,0.6889185580774366
NVDA,2026-03-03,178.49,182.35,182.68,180.48,183.18,-0.021168083356183084,182.68,174.63000000000002,target,182.68,2026-03-04,1,4.189999999999998,0.023474704465236133,ok,NVDA260306C00177500,2026-03-06,177.5,4.7,6.55,184.99999999999997,0.39361702127659565
NVDA,2026-03-05,181.17,182.9,183.08,181.88,183.78,-0.009458720612356579,183.08,179.43999999999997,stop,179.43999999999997,2026-03-06,1,-1.7300000000000182,-0.009549042335927682,ok,NVDA260306C00180000,2026-03-06,180.0,3.25,2.24,-100.99999999999997,-0.3107692307692307
SPY,2026-03-05,682.08,685.16,686.02,685.02,686.88,-0.004495300367797197,686.02,679.0000000000001,stop,679.0000000000001,2026-03-06,1,-3.0799999999999272,-0.004515599343185443,ok,SPY260306C00682000,2026-03-06,682.0,4.41,0.24,-417.0,-0.945578231292517
AMZN,2026-03-06,214.99,218.8603,217.98,216.88,219.23,-0.01768388328079595,217.98,211.11970000000002,stop,211.11970000000002,2026-03-09,1,-3.870299999999986,-0.018002232661984214,ok,AMZN260313C00215000,2026-03-13,215.0,4.95,1.54,-341.0,-0.6888888888888889
ARMK,2026-03-06,40.76,41.03,41.03,40.83,41.53,-0.006580550816475825,41.03,40.489999999999995,stop,40.489999999999995,2026-03-09,1,-0.2700000000000031,-0.006624141315014797,no_bars,ARMK260313C00041000,,,,,,
JPM,2026-03-06,286.34,293.41,293.23,292.68,295.08,-0.024095974915647217,293.23,279.2699999999999,stop,279.2699999999999,2026-03-12,4,-7.07000000000005,-0.024690926870154537,ok,JPM260313C00285000,2026-03-13,285.0,6.7,1.41,-529.0,-0.7895522388059701
SPY,2026-03-06,673.41,681.44,681.18,677.12,682.77,-0.011783869452923347,681.18,665.3799999999999,stop,665.3799999999999,2026-03-09,1,-8.030000000000086,-0.011924384847269993,ok,SPY260313C00673000,2026-03-13,673.0,10.37,5.85,-451.99999999999994,-0.43587270973963355
JPM,2026-03-09,285.5,289.37,287.02,286.02,288.93,-0.013373881190171768,287.02,281.63,target,287.02,2026-03-10,1,1.5199999999999818,0.005323992994745996,ok,JPM260313C00285000,2026-03-13,285.0,5.77,7.6,183.0,0.31715771230502604
NVDA,2026-03-09,176.83,177.69,181.58,179.98,182.43,-0.004839889695537088,181.58,175.97000000000003,target,181.58,2026-03-10,1,4.75,0.02686195781258836,ok,NVDA260313C00177500,2026-03-13,177.5,4.65,8.68,402.99999999999994,0.8666666666666665
SPY,2026-03-09,666.39,672.46,672.88,671.77,674.92,-0.009026559200547318,672.88,660.3199999999999,target,672.88,2026-03-10,1,6.490000000000009,0.00973904170230647,ok,SPY260313C00666000,2026-03-13,666.0,9.82,16.71,689.0,0.7016293279022404
AMZN,2026-03-09,210.45,213.105,215.07,213.88,216.47,-0.012458647145773216,215.07,207.795,target,215.07,2026-03-10,1,4.6200000000000045,0.021952957947255904,ok,AMZN260313C00210000,2026-03-13,210.0,5.3,5.74,44.00000000000004,0.08301886792452838
ARMK,2026-03-11,39.74,39.99,40.02,39.88,40.08,-0.00625156289072268,40.02,39.49,target,40.02,2026-03-12,1,0.28000000000000114,0.007045797684952218,no_bars,ARMK260313C00040000,,,,,,
AMZN,2026-03-12,210.39,212.63,212.98,211.73,213.68,-0.010534731693552223,212.98,208.14999999999998,stop,208.14999999999998,2026-03-13,1,-2.240000000000009,-0.01064689386377684,ok,AMZN260313C00210000,2026-03-13,210.0,2.48,0.12,-236.0,-0.9516129032258064
SPY,2026-03-12,671.16,676.35,674.88,673.83,676.43,-0.007673541805278412,674.88,665.9699999999999,stop,665.9699999999999,2026-03-13,1,-5.190000000000055,-0.0077328803861971135,ok,SPY260313C00671000,2026-03-13,671.0,4.64,0.19,-444.99999999999994,-0.9590517241379309
NVDA,2026-03-12,184.05,186.01,185.58,185.03,186.33,-0.010537067899575182,185.58,182.09000000000003,target,185.58,2026-03-13,1,1.5300000000000011,0.00831295843520783,ok,NVDA260313C00185000,2026-03-13,185.0,1.59,0.05,-154.0,-0.9685534591194969
ARMK,2026-03-12,39.47,39.775,39.77,39.52,39.83,-0.007668133249528591,39.77,39.165,target,39.77,2026-03-13,1,0.30000000000000426,0.007600709399544066,no_bars,ARMK260313C00039000,,,,,,
JPM,2026-03-12,282.83,287.47,287.12,285.88,287.68,-0.016140814693707317,287.12,278.18999999999994,target,287.12,2026-03-13,1,4.2900000000000205,0.015168122193543899,ok,JPM260313C00282500,2026-03-13,282.5,3.0,3.2,20.000000000000018,0.06666666666666672
ARMK,2026-03-16,39.51,40.02,40.48,40.18,40.53,-0.012743628185907173,40.48,38.99999999999999,target,40.48,2026-03-17,1,0.9699999999999989,0.0245507466464186,ok,ARMK260320C00040000,2026-03-20,40.0,0.85,0.85,0.0,0.0
SPY,2026-03-18,668.36,670.73,671.08,670.48,672.18,-0.0035334635397253804,671.08,665.99,stop,665.99,2026-03-19,1,-2.3700000000000045,-0.0035459931773295897,ok,SPY260320C00668000,2026-03-20,668.0,5.09,0.3,-479.0,-0.9410609037328095
ARMK,2026-03-18,40.73,40.89,40.98,40.93,41.08,-0.0039129371484471435,40.98,40.56999999999999,stop,40.56999999999999,2026-03-19,1,-0.1600000000000037,-0.003928308372207309,ok,ARMK260320C00040000,2026-03-20,40.0,0.75,0.1,-65.0,-0.8666666666666667
AMZN,2026-03-19,207.06,209.86,210.88,209.62,212.38,-0.013342228152101454,210.88,204.26,target,210.88,2026-03-23,2,3.819999999999993,0.018448758813870342,ok,AMZN260327C00207500,2026-03-27,207.5,4.65,5.7,104.99999999999999,0.22580645161290316
ARMK,2026-03-19,39.57,39.85,40.63,39.88,40.78,-0.007026348808030141,40.63,39.29,stop,39.29,2026-03-20,1,-0.28000000000000114,-0.007076067728076854,ok,ARMK260320C00040000,2026-03-20,40.0,0.05,0.1,5.0,1.0
SPY,2026-03-19,656.97,661.51,661.88,661.18,666.88,-0.006863085969977723,661.88,652.4300000000001,stop,652.4300000000001,2026-03-20,1,-4.539999999999964,-0.006910513417659807,ok,SPY260320C00657000,2026-03-20,657.0,3.84,0.41,-343.0,-0.8932291666666666
NVDA,2026-03-19,178.01,180.35,182.58,181.68,183.08,-0.012974771278070438,182.58,175.67,stop,175.67,2026-03-20,1,-2.3400000000000034,-0.01314532891410597,ok,NVDA260320C00177500,2026-03-20,177.5,2.5,0.19,-231.0,-0.924
JPM,2026-03-19,286.88,287.75,287.68,287.28,288.38,-0.0030234578627280784,287.68,286.01,target,287.68,2026-03-20,1,0.8000000000000114,0.002788622420524301,ok,JPM260320C00287500,2026-03-20,287.5,2.81,1.16,-165.0,-0.5871886120996441
AMZN,2026-03-24,207.95,210.11,211.07,210.12,211.88,-0.010280329351292299,211.07,205.78999999999996,target,211.07,2026-03-25,1,3.1200000000000045,0.015003606636210651,ok,AMZN260327C00207500,2026-03-27,207.5,3.7,4.59,88.99999999999997,0.24054054054054044
NVDA,2026-03-24,174.83,175.51,176.53,175.82,177.93,-0.0038744231097941908,176.53,174.15000000000003,target,176.53,2026-03-25,1,1.6999999999999886,0.009723731625007084,ok,NVDA260327C00175000,2026-03-27,175.0,2.89,4.72,182.99999999999997,0.6332179930795846
JPM,2026-03-24,286.17,289.93,291.38,290.43,292.98,-0.01296864760459418,291.38,282.41,target,291.38,2026-03-25,1,5.2099999999999795,0.018205961491421112,ok,JPM260327C00285000,2026-03-27,285.0,5.0,10.6,560.0,1.1199999999999999
SPY,2026-03-24,651.32,655.375,657.53,655.53,659.63,-0.006187297348846004,657.53,647.2650000000001,target,657.53,2026-03-25,1,6.209999999999923,0.009534483817478233,ok,SPY260327C00651000,2026-03-27,651.0,7.77,8.9,113.00000000000009,0.14543114543114555
ARMK,2026-03-24,40.04,40.29,40.48,40.23,40.78,-0.0062050136510300325,40.48,39.79,target,40.48,2026-03-25,1,0.4399999999999977,0.010989010989010933,no_bars,ARMK260327C00040000,,,,,,
SPY,2026-03-26,652.06,656.74,656.48,656.12,658.23,-0.007126107744312915,656.48,647.3799999999999,stop,647.3799999999999,2026-03-27,1,-4.680000000000064,-0.007177253626966942,ok,SPY260327C00652000,2026-03-27,652.0,4.38,0.05,-433.0,-0.9885844748858448
NVDA,2026-03-26,176.07,178.67,179.08,178.23,179.88,-0.014551967314042617,179.08,173.47,stop,173.47,2026-03-27,1,-2.5999999999999943,-0.01476685409212242,ok,NVDA260327C00175000,2026-03-27,175.0,2.58,0.02,-256.0,-0.9922480620155039
AMZN,2026-03-26,210.61,211.705,212.18,211.22,212.38,-0.005172291632224079,212.18,209.51500000000001,stop,209.51500000000001,2026-03-27,1,-1.0949999999999989,-0.005199183324628455,ok,AMZN260327C00210000,2026-03-27,210.0,2.39,0.02,-237.0,-0.9916317991631799
JPM,2026-03-26,292.58,295.54,295.28,294.68,295.83,-0.01001556472897082,295.28,289.61999999999995,stop,289.61999999999995,2026-03-27,1,-2.9600000000000364,-0.010116891106705984,ok,JPM260327C00292500,2026-03-27,292.5,3.59,0.03,-356.0,-0.9916434540389972
NVDA,2026-03-27,170.0,171.22,172.23,171.13,174.53,-0.007125335825254053,172.23,168.78,stop,168.78,2026-03-30,1,-1.2199999999999989,-0.007176470588235288,no_bars,NVDA260403C00170000,,,,,,
ARMK,2026-03-27,40.29,40.54,40.58,40.43,40.78,-0.0061667488899852,40.58,40.04,stop,40.04,2026-03-30,1,-0.25,-0.0062050136510300325,no_bars,ARMK260403C00040000,,,,,,
AMZN,2026-03-27,206.455,207.53,208.18,207.13,211.43,-0.005179973979665535,208.18,205.38000000000002,stop,205.38000000000002,2026-03-30,1,-1.0749999999999886,-0.0052069458235450275,no_bars,AMZN260403C00206000,,,,,,
SPY,2026-03-27,642.5,645.095,647.28,644.83,651.93,-0.004022663328657062,647.28,639.905,stop,639.905,2026-03-30,1,-2.5950000000000273,-0.004038910505836618,no_bars,SPY260403C00642000,,,,,,
JPM,2026-03-27,289.14,291.61,291.82,291.22,293.18,-0.008470217070745266,291.82,286.66999999999996,stop,286.66999999999996,2026-03-30,1,-2.4700000000000273,-0.008542574531368982,no_bars,JPM260403C00289000,,,,,,
ARMK,2026-04-02,41.57,41.88,41.78,41.62,41.98,-0.007402101241642842,41.78,41.26,target,41.78,2026-04-06,1,0.21000000000000085,0.005051719990377697,no_bars,ARMK260410C00042000,,,,,,
SPY,2026-04-02,646.42,655.17,655.23,653.73,656.58,-0.013355312361677123,655.23,637.67,target,655.23,2026-04-06,1,8.81000000000006,0.013628909996596732,ok,SPY260410C00646000,2026-04-10,646.0,10.48,14.72,424.0,0.40458015267175573
JPM,2026-04-02,291.91,295.23,295.88,294.48,297.18,-0.011245469633844775,295.88,288.59000000000003,target,295.88,2026-04-06,1,3.9699999999999704,0.013600082217121614,ok,JPM260410C00292500,2026-04-10,292.5,3.45,6.03,258.0,0.7478260869565218
ARMK,2026-04-06,42.02,42.55,42.38,42.33,42.58,-0.01245593419506449,42.38,41.49000000000001,target,42.38,2026-04-07,1,0.35999999999999943,0.008567348881484993,no_bars,ARMK260410C00042000,,,,,,
JPM,2026-04-07,293.14,295.63,295.78,295.38,296.33,-0.008422690525318842,295.78,290.65,target,295.78,2026-04-08,1,2.6399999999999864,0.009005935730367697,ok,JPM260410C00292500,2026-04-10,292.5,5.25,14.87,961.9999999999999,1.8323809523809522
SPY,2026-04-07,656.65,658.87,657.98,656.98,658.52,-0.00336940519374084,657.98,654.43,target,657.98,2026-04-08,1,1.330000000000041,0.002025432117566498,ok,SPY260410C00657000,2026-04-10,657.0,7.13,19.32,1219.0000000000002,1.709677419354839
