config,direction,horizon,target,stop,n,hit,stop_rate,timeout,expectancy,r_multiple
SPY_morning_0930_1115_BASELINE,fade,15,0.15,0.15,8223,0.44144472820138636,0.555028578377721,0.003526693420892618,-0.017037577526450205,-0.1135838501763347
SPY_morning_0930_1115_BASELINE,fade,15,0.15,0.2,8223,0.5133163079168187,0.4785358141797397,0.008147877903441566,-0.01870971664842515,-0.09354858324212575
SPY_morning_0930_1115_BASELINE,fade,15,0.15,0.25,8223,0.5731484859540313,0.4125015201264745,0.014349993919494103,-0.017153107138513934,-0.06861242855405573
SPY_morning_0930_1115_BASELINE,fade,15,0.15,0.3,8223,0.621914143256719,0.35692569621792536,0.02116016052535571,-0.013790587376869752,-0.04596862458956584
SPY_morning_0930_1115_BASELINE,fade,15,0.15,0.5,8223,0.7170132555028579,0.22728931047063117,0.055697434026511006,-0.0060926669098869055,-0.012185333819773811
SPY_morning_0930_1115_BASELINE,fade,15,0.15,0.75,8223,0.7645628116259273,0.13693299282500304,0.09850419554906968,0.011984677125136806,0.01597956950018241
SPY_morning_0930_1115_BASELINE,fade,15,0.15,1.0,8223,0.7825611090842758,0.0826948802140338,0.13474401070169037,0.034689286148607563,0.034689286148607563
SPY_morning_0930_1115_BASELINE,fade,15,0.15,1.5,8223,0.79423568040861,0.037212696096315216,0.1685516234950748,0.06331630791681868,0.042210871944545786
SPY_morning_0930_1115_BASELINE,fade,15,0.2,0.15,8223,0.3861121245287608,0.6058616076857595,0.008026267785479753,-0.013656816247111753,-0.0910454416474117
SPY_morning_0930_1115_BASELINE,fade,15,0.2,0.2,8223,0.45299768940775875,0.5302201143135109,0.01678219627873039,-0.015444484981150431,-0.07722242490575215
SPY_morning_0930_1115_BASELINE,fade,15,0.2,0.25,8223,0.5083302930803842,0.46503709108597835,0.02663261583363736,-0.014593214155417731,-0.058372856621670924
SPY_morning_0930_1115_BASELINE,fade,15,0.2,0.3,8223,0.553690867080141,0.4087316064696583,0.037577526450200655,-0.011881308524869261,-0.03960436174956421
SPY_morning_0930_1115_BASELINE,fade,15,0.2,0.5,8223,0.6472090477927763,0.26498844703879365,0.08780250516843001,-0.003052413960841531,-0.006104827921683062
SPY_morning_0930_1115_BASELINE,fade,15,0.2,0.75,8223,0.6943937735619603,0.1635656086586404,0.14204061777939925,0.01620454821841177,0.021606064291215695
SPY_morning_0930_1115_BASELINE,fade,15,0.2,1.0,8223,0.7140946126717743,0.1003283473184969,0.1855770400097288,0.04249057521585797,0.04249057521585797
SPY_morning_0930_1115_BASELINE,fade,15,0.2,1.5,8223,0.7271068952936884,0.043536422230329566,0.229356682475982,0.08011674571324334,0.0534111638088289
SPY_morning_0930_1115_BASELINE,fade,15,0.3,0.15,8223,0.3063358871458105,0.6745713243341847,0.019092788520004865,-0.009284932506384534,-0.06189955004256356
SPY_morning_0930_1115_BASELINE,fade,15,0.3,0.2,8223,0.36361425270582515,0.6020916940289432,0.03429405326523167,-0.01133406299404111,-0.05667031497020555
SPY_morning_0930_1115_BASELINE,fade,15,0.3,0.25,8223,0.4111638088288946,0.5377599416271434,0.05107624954396206,-0.01109084275811748,-0.04436337103246992
SPY_morning_0930_1115_BASELINE,fade,15,0.3,0.3,8223,0.4484981150431716,0.48315699866228873,0.0683448862945397,-0.010397665085735133,-0.03465888361911711
SPY_morning_0930_1115_BASELINE,fade,15,0.3,0.5,8223,0.5333819773805181,0.3176456281162593,0.14897239450322267,0.0011917791560257759,0.0023835583120515517
SPY_morning_0930_1115_BASELINE,fade,15,0.3,0.75,8223,0.5792289918521221,0.197251611334063,0.2235193968138149,0.025829989055089368,0.03443998540678583
SPY_morning_0930_1115_BASELINE,fade,15,0.3,1.0,8223,0.5994162714337833,0.12112367748996716,0.27946005107624955,0.058701203940167826,0.058701203940167826
SPY_morning_0930_1115_BASELINE,fade,15,0.3,1.5,8223,0.6135230451173538,0.05265718107746564,0.3338197738051806,0.10507114191900765,0.0700474279460051
SPY_morning_0930_1115_BASELINE,fade,15,0.4,0.15,8223,0.24467955733917063,0.7170132555028579,0.038307187157971545,-0.009680165389760418,-0.06453443593173612
SPY_morning_0930_1115_BASELINE,fade,15,0.4,0.2,8223,0.28991852122096556,0.6489115894442418,0.06116988933479266,-0.013814909400462122,-0.06907454700231061
SPY_morning_0930_1115_BASELINE,fade,15,0.4,0.25,8223,0.33004986014836435,0.5827556852730147,0.08719445457862095,-0.013668977258907925,-0.0546759090356317
SPY_morning_0930_1115_BASELINE,fade,15,0.4,0.3,8223,0.3626413717621306,0.5269366411285419,0.11042198710932749,-0.013024443633710314,-0.043414812112367716
SPY_morning_0930_1115_BASELINE,fade,15,0.4,0.5,8223,0.43621549312902835,0.3524261218533382,0.21135838501763346,-0.0017268636750577427,-0.0034537273501154854
SPY_morning_0930_1115_BASELINE,fade,15,0.4,0.75,8223,0.47938708500547245,0.2184117718594187,0.3022011431351088,0.027946005107624978,0.03726134014349997
SPY_morning_0930_1115_BASELINE,fade,15,0.4,1.0,8223,0.49738538246382097,0.13547367140946126,0.3671409461267177,0.06348048157606713,0.06348048157606713
SPY_morning_0930_1115_BASELINE,fade,15,0.4,1.5,8223,0.5099112246138878,0.05946734768332725,0.4306214277027849,0.11476346832056428,0.07650897888037618
SPY_morning_0930_1115_BASELINE,fade,15,0.5,0.15,8223,0.1989541529855284,0.7452268028699988,0.05581904414447282,-0.012306943937735612,-0.08204629291823742
SPY_morning_0930_1115_BASELINE,fade,15,0.5,0.2,8223,0.23446430743037822,0.6793141189346954,0.08622157363492643,-0.018630670071749976,-0.09315335035874987
SPY_morning_0930_1115_BASELINE,fade,15,0.5,0.25,8223,0.2683935303417244,0.6138878754712392,0.11771859418703637,-0.019275203696947588,-0.07710081478779035
SPY_morning_0930_1115_BASELINE,fade,15,0.5,0.3,8223,0.29648546759090355,0.5579472212088046,0.14556731120029187,-0.019141432567189573,-0.06380477522396524
SPY_morning_0930_1115_BASELINE,fade,15,0.5,0.5,8223,0.3608172199927034,0.3760184847379302,0.2631642952693664,-0.0076006323726134015,-0.015201264745226803
SPY_morning_0930_1115_BASELINE,fade,15,0.5,0.75,8223,0.39778669585309495,0.23482913778426365,0.3673841663626414,0.02277149458834975,0.030361992784466333
SPY_morning_0930_1115_BASELINE,fade,15,0.5,1.0,8223,0.41444728201386355,0.1466618022619482,0.43889091572418826,0.06056183874498358,0.06056183874498358
SPY_morning_0930_1115_BASELINE,fade,15,0.5,1.5,8223,0.42624346345615954,0.0649398029916089,0.5088167335522316,0.11571202724066643,0.07714135149377761
SPY_morning_0930_1115_BASELINE,fade,15,0.75,0.15,8223,0.11832664477684543,0.7847500912075884,0.0969232640155661,-0.028967530098504186,-0.19311686732336125
SPY_morning_0930_1115_BASELINE,fade,15,0.75,0.2,8223,0.14033807612793384,0.7204183388057886,0.13924358506627751,-0.03883011066520734,-0.1941505533260367
SPY_morning_0930_1115_BASELINE,fade,15,0.75,0.25,8223,0.1610117961814423,0.6568162471117597,0.182171956706798,-0.0434452146418582,-0.1737808585674328
SPY_morning_0930_1115_BASELINE,fade,15,0.75,0.3,8223,0.17913170375775264,0.6003891523774778,0.22047914386476955,-0.045767967894928846,-0.15255989298309616
SPY_morning_0930_1115_BASELINE,fade,15,0.75,0.5,8223,0.2225465158701204,0.4114070290648182,0.3660464550650614,-0.0387936276298188,-0.0775872552596376
SPY_morning_0930_1115_BASELINE,fade,15,0.75,0.75,8223,0.2469901495804451,0.2608537030280919,0.49215614739146296,-0.010397665085735133,-0.013863553447646844
SPY_morning_0930_1115_BASELINE,fade,15,0.75,1.0,8223,0.2603672625562447,0.16466009972029672,0.5749726377234586,0.030615347196886782,0.030615347196886782
SPY_morning_0930_1115_BASELINE,fade,15,0.75,1.5,8223,0.27033929222911346,0.07406056183874499,0.6556001459321416,0.09166362641371763,0.06110908427581175
SPY_morning_0930_1115_BASELINE,fade,15,1.0,0.15,8223,0.07345251124893591,0.7955733917061899,0.13097409704487414,-0.045883497506992575,-0.3058899833799505
SPY_morning_0930_1115_BASELINE,fade,15,1.0,0.2,8223,0.08755928493250638,0.7320929101301228,0.1803478049373708,-0.058859297093518184,-0.2942964854675909
SPY_morning_0930_1115_BASELINE,fade,15,1.0,0.25,8223,0.09923385625684057,0.6695853094977502,0.23118083424540922,-0.06816247111759699,-0.27264988447038796
SPY_morning_0930_1115_BASELINE,fade,15,1.0,0.3,8223,0.11139486805302201,0.6127933844095829,0.2758117475373951,-0.07244314726985286,-0.24147715756617621
SPY_morning_0930_1115_BASELINE,fade,15,1.0,0.5,8223,0.1391219749483157,0.4232032105071142,0.43767481454457013,-0.07247963030524139,-0.14495926061048278
SPY_morning_0930_1115_BASELINE,fade,15,1.0,0.75,8223,0.1567554420527788,0.27046090234707526,0.5727836556001459,-0.04609023470752767,-0.06145364627670356
SPY_morning_0930_1115_BASELINE,fade,15,1.0,1.0,8223,0.16624103125380033,0.1718350966800438,0.6619238720661559,-0.005594065426243464,-0.005594065426243464
SPY_morning_0930_1115_BASELINE,fade,15,1.0,1.5,8223,0.1737808585674328,0.07819530584944667,0.7480238355831205,0.0564878997932628,0.0376585998621752
SPY_morning_0930_1115_BASELINE,fade,15,1.5,0.15,8223,0.03210507114191901,0.8034780493737079,0.1644168794843731,-0.07236410069317767,-0.4824273379545178
SPY_morning_0930_1115_BASELINE,fade,15,1.5,0.2,8223,0.03842879727593336,0.7413352790952207,0.22023592362884592,-0.09062385990514411,-0.45311929952572055
SPY_morning_0930_1115_BASELINE,fade,15,1.5,0.25,8223,0.043049981758482306,0.6798005594065426,0.27714945883497505,-0.1053751672139122,-0.4215006688556488
SPY_morning_0930_1115_BASELINE,fade,15,1.5,0.3,8223,0.04852243706676396,0.6228870242004134,0.32859053873282257,-0.1140824516599781,-0.3802748388665937
SPY_morning_0930_1115_BASELINE,fade,15,1.5,0.5,8223,0.062021160160525356,0.43281040982609753,0.5051684300133771,-0.12337346467226074,-0.24674692934452147
SPY_morning_0930_1115_BASELINE,fade,15,1.5,0.75,8223,0.07065547853581418,0.2776358993068223,0.6517086221573635,-0.10224370667639547,-0.13632494223519395
SPY_morning_0930_1115_BASELINE,fade,15,1.5,1.0,8223,0.07430378207466862,0.17742916210628723,0.7482670558190442,-0.06597348899428432,-0.06597348899428432
SPY_morning_0930_1115_BASELINE,fade,15,1.5,1.5,8223,0.07783047549556123,0.08074911832664478,0.841420406177794,-0.004377964246625319,-0.002918642831083546
SPY_morning_0930_1115_BASELINE,momentum,15,0.15,0.15,8223,0.450200656694637,0.5462726498844704,0.003526693420892618,-0.014410798978475008,-0.0960719931898334
SPY_morning_0930_1115_BASELINE,momentum,15,0.15,0.2,8223,0.5305849446673964,0.4613887875471239,0.008026267785479753,-0.012690015809315352,-0.06345007904657675
SPY_morning_0930_1115_BASELINE,momentum,15,0.15,0.25,8223,0.5889578012890673,0.3982731363249422,0.012769062385990515,-0.01122461388787548,-0.04489845555150192
SPY_morning_0930_1115_BASELINE,momentum,15,0.15,0.3,8223,0.6349264258786331,0.34598078560136203,0.019092788520004865,-0.008555271798613647,-0.028517572662045493
SPY_morning_0930_1115_BASELINE,momentum,15,0.15,0.5,8223,0.7311200291864283,0.21306092666909887,0.05581904414447282,0.0031375410434148067,0.006275082086829613
SPY_morning_0930_1115_BASELINE,momentum,15,0.15,0.75,8223,0.7789128055454214,0.12416393043901253,0.0969232640155661,0.023713973002553814,0.03161863067007175
SPY_morning_0930_1115_BASELINE,momentum,15,0.15,1.0,8223,0.792289918521221,0.0767359844339049,0.13097409704487414,0.04210750334427824,0.04210750334427824
SPY_morning_0930_1115_BASELINE,momentum,15,0.15,1.5,8223,0.802140338076128,0.03344278243949897,0.1644168794843731,0.07015687705217073,0.046771251368113824
SPY_morning_0930_1115_BASELINE,momentum,15,0.2,0.15,8223,0.4022862702176821,0.5895658518788763,0.008147877903441566,-0.007977623738295015,-0.0531841582553001
SPY_morning_0930_1115_BASELINE,momentum,15,0.2,0.2,8223,0.4756171713486562,0.5076006323726134,0.01678219627873039,-0.0063966922047914414,-0.0319834610239572
SPY_morning_0930_1115_BASELINE,momentum,15,0.2,0.25,8223,0.5283959625440837,0.44570108233004985,0.025902955125866472,-0.005746078073695732,-0.022984312294782927
SPY_morning_0930_1115_BASELINE,momentum,15,0.2,0.3,8223,0.5735133163079168,0.39219263042685154,0.03429405326523167,-0.002955125866472085,-0.00985041955490695
SPY_morning_0930_1115_BASELINE,momentum,15,0.2,0.5,8223,0.6686124285540557,0.2451659978110179,0.08622157363492643,0.011139486805302218,0.022278973610604436
SPY_morning_0930_1115_BASELINE,momentum,15,0.2,0.75,8223,0.7157971543232396,0.14495926061048278,0.13924358506627751,0.03443998540678585,0.04591998054238113
SPY_morning_0930_1115_BASELINE,momentum,15,0.2,1.0,8223,0.7295390976529247,0.09011309740970448,0.1803478049373708,0.05579472212088045,0.05579472212088045
SPY_morning_0930_1115_BASELINE,momentum,15,0.2,1.5,8223,0.740484008269488,0.03928006810166606,0.22023592362884592,0.0891766995013985,0.059451133000932334
SPY_morning_0930_1115_BASELINE,momentum,15,0.3,0.15,8223,0.3170375775264502,0.6618022619481941,0.02116016052535571,-0.004159066034294045,-0.027727106895293636
SPY_morning_0930_1115_BASELINE,momentum,15,0.3,0.2,8223,0.3788155174510519,0.5836069560987475,0.037577526450200655,-0.003076735984433913,-0.015383679922169564
SPY_morning_0930_1115_BASELINE,momentum,15,0.3,0.25,8223,0.4249057521585796,0.5212209655843366,0.053873282257083786,-0.0028335157485102707,-0.011334062994041083
SPY_morning_0930_1115_BASELINE,momentum,15,0.3,0.3,8223,0.46613158214763467,0.4655235315578256,0.0683448862945397,0.00018241517694272163,0.0006080505898090721
SPY_morning_0930_1115_BASELINE,momentum,15,0.3,0.5,8223,0.5512586647209048,0.30317402407880334,0.14556731120029187,0.013790587376869739,0.027581174753739477
SPY_morning_0930_1115_BASELINE,momentum,15,0.3,0.75,8223,0.596984069074547,0.18253678706068344,0.22047914386476955,0.04219263042685152,0.05625684056913536
SPY_morning_0930_1115_BASELINE,momentum,15,0.3,1.0,8223,0.6108476225221938,0.11334062994041104,0.2758117475373951,0.06991365681624709,0.06991365681624709
SPY_morning_0930_1115_BASELINE,momentum,15,0.3,1.5,8223,0.6222789736106044,0.049130487656573026,0.32859053873282257,0.11298796059832177,0.07532530706554784
SPY_morning_0930_1115_BASELINE,momentum,15,0.4,0.15,8223,0.26134014349993917,0.7021768211115165,0.036483035388544326,-0.0007904657667517937,-0.005269771778345292
SPY_morning_0930_1115_BASELINE,momentum,15,0.4,0.2,8223,0.31083546151039765,0.6278730390368479,0.06129149945275447,-0.0012404232032105127,-0.0062021160160525635
SPY_morning_0930_1115_BASELINE,momentum,15,0.4,0.25,8223,0.3501155296120637,0.5657302687583607,0.08415420162957558,-0.001386355344764668,-0.005545421379058672
SPY_morning_0930_1115_BASELINE,momentum,15,0.4,0.3,8223,0.38453119299525723,0.5088167335522316,0.10665207345251125,0.001167457132433435,0.003891523774778117
SPY_morning_0930_1115_BASELINE,momentum,15,0.4,0.5,8223,0.45737565365438404,0.3384409582877295,0.2041833880578864,0.013729782317888859,0.027459564635777717
SPY_morning_0930_1115_BASELINE,momentum,15,0.4,0.75,8223,0.4979934330536301,0.20710203088896997,0.29490453605739997,0.043870850054724554,0.05849446673963274
SPY_morning_0930_1115_BASELINE,momentum,15,0.4,1.0,8223,0.5125866472090478,0.12854189468563784,0.35887145810531434,0.07649276419798128,0.07649276419798128
SPY_morning_0930_1115_BASELINE,momentum,15,0.4,1.5,8223,0.5232883375896875,0.05715675544205278,0.41955490696825976,0.12358020187279582,0.08238680124853055
SPY_morning_0930_1115_BASELINE,momentum,15,0.5,0.15,8223,0.2100206737200535,0.7342818922534354,0.055697434026511006,-0.00513194697798856,-0.03421297985325707
SPY_morning_0930_1115_BASELINE,momentum,15,0.5,0.2,8223,0.2505168430013377,0.6616806518302323,0.08780250516843001,-0.007077708865377605,-0.035388544326888025
SPY_morning_0930_1115_BASELINE,momentum,15,0.5,0.25,8223,0.28225708378937125,0.5999027119056306,0.11784020430499817,-0.008847136081722,-0.035388544326888
SPY_morning_0930_1115_BASELINE,momentum,15,0.5,0.3,8223,0.3102274109205886,0.5408001945761888,0.14897239450322267,-0.007126352912562314,-0.023754509708541045
SPY_morning_0930_1115_BASELINE,momentum,15,0.5,0.5,8223,0.3721269609631521,0.36470874376748147,0.2631642952693664,0.00370910859783534,0.00741821719567068
SPY_morning_0930_1115_BASELINE,momentum,15,0.5,0.75,8223,0.4089748267055819,0.2249787182293567,0.3660464550650614,0.03575337468077344,0.04767116624103126
SPY_morning_0930_1115_BASELINE,momentum,15,0.5,1.0,8223,0.42210871944545786,0.14021646600997204,0.43767481454457013,0.07083789371275691,0.07083789371275691
SPY_morning_0930_1115_BASELINE,momentum,15,0.5,1.5,8223,0.43256718959017393,0.062264380396448986,0.5051684300133771,0.12288702420041347,0.08192468280027565
SPY_morning_0930_1115_BASELINE,momentum,15,0.75,0.15,8223,0.13000121610117962,0.7714945883497507,0.09850419554906968,-0.01822327617657788,-0.12148850784385254
SPY_morning_0930_1115_BASELINE,momentum,15,0.75,0.2,8223,0.1577283229964733,0.7002310592241274,0.14204061777939925,-0.021749969597470525,-0.10874984798735263
SPY_morning_0930_1115_BASELINE,momentum,15,0.75,0.25,8223,0.1752401799829746,0.6410069317767239,0.1837528882403016,-0.028821597956950017,-0.11528639182780007
SPY_morning_0930_1115_BASELINE,momentum,15,0.75,0.3,8223,0.1938465280311322,0.5826340751550529,0.2235193968138149,-0.02940532652316672,-0.09801775507722241
SPY_morning_0930_1115_BASELINE,momentum,15,0.75,0.5,8223,0.23288337589687463,0.399732457740484,0.3673841663626414,-0.02520369694758604,-0.05040739389517208
SPY_morning_0930_1115_BASELINE,momentum,15,0.75,0.75,8223,0.2591511613766265,0.24869269123191048,0.49215614739146296,0.00784385260853703,0.01045847014471604
SPY_morning_0930_1115_BASELINE,momentum,15,0.75,1.0,8223,0.2697312416393044,0.15748510276054967,0.5727836556001459,0.04481332846892862,0.04481332846892862
SPY_morning_0930_1115_BASELINE,momentum,15,0.75,1.5,8223,0.2775142891888605,0.070777088653776,0.6517086221573635,0.10197008391098139,0.06798005594065426
SPY_morning_0930_1115_BASELINE,momentum,15,1.0,0.15,8223,0.07941140702906482,0.7858445822692448,0.13474401070169037,-0.038465280311321896,-0.2564352020754793
SPY_morning_0930_1115_BASELINE,momentum,15,1.0,0.2,8223,0.09753131460537516,0.716891645384896,0.1855770400097288,-0.04584701447160404,-0.22923507235802018
SPY_morning_0930_1115_BASELINE,momentum,15,1.0,0.25,8223,0.10786817463212939,0.6591268393530342,0.23300498601483643,-0.05691353520612915,-0.2276541408245166
SPY_morning_0930_1115_BASELINE,momentum,15,1.0,0.3,8223,0.11942113583850177,0.6011188130852487,0.27946005107624955,-0.06091450808707283,-0.20304836029024276
SPY_morning_0930_1115_BASELINE,momentum,15,1.0,0.5,8223,0.14532409096436824,0.41578499331144353,0.43889091572418826,-0.06256840569135352,-0.12513681138270705
SPY_morning_0930_1115_BASELINE,momentum,15,1.0,0.75,8223,0.1635656086586404,0.261461753617901,0.5749726377234586,-0.032530706554785356,-0.043374275406380475
SPY_morning_0930_1115_BASELINE,momentum,15,1.0,1.0,8223,0.17147026632615833,0.16660586160768576,0.6619238720661559,0.004864404718472577,0.004864404718472577
SPY_morning_0930_1115_BASELINE,momentum,15,1.0,1.5,8223,0.17730755198832543,0.07442539219263043,0.7482670558190442,0.06566946369937979,0.04377964246625319
SPY_morning_0930_1115_BASELINE,momentum,15,1.5,0.15,8223,0.03599659491669707,0.7954517815882282,0.1685516234950748,-0.06532287486318862,-0.4354858324212575
SPY_morning_0930_1115_BASELINE,momentum,15,1.5,0.2,8223,0.04244193116867323,0.7282013863553448,0.229356682475982,-0.08197738051805913,-0.4098869025902956
SPY_morning_0930_1115_BASELINE,momentum,15,1.5,0.25,8223,0.047549556123069436,0.6706798005594066,0.281770643317524,-0.09634561595524747,-0.3853824638209899
SPY_morning_0930_1115_BASELINE,momentum,15,1.5,0.3,8223,0.052049130487656574,0.6141310957071628,0.3338197738051806,-0.10616563298066399,-0.35388544326888
SPY_morning_0930_1115_BASELINE,momentum,15,1.5,0.5,8223,0.06421014228383802,0.42697312416393046,0.5088167335522316,-0.1171713486562082,-0.2343426973124164
SPY_morning_0930_1115_BASELINE,momentum,15,1.5,0.75,8223,0.07345251124893591,0.2709473428189225,0.6556001459321416,-0.09303174024078803,-0.12404232032105071
SPY_morning_0930_1115_BASELINE,momentum,15,1.5,1.0,8223,0.07783047549556123,0.17414568892131826,0.7480238355831205,-0.05739997567797641,-0.05739997567797641
SPY_morning_0930_1115_BASELINE,momentum,15,1.5,1.5,8223,0.08062750820868296,0.07795208561352304,0.841420406177794,0.004013133892739876,0.0026754225951599177
SPY_rth_0930_1600_BASELINE,fade,15,0.15,0.15,31591,0.46187205216675636,0.5320502674812446,0.0060776803519989875,-0.010526732297173236,-0.07017821531448824
SPY_rth_0930_1600_BASELINE,fade,15,0.15,0.2,31591,0.5391408945585768,0.4465512329460922,0.014307872495330949,-0.008439112405431938,-0.04219556202715969
SPY_rth_0930_1600_BASELINE,fade,15,0.15,0.25,31591,0.589883194580735,0.3847614827007692,0.025355322718495773,-0.0077078914880820484,-0.030831565952328194
SPY_rth_0930_1600_BASELINE,fade,15,0.15,0.3,31591,0.6293881168687284,0.3312019245987781,0.03940995853249343,-0.004952359849324183,-0.016507866164413944
SPY_rth_0930_1600_BASELINE,fade,15,0.15,0.5,31591,0.7061188313127157,0.19318793327213446,0.10069323541514988,0.009323858060840105,0.01864771612168021
SPY_rth_0930_1600_BASELINE,fade,15,0.15,0.75,31591,0.7387230540343769,0.10423854895381596,0.15703839701180716,0.03262954638979455,0.043506061853059406
SPY_rth_0930_1600_BASELINE,fade,15,0.15,1.0,31591,0.7489474850432085,0.06340413408882277,0.18764838086796873,0.048937988667658514,0.048937988667658514
SPY_rth_0930_1600_BASELINE,fade,15,0.15,1.5,31591,0.7556899116837074,0.02522870437782913,0.2190813839384635,0.07551043018581241,0.05034028679054161
SPY_rth_0930_1600_BASELINE,fade,15,0.2,0.15,31591,0.4003355386027666,0.5857047893387357,0.013959672058497673,-0.0077886106802570266,-0.05192407120171351
SPY_rth_0930_1600_BASELINE,fade,15,0.2,0.2,31591,0.47016555348042166,0.5011870469437498,0.02864739957582856,-0.006204298692665633,-0.03102149346332816
SPY_rth_0930_1600_BASELINE,fade,15,0.2,0.25,31591,0.5173308853787472,0.43705485739609384,0.04561425722515906,-0.0057975372732740225,-0.02319014909309609
SPY_rth_0930_1600_BASELINE,fade,15,0.2,0.3,31591,0.5546199867050742,0.3796017853186034,0.06577822797632236,-0.0029565382545661623,-0.009855127515220542
SPY_rth_0930_1600_BASELINE,fade,15,0.2,0.5,31591,0.6279636605362287,0.22655186603779556,0.14548447342597576,0.012316799088347959,0.024633598176695918
SPY_rth_0930_1600_BASELINE,fade,15,0.2,0.75,31591,0.6604096103320566,0.12300971795764616,0.21658067171029724,0.03982463359817671,0.05309951146423561
SPY_rth_0930_1600_BASELINE,fade,15,0.2,1.0,31591,0.6715520243107214,0.0751796397708208,0.25326833591845777,0.05913076509132348,0.05913076509132348
SPY_rth_0930_1600_BASELINE,fade,15,0.2,1.5,31591,0.6784527238770536,0.030293438004494952,0.29125383811845146,0.0902503877686683,0.0601669251791122
SPY_rth_0930_1600_BASELINE,fade,15,0.3,0.15,31591,0.30771422240511537,0.6552499129498908,0.037035864644993824,-0.005973220220949013,-0.03982146813966009
SPY_rth_0930_1600_BASELINE,fade,15,0.3,0.2,31591,0.3639960748314393,0.5707321705549049,0.0652717546136558,-0.004947611661549181,-0.024738058307745905
SPY_rth_0930_1600_BASELINE,fade,15,0.3,0.25,31591,0.40397581589693266,0.5030546674685829,0.09296951663448451,-0.004570922098065908,-0.01828368839226363
SPY_rth_0930_1600_BASELINE,fade,15,0.3,0.3,31591,0.434047671805261,0.4416447722452597,0.12430755594947929,-0.0022791301319996203,-0.007597100439998734
SPY_rth_0930_1600_BASELINE,fade,15,0.3,0.5,31591,0.4984964072045836,0.268019372606122,0.2334842201892944,0.015539235858314066,0.03107847171662813
SPY_rth_0930_1600_BASELINE,fade,15,0.3,0.75,31591,0.5290430818904118,0.14861827735747524,0.32233864075211294,0.04724921654901711,0.06299895539868948
SPY_rth_0930_1600_BASELINE,fade,15,0.3,1.0,31591,0.5401221866987433,0.0901839131398183,0.3696939001614384,0.07185274286980468,0.07185274286980468
SPY_rth_0930_1600_BASELINE,fade,15,0.3,1.5,31591,0.5474660504574087,0.036276154600993954,0.4162577949415973,0.1098255832357317,0.0732170554904878
SPY_rth_0930_1600_BASELINE,fade,15,0.4,0.15,31591,0.23671298787629388,0.6955145452818841,0.06777246684182203,-0.009641986641765042,-0.06427991094510029
SPY_rth_0930_1600_BASELINE,fade,15,0.4,0.2,31591,0.27998480579912,0.6123262954638979,0.10768889873698205,-0.010471336773131595,-0.05235668386565797
SPY_rth_0930_1600_BASELINE,fade,15,0.4,0.25,31591,0.3111329176031148,0.543794118578076,0.14507296381880916,-0.011495362603273072,-0.04598145041309229
SPY_rth_0930_1600_BASELINE,fade,15,0.4,0.3,31591,0.33642493115127725,0.4795353106897534,0.18403975815896934,-0.009290620746415118,-0.03096873582138373
SPY_rth_0930_1600_BASELINE,fade,15,0.4,0.5,31591,0.3919154189484347,0.29451426039061757,0.31357032066094775,0.009509037384065099,0.019018074768130198
SPY_rth_0930_1600_BASELINE,fade,15,0.4,0.75,31591,0.41901174385109685,0.1655534804216391,0.4154347757272641,0.04343958722420943,0.05791944963227924
SPY_rth_0930_1600_BASELINE,fade,15,0.4,1.0,31591,0.42948941154126175,0.10028172580798328,0.470228862650755,0.07151403880852143,0.07151403880852143
SPY_rth_0930_1600_BASELINE,fade,15,0.4,1.5,31591,0.4365800386185939,0.04146750656832642,0.5219524548130797,0.11243075559494793,0.07495383706329863
SPY_rth_0930_1600_BASELINE,fade,15,0.5,0.15,31591,0.1816656642714697,0.7195720300085467,0.09876230571998354,-0.017102972365547142,-0.11401981577031428
SPY_rth_0930_1600_BASELINE,fade,15,0.5,0.2,31591,0.2155360703997974,0.6373334177455604,0.14713051185464215,-0.01969864834921339,-0.09849324174606694
SPY_rth_0930_1600_BASELINE,fade,15,0.5,0.25,31591,0.2403849197556266,0.5690544775410719,0.19056060270330158,-0.022071159507454655,-0.08828463802981862
SPY_rth_0930_1600_BASELINE,fade,15,0.5,0.3,31591,0.2609920546991232,0.5034978316609161,0.23551011363996074,-0.020553322148713245,-0.06851107382904416
SPY_rth_0930_1600_BASELINE,fade,15,0.5,0.5,31591,0.3071760944572821,0.31243075559494793,0.38039314994776996,-0.0026273305688328955,-0.005254661137665791
SPY_rth_0930_1600_BASELINE,fade,15,0.5,0.75,31591,0.33094868791744486,0.1775189136146371,0.4915323984679181,0.03233515874774461,0.04311354499699282
SPY_rth_0930_1600_BASELINE,fade,15,0.5,1.0,31591,0.3404134088822766,0.1081320629293153,0.5514545281884081,0.06207464151182299,0.06207464151182299
SPY_rth_0930_1600_BASELINE,fade,15,0.5,1.5,31591,0.34693425342660883,0.04523440220315913,0.607831344370232,0.10561552340856573,0.07041034893904381
SPY_rth_0930_1600_BASELINE,fade,15,0.75,0.15,31591,0.09790763192048368,0.7455604444303757,0.1565319236491406,-0.038403342724193594,-0.2560222848279573
SPY_rth_0930_1600_BASELINE,fade,15,0.75,0.2,31591,0.11778671140514703,0.6649995251812225,0.21721376341363047,-0.044659871482384234,-0.22329935741192117
SPY_rth_0930_1600_BASELINE,fade,15,0.75,0.25,31591,0.13247443892247793,0.5971004399987339,0.27042512107878824,-0.04991928080782501,-0.19967712323130005
SPY_rth_0930_1600_BASELINE,fade,15,0.75,0.3,31591,0.14428159918964262,0.5306574657339116,0.32506093507644584,-0.0509860403279415,-0.169953467759805
SPY_rth_0930_1600_BASELINE,fade,15,0.75,0.5,31591,0.17334050837263779,0.33414580101927766,0.4925136906080846,-0.03706751923016049,-0.07413503846032098
SPY_rth_0930_1600_BASELINE,fade,15,0.75,0.75,31591,0.1895476559779684,0.1924282232281346,0.618024120793897,-0.0021604254376246398,-0.0028805672501661865
SPY_rth_0930_1600_BASELINE,fade,15,0.75,1.0,31591,0.1965116647146339,0.117976638916147,0.685511696369219,0.029407109619828432,0.029407109619828432
SPY_rth_0930_1600_BASELINE,fade,15,0.75,1.5,31591,0.20160805292646639,0.049412807445158434,0.7489791396283751,0.07708682852711216,0.05139121901807477
SPY_rth_0930_1600_BASELINE,fade,15,1.0,0.15,31591,0.0568199803741572,0.7540122186698743,0.18916780095596847,-0.056281852426323956,-0.37521234950882637
SPY_rth_0930_1600_BASELINE,fade,15,1.0,0.2,31591,0.06846886771548859,0.6741793548795543,0.2573517774049571,-0.06636700326042229,-0.33183501630211143
SPY_rth_0930_1600_BASELINE,fade,15,1.0,0.25,31591,0.0769839511253205,0.6066601247190656,0.3163559241556139,-0.07468108005444589,-0.29872432021778356
SPY_rth_0930_1600_BASELINE,fade,15,1.0,0.3,31591,0.08410623278781931,0.5401854958690766,0.375708271343104,-0.07794941597290367,-0.2598313865763456
SPY_rth_0930_1600_BASELINE,fade,15,1.0,0.5,31591,0.1025608559399829,0.34250261150327627,0.5549365325567408,-0.06869044981165522,-0.13738089962331043
SPY_rth_0930_1600_BASELINE,fade,15,1.0,0.75,31591,0.11326010572631445,0.19828432148396696,0.6884555727897186,-0.035453135386660756,-0.04727084718221434
SPY_rth_0930_1600_BASELINE,fade,15,1.0,1.0,31591,0.1186413852046469,0.1224082808394796,0.7589503339558735,-0.0037668956348327056,-0.0037668956348327056
SPY_rth_0930_1600_BASELINE,fade,15,1.0,1.5,31591,0.12237662625431293,0.051596973821658065,0.826026399924029,0.044981165521825836,0.029987443681217224
SPY_rth_0930_1600_BASELINE,fade,15,1.5,0.15,31591,0.021335190402329778,0.7592035706372068,0.21946123896046343,-0.08187774999208636,-0.545851666613909
SPY_rth_0930_1600_BASELINE,fade,15,1.5,0.2,31591,0.02595675983666234,0.6798138710392201,0.2942293691241176,-0.0970276344528505,-0.48513817226425243
SPY_rth_0930_1600_BASELINE,fade,15,1.5,0.25,31591,0.029312145864328447,0.6125478775600646,0.358139976575607,-0.10916875059352348,-0.4366750023740939
SPY_rth_0930_1600_BASELINE,fade,15,1.5,0.3,31591,0.03231933145516128,0.5460732487100757,0.4216074198347631,-0.11534297743028078,-0.38447659143426927
SPY_rth_0930_1600_BASELINE,fade,15,1.5,0.5,31591,0.04048621442815992,0.34810547307777534,0.6114083124940648,-0.11332341489664778,-0.22664682979329556
SPY_rth_0930_1600_BASELINE,fade,15,1.5,0.75,31591,0.045994112247159,0.2026526542369662,0.7513532335158748,-0.08299832230698617,-0.11066442974264823
SPY_rth_0930_1600_BASELINE,fade,15,1.5,1.0,31591,0.0486214428159919,0.12570035769681237,0.8256781994871957,-0.05276819347282454,-0.05276819347282454
SPY_rth_0930_1600_BASELINE,fade,15,1.5,1.5,31591,0.05052071792599158,0.0536228672723244,0.895856414801684,-0.004653224019499224,-0.0031021493463328164
SPY_rth_0930_1600_BASELINE,momentum,15,0.15,0.15,31591,0.4685511696369219,0.5253711500110791,0.0060776803519989875,-0.008522997056123579,-0.0568199803741572
SPY_rth_0930_1600_BASELINE,momentum,15,0.15,0.2,31591,0.5418948434680764,0.444145484473426,0.013959672058497673,-0.007544870374473754,-0.037724351872368764
SPY_rth_0930_1600_BASELINE,momentum,15,0.15,0.25,31591,0.5945364186002342,0.38121616916210316,0.024247412237662625,-0.006123579500490655,-0.02449431800196262
SPY_rth_0930_1600_BASELINE,momentum,15,0.15,0.3,31591,0.6306543002753949,0.33230983507961126,0.037035864644993824,-0.0050948054825741594,-0.016982684941913864
SPY_rth_0930_1600_BASELINE,momentum,15,0.15,0.5,31591,0.7097907631920484,0.1914469310879681,0.09876230571998354,0.010745148934823203,0.021490297869646405
SPY_rth_0930_1600_BASELINE,momentum,15,0.15,0.75,31591,0.7415719666993764,0.10189610965148302,0.1565319236491406,0.03481371276629419,0.04641828368839226
SPY_rth_0930_1600_BASELINE,momentum,15,0.15,1.0,31591,0.751891361463708,0.05894083758032351,0.18916780095596847,0.053842866639232684,0.053842866639232684
SPY_rth_0930_1600_BASELINE,momentum,15,0.15,1.5,31591,0.7583805514228736,0.022158209616662972,0.21946123896046343,0.08051976828843657,0.05367984552562438
SPY_rth_0930_1600_BASELINE,momentum,15,0.2,0.15,31591,0.40293121458643283,0.5827609129182362,0.014307872495330949,-0.006827894020448856,-0.04551929346965904
SPY_rth_0930_1600_BASELINE,momentum,15,0.2,0.2,31591,0.46994397138425503,0.5014086290399165,0.02864739957582856,-0.006292931531132276,-0.03146465765566138
SPY_rth_0930_1600_BASELINE,momentum,15,0.2,0.25,31591,0.5182488683485803,0.435820328574594,0.04593080307682568,-0.005305308473932446,-0.021221233895729785
SPY_rth_0930_1600_BASELINE,momentum,15,0.2,0.3,31591,0.5528473299357411,0.38188091545060304,0.0652717546136558,-0.003994808648032662,-0.013316028826775541
SPY_rth_0930_1600_BASELINE,momentum,15,0.2,0.5,31591,0.6297363173055617,0.22313317083979614,0.14713051185464215,0.014380678041214276,0.028761356082428552
SPY_rth_0930_1600_BASELINE,momentum,15,0.2,0.75,31591,0.6616124845683897,0.12117375201797981,0.21721376341363047,0.04144218290019309,0.05525624386692412
SPY_rth_0930_1600_BASELINE,momentum,15,0.2,1.0,31591,0.6722167705992212,0.0704314519958216,0.2573517774049571,0.06401190212402266,0.06401190212402266
SPY_rth_0930_1600_BASELINE,momentum,15,0.2,1.5,31591,0.6789275426545535,0.02684308822132886,0.2942293691241176,0.09552087619891743,0.06368058413261161
SPY_rth_0930_1600_BASELINE,momentum,15,0.3,0.15,31591,0.307935804501282,0.6526542369662246,0.03940995853249343,-0.005517394194549071,-0.036782627963660476
SPY_rth_0930_1600_BASELINE,momentum,15,0.3,0.2,31591,0.3622234180621063,0.5719983539615713,0.06577822797632236,-0.005732645373682375,-0.028663226868411874
SPY_rth_0930_1600_BASELINE,momentum,15,0.3,0.25,31591,0.4020132316165997,0.5034028679054161,0.09458390047798423,-0.005246747491374126,-0.020986989965496503
SPY_rth_0930_1600_BASELINE,momentum,15,0.3,0.3,31591,0.4308505587034282,0.4448418853470925,0.12430755594947929,-0.0041973979930992975,-0.013991326643664325
SPY_rth_0930_1600_BASELINE,momentum,15,0.3,0.5,31591,0.4983697888639169,0.2661200974961223,0.23551011363996074,0.016450887911113918,0.032901775822227836
SPY_rth_0930_1600_BASELINE,momentum,15,0.3,0.75,31591,0.5284099901870786,0.14652907473647558,0.32506093507644584,0.04862619100376688,0.06483492133835585
SPY_rth_0930_1600_BASELINE,momentum,15,0.3,1.0,31591,0.5386660757810768,0.08562565287581907,0.375708271343104,0.07597416985850398,0.07597416985850398
SPY_rth_0930_1600_BASELINE,momentum,15,0.3,1.5,31591,0.5455034661770758,0.03288911398816118,0.4216074198347631,0.11431736887088094,0.07621157924725395
SPY_rth_0930_1600_BASELINE,momentum,15,0.4,0.15,31591,0.23674464246146054,0.6923490867652179,0.07090627077332151,-0.009154506030198455,-0.061030040201323035
SPY_rth_0930_1600_BASELINE,momentum,15,0.4,0.2,31591,0.28115602545028645,0.6120414041973979,0.10680257035231554,-0.009945870659365003,-0.04972935329682501
SPY_rth_0930_1600_BASELINE,momentum,15,0.4,0.25,31591,0.31290557437244787,0.5424013168307429,0.14469310879680922,-0.010438099458706593,-0.04175239783482637
SPY_rth_0930_1600_BASELINE,momentum,15,0.4,0.3,31591,0.3352220569149441,0.4810547307777532,0.1837232123073027,-0.010227596467348278,-0.03409198822449426
SPY_rth_0930_1600_BASELINE,momentum,15,0.4,0.5,31591,0.39169383685226805,0.29201354816245134,0.3162926149852806,0.010670760659681566,0.021341521319363132
SPY_rth_0930_1600_BASELINE,momentum,15,0.4,0.75,31591,0.4183153429774303,0.1623247127346396,0.4193599442879301,0.045582602639992406,0.060776803519989875
SPY_rth_0930_1600_BASELINE,momentum,15,0.4,1.0,31591,0.427969991453262,0.09566015637365072,0.47636985217308725,0.07552784020765407,0.07552784020765407
SPY_rth_0930_1600_BASELINE,momentum,15,0.4,1.5,31591,0.4348390364344275,0.03744737425216042,0.5277135893134121,0.11776455319553038,0.07850970213035359
SPY_rth_0930_1600_BASELINE,momentum,15,0.5,0.15,31591,0.18362824855180274,0.7156785160330474,0.10069323541514988,-0.01553765312905574,-0.10358435419370494
SPY_rth_0930_1600_BASELINE,momentum,15,0.5,0.2,31591,0.21904972935329683,0.6354657972207274,0.14548447342597576,-0.01756829476749707,-0.08784147383748535
SPY_rth_0930_1600_BASELINE,momentum,15,0.5,0.25,31591,0.24487987084929252,0.5655724731727391,0.1895476559779684,-0.018953182868538507,-0.07581273147415403
SPY_rth_0930_1600_BASELINE,momentum,15,0.5,0.3,31591,0.26308125732012283,0.5034345224905827,0.2334842201892944,-0.01948972808711341,-0.06496576029037804
SPY_rth_0930_1600_BASELINE,momentum,15,0.5,0.5,31591,0.3097717704409484,0.3098350796112817,0.38039314994776996,-3.165458516666139e-05,-6.330917033332278e-05
SPY_rth_0930_1600_BASELINE,momentum,15,0.5,0.75,31591,0.33291127219777783,0.17457503719413758,0.4925136906080846,0.03552435820328575,0.04736581093771433
SPY_rth_0930_1600_BASELINE,momentum,15,0.5,1.0,31591,0.3415529739482764,0.10351049349498274,0.5549365325567408,0.06726599347915546,0.06726599347915546
SPY_rth_0930_1600_BASELINE,momentum,15,0.5,1.5,31591,0.3476306543002754,0.04096103320565984,0.6114083124940648,0.11237377734164794,0.07491585156109863
SPY_rth_0930_1600_BASELINE,momentum,15,0.75,0.15,31591,0.10002848912665,0.7429331138615428,0.15703839701180716,-0.03641860023424393,-0.2427906682282929
SPY_rth_0930_1600_BASELINE,momentum,15,0.75,0.2,31591,0.1196226773448134,0.6637966509448894,0.21658067171029724,-0.043042322180367826,-0.21521161090183913
SPY_rth_0930_1600_BASELINE,momentum,15,0.75,0.25,31591,0.13538666075781078,0.5951695103035675,0.26944382893862173,-0.04725238200753379,-0.18900952803013515
SPY_rth_0930_1600_BASELINE,momentum,15,0.75,0.3,31591,0.14592763761830901,0.531733721629578,0.32233864075211294,-0.05007438827514164,-0.16691462758380549
SPY_rth_0930_1600_BASELINE,momentum,15,0.75,0.5,31591,0.1758728751859707,0.33259472634611126,0.4915323984679181,-0.0343927067835776,-0.0687854135671552
SPY_rth_0930_1600_BASELINE,momentum,15,0.75,0.75,31591,0.19154189484346806,0.19043398436263492,0.618024120793897,0.0008309328606248615,0.0011079104808331486
SPY_rth_0930_1600_BASELINE,momentum,15,0.75,1.0,31591,0.1976828843658004,0.11386154284448102,0.6884555727897186,0.034400620429869265,0.034400620429869265
SPY_rth_0930_1600_BASELINE,momentum,15,0.75,1.5,31591,0.2022727992149663,0.04637396726915894,0.7513532335158748,0.0821436485074863,0.0547624323383242
SPY_rth_0930_1600_BASELINE,momentum,15,1.0,0.15,31591,0.06071349434965655,0.7516381247823747,0.18764838086796873,-0.052032224367699664,-0.34688149578466443
SPY_rth_0930_1600_BASELINE,momentum,15,1.0,0.2,31591,0.07299547339432116,0.673736190687221,0.25326833591845777,-0.06175176474312305,-0.30875882371561525
SPY_rth_0930_1600_BASELINE,momentum,15,1.0,0.25,31591,0.08176379348548637,0.6057104871640657,0.31252571935044793,-0.06966382830553006,-0.2786553132221202
SPY_rth_0930_1600_BASELINE,momentum,15,1.0,0.3,31591,0.08812636510398532,0.5421797347345763,0.3696939001614384,-0.07452755531638756,-0.24842518438795855
SPY_rth_0930_1600_BASELINE,momentum,15,1.0,0.5,31591,0.10689753410781552,0.3416479377037764,0.5514545281884081,-0.06392643474407268,-0.12785286948814537
SPY_rth_0930_1600_BASELINE,momentum,15,1.0,0.75,31591,0.11737520179798044,0.19711310183280048,0.685511696369219,-0.030459624576619923,-0.040612832768826566
SPY_rth_0930_1600_BASELINE,momentum,15,1.0,1.0,31591,0.12206008040264632,0.11898958564148017,0.7589503339558735,0.003070494761166155,0.003070494761166155
SPY_rth_0930_1600_BASELINE,momentum,15,1.0,1.5,31591,0.12544712101547909,0.048874679497325185,0.8256781994871957,0.052135101769491314,0.03475673451299421
SPY_rth_0930_1600_BASELINE,momentum,15,1.5,0.15,31591,0.024057484726662658,0.7568611313348739,0.2190813839384635,-0.0774429426102371,-0.5162862840682474
SPY_rth_0930_1600_BASELINE,momentum,15,1.5,0.2,31591,0.029280491279161786,0.6794656706023867,0.29125383811845146,-0.09197239720173467,-0.45986198600867334
SPY_rth_0930_1600_BASELINE,momentum,15,1.5,0.25,31591,0.032794150232661204,0.611851476686398,0.35535437308094076,-0.1037716438226077,-0.4150865752904308
SPY_rth_0930_1600_BASELINE,momentum,15,1.5,0.3,31591,0.035389826216327434,0.5483523788420753,0.4162577949415973,-0.11142097432813142,-0.3714032477604381
SPY_rth_0930_1600_BASELINE,momentum,15,1.5,0.5,31591,0.04463296508499256,0.3475356905447754,0.607831344370232,-0.10681839764489887,-0.21363679528979773
SPY_rth_0930_1600_BASELINE,momentum,15,1.5,0.75,31591,0.049064607008325156,0.20195625336329967,0.7489791396283751,-0.07787027950998703,-0.10382703934664937
SPY_rth_0930_1600_BASELINE,momentum,15,1.5,1.0,31591,0.0514070463106581,0.1225665537653129,0.826026399924029,-0.045455984299325757,-0.045455984299325757
SPY_rth_0930_1600_BASELINE,momentum,15,1.5,1.5,31591,0.05346459434649109,0.05067899085182489,0.895856414801684,0.004178405241999304,0.0027856034946662027
QQQ_morning_0930_1115_BASELINE,fade,15,0.15,0.15,8579,0.41729805338617554,0.5807203636787505,0.0019815829350740177,-0.02451334654388623,-0.16342231029257487
QQQ_morning_0930_1115_BASELINE,fade,15,0.15,0.2,8579,0.5048373936356219,0.49248164121692506,0.002680965147453083,-0.022770719198041734,-0.11385359599020867
QQQ_morning_0930_1115_BASELINE,fade,15,0.15,0.25,8579,0.5661499009208533,0.4283716050821774,0.005478493996969344,-0.02217041613241637,-0.08868166452966549
QQQ_morning_0930_1115_BASELINE,fade,15,0.15,0.3,8579,0.6229164238256207,0.3699731903485255,0.007110385825853829,-0.017554493530714525,-0.058514978435715084
QQQ_morning_0930_1115_BASELINE,fade,15,0.15,0.5,8579,0.7395966895908614,0.23813964331507168,0.022263667094066908,-0.008130318218906632,-0.016260636437813263
QQQ_morning_0930_1115_BASELINE,fade,15,0.15,0.75,8579,0.7976454132183238,0.14920153864086724,0.05315304814080895,0.007745658002098152,0.010327544002797536
QQQ_morning_0930_1115_BASELINE,fade,15,0.15,1.0,8579,0.8203753351206434,0.09931227415782726,0.08031239072152932,0.023744026110269267,0.023744026110269267
QQQ_morning_0930_1115_BASELINE,fade,15,0.15,1.5,8579,0.8362279986012355,0.045809534910828766,0.11796246648793565,0.05671989742394217,0.03781326494929478
QQQ_morning_0930_1115_BASELINE,fade,15,0.2,0.15,8579,0.37859890430120063,0.617204802424525,0.004196293274274391,-0.016860939503438626,-0.11240626335625752
QQQ_morning_0930_1115_BASELINE,fade,15,0.2,0.2,8579,0.4579787854062245,0.535726774682364,0.006294439911411587,-0.01554959785522788,-0.07774798927613939
QQQ_morning_0930_1115_BASELINE,fade,15,0.2,0.25,8579,0.5162606364378133,0.4732486303765008,0.010490733185685977,-0.015060030306562529,-0.060240121226250117
QQQ_morning_0930_1115_BASELINE,fade,15,0.2,0.3,8579,0.5697633756848117,0.41601585266348057,0.014220771651707658,-0.01085208066208183,-0.03617360220693944
QQQ_morning_0930_1115_BASELINE,fade,15,0.2,0.5,8579,0.6831798577922835,0.2796363212495629,0.03718382095815363,-0.003182189066324741,-0.006364378132649482
QQQ_morning_0930_1115_BASELINE,fade,15,0.2,0.75,8579,0.74064576290943,0.1820725026226833,0.0772817344678867,0.01157477561487355,0.015433034153164734
QQQ_morning_0930_1115_BASELINE,fade,15,0.2,1.0,8579,0.7660566499592028,0.12262501457046276,0.11131833547033454,0.030586315421377793,0.030586315421377793
QQQ_morning_0930_1115_BASELINE,fade,15,0.2,1.5,8579,0.7836577689707425,0.05711621401095699,0.1592260170183005,0.07105723277771303,0.047371488518475356
QQQ_morning_0930_1115_BASELINE,fade,15,0.3,0.15,8579,0.31413917706026345,0.6767688541788087,0.009091968760927847,-0.007273575008742275,-0.04849050005828184
QQQ_morning_0930_1115_BASELINE,fade,15,0.3,0.2,8579,0.38139643315071686,0.6051987411120178,0.013404825737265416,-0.0066208182771885045,-0.03310409138594252
QQQ_morning_0930_1115_BASELINE,fade,15,0.3,0.25,8579,0.43536542720596805,0.5430702879123441,0.021564284881687844,-0.005157943816295606,-0.020631775265182423
QQQ_morning_0930_1115_BASELINE,fade,15,0.3,0.3,8579,0.4802424525002914,0.4891012938570929,0.03065625364261569,-0.0026576524070404425,-0.008858841356801475
QQQ_morning_0930_1115_BASELINE,fade,15,0.3,0.5,8579,0.5853829117612775,0.3471267047441427,0.06749038349457978,0.0020515211563119137,0.004103042312623827
QQQ_morning_0930_1115_BASELINE,fade,15,0.3,0.75,8579,0.6436647627928663,0.22986362046858608,0.12647161673854762,0.020701713486420317,0.027602284648560422
QQQ_morning_0930_1115_BASELINE,fade,15,0.3,1.0,8579,0.6702412868632708,0.15421377782958387,0.17554493530714535,0.046858608229397365,0.046858608229397365
QQQ_morning_0930_1115_BASELINE,fade,15,0.3,1.5,8579,0.6880755332789369,0.07460076932043362,0.23732369740062945,0.09452150600303064,0.06301433733535376
QQQ_morning_0930_1115_BASELINE,fade,15,0.4,0.15,8579,0.2657652407040448,0.7174495861988577,0.016785173097097563,-0.0013113416482107472,-0.008742277654738315
QQQ_morning_0930_1115_BASELINE,fade,15,0.4,0.2,8579,0.3198507984613591,0.6555542604033104,0.024594941135330457,-0.0031705326961184075,-0.015852663480592038
QQQ_morning_0930_1115_BASELINE,fade,15,0.4,0.25,8579,0.36682597039281967,0.5975055367758481,0.035668492831332325,-0.0026459960368341085,-0.010583984147336434
QQQ_morning_0930_1115_BASELINE,fade,15,0.4,0.3,8579,0.40832264832731086,0.5427205968061546,0.048956754866534564,0.0005128802890779918,0.001709600963593306
QQQ_morning_0930_1115_BASELINE,fade,15,0.4,0.5,8579,0.5020398647861056,0.395267513696235,0.1026926215176594,0.0031821890663247675,0.006364378132649535
QQQ_morning_0930_1115_BASELINE,fade,15,0.4,0.75,8579,0.5579904417764309,0.26413334887516027,0.1778762093484089,0.025096165054202143,0.033461553405602855
QQQ_morning_0930_1115_BASELINE,fade,15,0.4,1.0,8579,0.5839841473365194,0.17764308194428255,0.23837277071919805,0.05595057699032521,0.05595057699032521
QQQ_morning_0930_1115_BASELINE,fade,15,0.4,1.5,8579,0.6029840307728174,0.08520806620818278,0.3118079030189999,0.11338151299685281,0.07558767533123521
QQQ_morning_0930_1115_BASELINE,fade,15,0.5,0.15,8579,0.22438512647161674,0.7492714768621052,0.02634339666627812,-0.00019815829350739385,-0.0013210552900492923
QQQ_morning_0930_1115_BASELINE,fade,15,0.5,0.2,8579,0.27170998950926684,0.6902902436181373,0.037999766872595875,-0.002203053968994066,-0.01101526984497033
QQQ_morning_0930_1115_BASELINE,fade,15,0.5,0.25,8579,0.3118079030189999,0.6336402844154331,0.054551812565567084,-0.0025061195943583167,-0.010024478377433267
QQQ_morning_0930_1115_BASELINE,fade,15,0.5,0.3,8579,0.34829234176477447,0.5803706725725609,0.07133698566266465,3.496911061894796e-05,0.00011656370206315986
QQQ_morning_0930_1115_BASELINE,fade,15,0.5,0.5,8579,0.4282550413801142,0.42988693320899873,0.14185802541088705,-0.0008159459144422427,-0.0016318918288844855
QQQ_morning_0930_1115_BASELINE,fade,15,0.5,0.75,8579,0.47896025177759644,0.2898939270311225,0.23114582119128105,0.022059680615456347,0.02941290748727513
QQQ_morning_0930_1115_BASELINE,fade,15,0.5,1.0,8579,0.5034386292108637,0.19594358316820143,0.30061778762093483,0.05577573143723045,0.05577573143723045
QQQ_morning_0930_1115_BASELINE,fade,15,0.5,1.5,8579,0.521389439328593,0.0944165986711738,0.38419396200023315,0.11906982165753584,0.07937988110502389
QQQ_morning_0930_1115_BASELINE,fade,15,0.75,0.15,8579,0.14815246532229864,0.795197575474997,0.05664995920270428,-0.00816528732952558,-0.05443524886350387
QQQ_morning_0930_1115_BASELINE,fade,15,0.75,0.2,8579,0.18067373819792518,0.741345145121809,0.07798111668026576,-0.01276372537591794,-0.0638186268795897
QQQ_morning_0930_1115_BASELINE,fade,15,0.75,0.25,8579,0.20806620818277188,0.6894742977036951,0.10245949411353304,-0.016318918288844853,-0.06527567315537941
QQQ_morning_0930_1115_BASELINE,fade,15,0.75,0.3,8579,0.2348758596573027,0.6373703228814547,0.12775381746124256,-0.01505420212145936,-0.05018067373819787
QQQ_morning_0930_1115_BASELINE,fade,15,0.75,0.5,8579,0.2919920736682597,0.48199090803123906,0.22601701830050122,-0.022001398764424758,-0.044002797528849516
QQQ_morning_0930_1115_BASELINE,fade,15,0.75,0.75,8579,0.3274274390954657,0.33139060496561373,0.34118195593892064,-0.002972374402611027,-0.0039631658701480355
QQQ_morning_0930_1115_BASELINE,fade,15,0.75,1.0,8579,0.34584450402144773,0.22496794498193262,0.42918755099661965,0.03441543303415316,0.03441543303415316
QQQ_morning_0930_1115_BASELINE,fade,15,0.75,1.5,8579,0.36053153048140807,0.10910362513113417,0.5303648443874578,0.10674321016435483,0.07116214010956988
QQQ_morning_0930_1115_BASELINE,fade,15,1.0,0.15,8579,0.09791350973306913,0.8158293507401795,0.08625713952675138,-0.024460892877957795,-0.1630726191863853
QQQ_morning_0930_1115_BASELINE,fade,15,1.0,0.2,8579,0.12052686793332557,0.7640750670241286,0.11539806504254575,-0.032288145471500176,-0.16144072735750087
QQQ_morning_0930_1115_BASELINE,fade,15,1.0,0.25,8579,0.1405758246881921,0.7126704744142675,0.1467537008975405,-0.037591793915374754,-0.15036717566149901
QQQ_morning_0930_1115_BASELINE,fade,15,1.0,0.3,8579,0.1586431985079846,0.6612658818044062,0.1800909196876093,-0.0397365660333372,-0.132455220111124
QQQ_morning_0930_1115_BASELINE,fade,15,1.0,0.5,8579,0.19804172980533863,0.5054202121459378,0.29653805804872363,-0.05466837626763026,-0.10933675253526053
QQQ_morning_0930_1115_BASELINE,fade,15,1.0,0.75,8579,0.22321948945098496,0.35039048840191167,0.42639002214710336,-0.03957337685044877,-0.05276450246726502
QQQ_morning_0930_1115_BASELINE,fade,15,1.0,1.0,8579,0.23639118778412402,0.23988809884601936,0.5237207133698566,-0.003496911061895326,-0.003496911061895326
QQQ_morning_0930_1115_BASELINE,fade,15,1.0,1.5,8579,0.24863037650075767,0.1172630842755566,0.6341065392236858,0.07273575008742278,0.04849050005828185
QQQ_morning_0930_1115_BASELINE,fade,15,1.5,0.15,8579,0.04860706376034503,0.8281851031588763,0.12320783308077865,-0.05131716983331391,-0.3421144655554261
QQQ_morning_0930_1115_BASELINE,fade,15,1.5,0.2,8579,0.05851497843571512,0.7779461475696469,0.16353887399463807,-0.0678167618603567,-0.3390838093017835
QQQ_morning_0930_1115_BASELINE,fade,15,1.5,0.25,8579,0.06842289311108521,0.7284065741927963,0.20317053269611843,-0.07946730388157128,-0.3178692155262851
QQQ_morning_0930_1115_BASELINE,fade,15,1.5,0.3,8579,0.07751486187201305,0.6784007460076932,0.24408439212029373,-0.08724793099428838,-0.2908264366476279
QQQ_morning_0930_1115_BASELINE,fade,15,1.5,0.5,8579,0.09768038232894277,0.520690057116214,0.3816295605548432,-0.11382445506469285,-0.2276489101293857
QQQ_morning_0930_1115_BASELINE,fade,15,1.5,0.75,8579,0.11108520806620818,0.3635621867350507,0.5253526051987412,-0.10604382795197576,-0.14139177060263433
QQQ_morning_0930_1115_BASELINE,fade,15,1.5,1.0,8579,0.11901153980650425,0.24967944981932627,0.6313090103741695,-0.07116214010956988,-0.07116214010956988
QQQ_morning_0930_1115_BASELINE,fade,15,1.5,1.5,8579,0.12612192563235808,0.12285814197458911,0.7510199323930528,0.004895675486653456,0.0032637836577689705
QQQ_morning_0930_1115_BASELINE,momentum,15,0.15,0.15,8579,0.4052919920736683,0.5927264249912577,0.0019815829350740177,-0.028115164937638423,-0.1874344329175895
QQQ_morning_0930_1115_BASELINE,momentum,15,0.15,0.2,8579,0.49096631309010375,0.5048373936356219,0.004196293274274391,-0.027322531763608823,-0.1366126588180441
QQQ_morning_0930_1115_BASELINE,momentum,15,0.15,0.25,8579,0.5543769670124723,0.4394451567781793,0.006177876209348409,-0.026704744142673972,-0.10681897657069589
QQQ_morning_0930_1115_BASELINE,momentum,15,0.15,0.3,8579,0.6051987411120178,0.38570929012705446,0.009091968760927847,-0.02493297587131367,-0.08310991957104558
QQQ_morning_0930_1115_BASELINE,momentum,15,0.15,0.5,8579,0.7224618253875743,0.2511947779461476,0.02634339666627812,-0.017228115164937646,-0.03445623032987529
QQQ_morning_0930_1115_BASELINE,momentum,15,0.15,0.75,8579,0.784590278587248,0.15875976221004778,0.05664995920270428,-0.0013812798694486563,-0.0018417064925982083
QQQ_morning_0930_1115_BASELINE,momentum,15,0.15,1.0,8579,0.8117496211679683,0.10199323930528034,0.08625713952675138,0.0197692038699149,0.0197692038699149
QQQ_morning_0930_1115_BASELINE,momentum,15,0.15,1.5,8579,0.8269029024361814,0.04988926448303998,0.12320783308077865,0.04920153864086722,0.03280102576057815
QQQ_morning_0930_1115_BASELINE,momentum,15,0.2,0.15,8579,0.36740878890313555,0.6299102459494114,0.002680965147453083,-0.021004779111784583,-0.14003186074523055
QQQ_morning_0930_1115_BASELINE,momentum,15,0.2,0.2,8579,0.4449236507751486,0.5487819093134398,0.006294439911411587,-0.020771651707658226,-0.10385825853829113
QQQ_morning_0930_1115_BASELINE,momentum,15,0.2,0.25,8579,0.502972374402611,0.4877025294323348,0.009325096165054203,-0.021331157477561487,-0.08532462991024595
QQQ_morning_0930_1115_BASELINE,momentum,15,0.2,0.3,8579,0.5523953840773983,0.4341997901853363,0.013404825737265416,-0.01978086024012122,-0.06593620080040406
QQQ_morning_0930_1115_BASELINE,momentum,15,0.2,0.5,8579,0.6702412868632708,0.29175894626413335,0.037999766872595875,-0.01183121575941252,-0.02366243151882504
QQQ_morning_0930_1115_BASELINE,momentum,15,0.2,0.75,8579,0.732719431169134,0.18929945215060032,0.07798111668026576,0.004569297120876564,0.006092396161168752
QQQ_morning_0930_1115_BASELINE,momentum,15,0.2,1.0,8579,0.7609278470684229,0.12367408788903135,0.11539806504254575,0.02851148152465324,0.02851148152465324
QQQ_morning_0930_1115_BASELINE,momentum,15,0.2,1.5,8579,0.7767805105490151,0.05968061545634689,0.16353887399463807,0.06583517892528269,0.043890119283521795
QQQ_morning_0930_1115_BASELINE,momentum,15,0.3,0.15,8579,0.3032987527683879,0.6895908614057582,0.007110385825853829,-0.012449003380347354,-0.08299335586898236
QQQ_morning_0930_1115_BASELINE,momentum,15,0.3,0.2,8579,0.3667094066907565,0.6190698216575359,0.014220771651707658,-0.01380114232428023,-0.06900571162140115
QQQ_morning_0930_1115_BASELINE,momentum,15,0.3,0.25,8579,0.4164821074717333,0.5616039165403893,0.021913975987877376,-0.015456346893577355,-0.06182538757430942
QQQ_morning_0930_1115_BASELINE,momentum,15,0.3,0.3,8579,0.4599603683412985,0.5093833780160858,0.03065625364261569,-0.014826902902436186,-0.049423009674787285
QQQ_morning_0930_1115_BASELINE,momentum,15,0.3,0.5,8579,0.569297120876559,0.3593658934607763,0.07133698566266465,-0.00889381046742044,-0.01778762093484088
QQQ_morning_0930_1115_BASELINE,momentum,15,0.3,0.75,8579,0.6332905933092435,0.23895558922951393,0.12775381746124256,0.010770486070637587,0.01436064809418345
QQQ_morning_0930_1115_BASELINE,momentum,15,0.3,1.0,8579,0.659284298869332,0.16062478144305864,0.1800909196876093,0.03716050821774099,0.03716050821774099
QQQ_morning_0930_1115_BASELINE,momentum,15,0.3,1.5,8579,0.6773516726891247,0.07856393519058165,0.24408439212029373,0.0853595990208649,0.056906399347243265
QQQ_morning_0930_1115_BASELINE,momentum,15,0.4,0.15,8579,0.25492481641216924,0.7305047208299336,0.01457046275789719,-0.0076057815596223205,-0.05070521039748214
QQQ_morning_0930_1115_BASELINE,momentum,15,0.4,0.2,8579,0.30982632008392585,0.6646462291642382,0.02552745075183588,-0.00899871779927731,-0.04499358899638655
QQQ_morning_0930_1115_BASELINE,momentum,15,0.4,0.25,8579,0.35400396316587013,0.6098612891945449,0.03613474763958503,-0.010863737032288151,-0.043454948129152605
QQQ_morning_0930_1115_BASELINE,momentum,15,0.4,0.3,8579,0.39235342114465555,0.5596223336053153,0.04802424525002914,-0.010945331623732353,-0.03648443874577451
QQQ_morning_0930_1115_BASELINE,momentum,15,0.4,0.5,8579,0.4932975871313673,0.40121226250145703,0.10549015036717566,-0.003287096398181585,-0.00657419279636317
QQQ_morning_0930_1115_BASELINE,momentum,15,0.4,0.75,8579,0.5535610210980301,0.2697284065741928,0.17671057232777712,0.01912810350856745,0.025504138011423264
QQQ_morning_0930_1115_BASELINE,momentum,15,0.4,1.0,8579,0.5792050355519291,0.18347126704744143,0.23732369740062945,0.048210747173330244,0.048210747173330244
QQQ_morning_0930_1115_BASELINE,momentum,15,0.4,1.5,8579,0.5959902086490267,0.09115281501340483,0.3128569763375685,0.10166686093950345,0.0677779072930023
QQQ_morning_0930_1115_BASELINE,momentum,15,0.5,0.15,8579,0.21447721179624665,0.7632591211096864,0.022263667094066908,-0.007250262268329634,-0.048335081788864226
QQQ_morning_0930_1115_BASELINE,momentum,15,0.5,0.2,8579,0.2616855111318335,0.7011306679100128,0.03718382095815363,-0.00938337801608579,-0.04691689008042895
QQQ_morning_0930_1115_BASELINE,momentum,15,0.5,0.25,8579,0.3002680965147453,0.648677001981583,0.05105490150367176,-0.01203520223802308,-0.04814080895209232
QQQ_morning_0930_1115_BASELINE,momentum,15,0.5,0.3,8579,0.33535377083576173,0.5971558456696585,0.06749038349457978,-0.011469868283016653,-0.038232894276722176
QQQ_morning_0930_1115_BASELINE,momentum,15,0.5,0.5,8579,0.4240587481058398,0.43408322648327313,0.14185802541088705,-0.005012239188716633,-0.010024478377433267
QQQ_morning_0930_1115_BASELINE,momentum,15,0.5,0.75,8579,0.4794265065858492,0.29455647511364963,0.22601701830050122,0.018795896957687377,0.025061195943583168
QQQ_morning_0930_1115_BASELINE,momentum,15,0.5,1.0,8579,0.504254575125306,0.1992073668259704,0.29653805804872363,0.0529199207366826,0.0529199207366826
QQQ_morning_0930_1115_BASELINE,momentum,15,0.5,1.5,8579,0.519990674903835,0.09837976454132183,0.3816295605548432,0.11242569063993473,0.07495046042662315
QQQ_morning_0930_1115_BASELINE,momentum,15,0.75,0.15,8579,0.1401095698799394,0.8067373819792517,0.05315304814080895,-0.015928429886933194,-0.10618953257955463
QQQ_morning_0930_1115_BASELINE,momentum,15,0.75,0.2,8579,0.1748455530947663,0.747872712437347,0.0772817344678867,-0.01844037766639469,-0.09220188833197344
QQQ_morning_0930_1115_BASELINE,momentum,15,0.75,0.25,8579,0.20060613125072851,0.6982165753584334,0.1011772933908381,-0.024099545401561954,-0.09639818160624782
QQQ_morning_0930_1115_BASELINE,momentum,15,0.75,0.3,8579,0.2250845086839958,0.6484438745774566,0.12647161673854762,-0.025719780860240106,-0.08573260286746702
QQQ_morning_0930_1115_BASELINE,momentum,15,0.75,0.5,8579,0.28697983447954306,0.4818743443291759,0.23114582119128105,-0.025702296304930646,-0.05140459260986129
QQQ_morning_0930_1115_BASELINE,momentum,15,0.75,0.75,8579,0.3297587131367292,0.32905933092435014,0.34118195593892064,0.0005245366592842988,0.0006993822123790651
QQQ_morning_0930_1115_BASELINE,momentum,15,0.75,1.0,8579,0.34945797878540624,0.2241519990674904,0.42639002214710336,0.03794148502156428,0.03794148502156428
QQQ_morning_0930_1115_BASELINE,momentum,15,0.75,1.5,8579,0.36321249562886115,0.11143489917239771,0.5253526051987412,0.10525702296304931,0.07017134864203288
QQQ_morning_0930_1115_BASELINE,momentum,15,1.0,0.15,8579,0.09523254458561604,0.8244550646928547,0.08031239072152932,-0.028435715118312162,-0.18957143412208108
QQQ_morning_0930_1115_BASELINE,momentum,15,1.0,0.2,8579,0.11971092201888332,0.7689707425107821,0.11131833547033454,-0.03408322648327312,-0.17041613241636558
QQQ_morning_0930_1115_BASELINE,momentum,15,1.0,0.25,8579,0.13707891362629676,0.7208299335586899,0.14209115281501342,-0.04312856976337569,-0.17251427905350275
QQQ_morning_0930_1115_BASELINE,momentum,15,1.0,0.3,8579,0.15234875859657301,0.6721063060962816,0.17554493530714535,-0.049283133232311455,-0.16427711077437152
QQQ_morning_0930_1115_BASELINE,momentum,15,1.0,0.5,8579,0.19477794614756966,0.5046042662314955,0.30061778762093483,-0.05752418696817811,-0.11504837393635622
QQQ_morning_0930_1115_BASELINE,momentum,15,1.0,0.75,8579,0.2245016901736799,0.3463107588297004,0.42918755099661965,-0.035231378948595404,-0.04697517193146054
QQQ_morning_0930_1115_BASELINE,momentum,15,1.0,1.0,8579,0.23953840773982982,0.23674087889031356,0.5237207133698566,0.002797528849516261,0.002797528849516261
QQQ_morning_0930_1115_BASELINE,momentum,15,1.0,1.5,8579,0.24956288611726307,0.11912810350856744,0.6313090103741695,0.07087073085441194,0.04724715390294129
QQQ_morning_0930_1115_BASELINE,momentum,15,1.5,0.15,8579,0.04476046159226017,0.8372770719198042,0.11796246648793565,-0.05845086839958038,-0.3896724559972025
QQQ_morning_0930_1115_BASELINE,momentum,15,1.5,0.2,8579,0.05606714069238839,0.7847068422893111,0.1592260170183005,-0.07284065741927964,-0.3642032870963982
QQQ_morning_0930_1115_BASELINE,momentum,15,1.5,0.25,8579,0.06469285464506352,0.7365660333372188,0.19874111201771769,-0.0871022263667094,-0.3484089054668376
QQQ_morning_0930_1115_BASELINE,momentum,15,1.5,0.3,8579,0.07413451451218091,0.6885417880871897,0.23732369740062945,-0.09536076465788552,-0.3178692155262851
QQQ_morning_0930_1115_BASELINE,momentum,15,1.5,0.5,8579,0.09395034386292109,0.5218556941368457,0.38419396200023315,-0.12000233127404127,-0.24000466254808253
QQQ_morning_0930_1115_BASELINE,momentum,15,1.5,0.75,8579,0.10875393402494463,0.3608812215875976,0.5303648443874578,-0.10753001515328127,-0.14337335353770836
QQQ_morning_0930_1115_BASELINE,momentum,15,1.5,1.0,8579,0.11691339316936705,0.2489800676069472,0.6341065392236858,-0.07360997785289661,-0.07360997785289661
QQQ_morning_0930_1115_BASELINE,momentum,15,1.5,1.5,8579,0.12250845086839958,0.12647161673854762,0.7510199323930528,-0.005944748805222054,-0.0039631658701480355
